id,x0,x1,y
signal_0,10.347173590872,-0.130316205413,0
signal_1,21.930434824486,-0.253954442318,0
signal_2,-18.789482199241,0.179667273604,1
signal_3,-4.042990667253,0.732241188122,1
signal_4,7.587797811114,0.175870462141,1
signal_5,-4.020117825137,0.125511574375,1
signal_6,-8.038580628582,-0.156229694221,0
signal_7,-11.015044102089,-0.002798180870,0
signal_8,-1.697485371559,0.308329987210,1
signal_9,-17.905031618137,0.383015565392,1
signal_10,-6.386467070128,0.207541225309,1
signal_11,-5.591713600773,0.124684549860,1
signal_12,-8.340424104733,0.560372242013,1
signal_13,7.420169579713,-0.046978884049,0
signal_14,-5.368391702396,-0.072201317357,0
signal_15,-19.876811175524,-0.145260100719,0
signal_16,-1.005561261483,-0.270501581020,0
signal_17,2.840201732155,-0.197645639510,0
signal_18,13.330623196870,-0.405825705897,0
signal_19,-2.369942445865,0.311704347512,1
signal_20,0.892337564184,-0.187907290651,0
signal_21,-7.167208869625,0.861658606124,1
signal_22,2.555897434333,-0.727917007955,0
signal_23,-6.367963974410,-0.067346091229,0
signal_24,-2.514817745308,-0.007176223918,0
signal_25,-13.946441920768,-0.272030132541,0
signal_26,2.260753111880,0.135760587236,1
signal_27,-0.640169238971,-0.127963720460,0
signal_28,-14.163271056511,0.597704197877,1
signal_29,3.461165373619,-0.038894852967,0
signal_30,9.193637785385,-0.177572290074,0
signal_31,2.710900346495,0.070568127429,1
signal_32,-3.179181346756,0.334922347863,1
signal_33,13.525000150637,-0.014432098317,0
signal_34,0.179080563583,-0.120376611412,0
signal_35,-10.291671061032,0.963812447643,1
signal_36,0.129306591805,0.112402304805,1
signal_37,2.945409199860,-0.441122913618,0
signal_38,-15.113399346990,-0.024844038668,0
signal_39,5.792917772065,0.941515241862,1
signal_40,-7.980673790967,0.146647859012,1
signal_41,18.323785237436,0.454416524665,1
signal_42,-12.832493306282,-0.545028242707,0
signal_43,4.206409532600,0.119066121165,1
signal_44,4.435625653863,-0.080498145337,0
signal_45,3.343133007208,0.228064780047,1
signal_46,-9.076068273750,0.742857240303,1
signal_47,10.211452109527,0.348886436149,1
signal_48,23.709426335873,0.385210868330,1
signal_49,1.566398601419,-0.048208742165,0
signal_50,16.918260035539,0.406432569052,1
signal_51,0.311869701034,-0.177180253370,0
signal_52,5.861011967658,-0.089767292728,0
signal_53,-5.468098072352,-0.300594367507,0
signal_54,-4.504454133486,0.187050419223,1
signal_55,1.734375596501,0.231107097673,1
signal_56,13.259122042956,-0.263981183002,0
signal_57,-0.423870687574,0.216764772402,1
signal_58,13.587095586411,-0.113427585495,0
signal_59,-19.785863007684,0.419691685550,1
signal_60,-8.570924713417,-0.102556392824,0
signal_61,-8.625014769133,0.776020210605,1
signal_62,2.697410219256,0.541326648694,1
signal_63,-2.689505790155,0.350678673904,1
signal_64,-17.619822754506,0.122537842569,1
signal_65,-0.137207996452,-0.333129877748,0
signal_66,-0.380147584359,0.144896184513,1
signal_67,0.027720270087,-0.559266595163,0
signal_68,-11.710172036459,-0.192028048242,0
signal_69,5.383803956632,0.055179498526,1
signal_70,-10.829613380885,-0.845842250561,0
signal_71,28.867635819520,-0.014822018779,0
signal_72,10.744051089617,-0.184404048933,0
signal_73,-0.286066582880,0.120350535498,1
signal_74,-1.561796573982,0.010664149669,1
signal_75,13.298850990623,-0.002401859917,0
signal_76,-12.462757094480,-0.302072072886,0
signal_77,5.106161269165,-0.058521712652,0
signal_78,5.251402689421,-0.129008184100,0
signal_79,0.735861825953,-0.484330112676,0
signal_80,0.214955474632,0.031750097177,1
signal_81,-10.296823042401,-0.081141113345,0
signal_82,-4.450706184835,-0.092251206121,0
signal_83,8.113860730208,-0.359020874944,0
signal_84,-10.983867989912,-0.105542029776,0
signal_85,10.539585764437,0.489259838948,1
signal_86,-2.692643536307,-0.744287161360,0
signal_87,14.654512116902,-0.344137924773,0
signal_88,-10.895301707712,-0.213827942370,0
signal_89,-2.951081577012,0.213663414101,1
signal_90,9.579042086890,0.626506528239,1
signal_91,-5.909711276887,0.276735640735,1
signal_92,3.893982952751,0.288989716364,1
signal_93,8.375605690371,0.524321936435,1
signal_94,15.717409769410,-0.208627878471,0
signal_95,-1.221402475556,-1.225268781621,0
signal_96,15.899073842242,-0.102897316087,0
signal_97,-0.115273465169,-0.046702039281,0
signal_98,-17.930302879005,-0.142849498745,0
signal_99,-11.380215532593,0.531214927508,1
signal_100,-14.947950767816,-0.046627034594,0
signal_101,-7.144986366304,-0.247438313442,0
signal_102,-17.381640535331,-0.231909789775,0
signal_103,-14.929435002690,0.001727500487,1
signal_104,12.600159505069,-0.129150673666,0
signal_105,7.484718834640,0.152049730311,1
signal_106,11.708302697187,0.127721704747,1
signal_107,-13.625945533506,-0.220974577504,0
signal_108,29.903974011903,-0.319347519282,0
signal_109,-9.674337055198,0.176223011374,1
signal_110,-2.822408340455,-0.364198953276,0
signal_111,-4.725043083708,1.089130345259,1
signal_112,10.813023171410,0.078668354167,1
signal_113,11.138409683551,0.498919814272,1
signal_114,-11.082359828896,-0.877371445994,0
signal_115,-9.980374114826,0.546876487244,1
signal_116,-0.259316071791,0.608860891888,1
signal_117,2.137583382894,0.229890888791,1
signal_118,12.616339910081,0.667274955074,1
signal_119,16.998384853890,-0.091003166360,0
signal_120,-9.273756948268,0.034614508068,1
signal_121,-2.099503129216,-0.167266555651,0
signal_122,3.020667935877,0.195293125751,1
signal_123,-13.864790555626,0.400680382297,1
signal_124,0.912838371967,-0.580057295127,0
signal_125,-26.596478998034,-0.141289316184,0
signal_126,6.020035638261,-0.478045565446,0
signal_127,5.132413532989,0.039806913002,1
signal_128,7.582013883075,0.002753531512,1
signal_129,12.503310570725,-0.074103858165,0
signal_130,-0.629651041263,0.029705954574,1
signal_131,2.559218326185,-0.398051710137,0
signal_132,-13.904428532646,-0.202853612284,0
signal_133,6.066764989304,0.457511502102,1
signal_134,-2.822906045635,0.902878531159,1
signal_135,5.525578987017,0.344772163721,1
signal_136,-3.259856484884,-0.544064470562,0
signal_137,-3.044093025229,0.236477100537,1
signal_138,-10.569371847671,0.240463262988,1
signal_139,-6.872691430030,-0.426169078563,0
signal_140,-2.383213319426,0.634743950953,1
signal_141,-0.830131931295,0.108503134099,1
signal_142,14.505379685706,0.127013189471,1
signal_143,5.935648781310,-0.373296405541,0
signal_144,-5.144733800656,0.108818914347,1
signal_145,-5.511426024780,0.257722800592,1
signal_146,13.290556856993,-0.271245705703,0
signal_147,-15.935364778301,0.107658928040,1
signal_148,2.344675253849,-0.317544499794,0
signal_149,0.809669132959,0.197864083426,1
signal_150,-8.020262244626,-0.303705681476,0
signal_151,10.431331217192,-0.824789763791,0
signal_152,15.361799852936,-0.326477590896,0
signal_153,7.635209381909,-0.117615464078,0
signal_154,-22.156065129750,0.390292198173,1
signal_155,-4.824800750249,-0.334467690840,0
signal_156,9.619779230264,0.109277040644,1
signal_157,-3.689379813397,0.115404571415,1
signal_158,15.455146437884,0.231565575988,1
signal_159,11.642599392472,-0.533790483628,0
signal_160,5.267683140963,0.140108597763,1
signal_161,-4.613899175092,0.263473044551,1
signal_162,-5.012314610346,0.063567043027,1
signal_163,8.623763251571,0.184444595343,1
signal_164,20.347981316761,0.422707489134,1
signal_165,-14.149292195290,-0.147549746485,0
signal_166,0.183863952936,0.011494120024,1
signal_167,5.147286133812,0.145320585851,1
signal_168,4.942286598011,-0.345725111024,0
signal_169,7.448844476908,0.432489600534,1
signal_170,10.677995806161,-0.077465178267,0
signal_171,-9.479697567257,-0.094664219396,0
signal_172,-2.907780628247,-0.216362206777,0
signal_173,3.597109458240,0.519169248556,1
signal_174,0.654243005870,-0.278784256660,0
signal_175,5.126885083513,-0.050060975647,0
signal_176,9.925745910845,0.163170484114,1
signal_177,-10.695661094937,0.112466949756,1
signal_178,2.295581595559,0.049983218894,1
signal_179,-0.290267132481,0.271245212638,1
signal_180,-15.630754163399,0.246645993999,1
signal_181,-8.899601342879,-0.453142819770,0
signal_182,15.780334666787,0.399131203868,1
signal_183,-2.157965464542,-0.562995783304,0
signal_184,-5.608791175358,0.258348922244,1
signal_185,-3.380857935845,0.352061787395,1
signal_186,13.752905433068,0.347884783501,1
signal_187,22.897014115797,0.646952979824,1
signal_188,6.472009423188,-1.115235168661,0
signal_189,-4.640265853896,-0.262067610282,0
signal_190,4.004649771314,0.063777820902,1
signal_191,-14.511881803887,-0.225150278859,0
signal_192,-7.755711302675,0.217438991163,1
signal_193,-6.060867265914,-0.046199996248,0
signal_194,1.844210043907,-0.470424161734,0
signal_195,3.053330822113,0.130732311238,1
signal_196,-0.960860845261,0.325119995224,1
signal_197,7.073921931612,-0.000254301132,0
signal_198,12.727464934867,0.333816213449,1
signal_199,1.724415141381,-0.413337854687,0
signal_200,13.128691426958,0.427740269427,1
signal_201,13.604751468416,-0.103673601637,0
signal_202,8.525695355415,-0.352025770252,0
signal_203,0.676349724861,0.272489729856,1
signal_204,0.202902212483,0.655222567432,1
signal_205,-12.554225651302,-0.793573486698,0
signal_206,13.131366872491,0.355890089782,1
signal_207,-2.294080822971,0.717251552553,1
signal_208,8.021977093531,-0.060171750746,0
signal_209,-9.115217477606,0.044132482241,1
signal_210,-5.551627701775,-0.453189175302,0
signal_211,4.100375699797,0.082039984722,1
signal_212,10.358481719768,0.678697108124,1
signal_213,7.364393148236,-0.324737717229,0
signal_214,-2.120846432865,-0.442288706743,0
signal_215,-5.169626814281,0.551351929054,1
signal_216,-0.976596961842,-0.742473659603,0
signal_217,6.921960107626,-0.216876690011,0
signal_218,11.152479103611,-0.390994628675,0
signal_219,-13.485352633427,0.245021617413,1
signal_220,-25.380698195838,0.317943455992,1
signal_221,2.445407591337,0.147541610077,1
signal_222,11.260797481391,0.152901955440,1
signal_223,4.921333201488,-0.733533938709,0
signal_224,-16.267312028144,-0.168809063989,0
signal_225,-0.730607420739,0.849800240892,1
signal_226,-4.541753485472,-0.041884648383,0
signal_227,-9.534298834588,0.019507718544,1
signal_228,-19.690670778859,0.198863962037,1
signal_229,14.890395459807,-0.269500556916,0
signal_230,4.626741929721,-0.082492192712,0
signal_231,10.025581059072,-1.109527185750,0
signal_232,1.662324075109,-0.243532517380,0
signal_233,-18.231504026846,0.284586210939,1
signal_234,-14.335766367191,0.555062332131,1
signal_235,-6.726052481301,0.387624382174,1
signal_236,-2.050949445143,0.214115535652,1
signal_237,-6.391224152082,-0.086574524765,0
signal_238,-8.505456029488,-0.387865756861,0
signal_239,12.708417025480,0.507141050083,1
signal_240,8.916873738564,-0.120364672770,0
signal_241,-1.306543285419,0.182690719461,1
signal_242,0.175342242905,0.249203954171,1
signal_243,3.324177811298,-0.852228809518,0
signal_244,-12.179072259678,-0.252806808894,0
signal_245,-2.162035122127,0.529566923963,1
signal_246,-5.960952893151,-0.160771442431,0
signal_247,-8.591618734563,0.499424280700,1
signal_248,-6.768882090550,-0.479649949990,0
signal_249,1.195790802950,0.078945655459,1
signal_250,7.547714539364,0.185426568077,1
signal_251,5.278003535587,-0.092109040509,0
signal_252,2.255279479544,0.183239568868,1
signal_253,8.101632886652,-0.267551340373,0
signal_254,24.420278271473,-0.197428264288,0
signal_255,-7.330957736422,0.018048927336,1
signal_256,2.308911806705,0.335851100950,1
signal_257,11.660962170893,0.159919552436,1
signal_258,9.413083474613,-0.657538171706,0
signal_259,6.662419902391,0.013675034604,1
signal_260,5.913884829658,-0.007660283226,0
signal_261,-11.400955959369,-0.819591882303,0
signal_262,28.285476565247,0.099297556773,1
signal_263,0.542959320859,-0.690310083432,0
signal_264,12.649613247615,0.625166609248,1
signal_265,-3.070238996952,0.155054173337,1
signal_266,-1.829074533831,-0.130051193937,0
signal_267,-21.829373658918,0.661398800141,1
signal_268,-2.908744518970,0.314065995964,1
signal_269,-20.641841436814,0.452953193268,1
signal_270,-5.768324169035,0.230098229416,1
signal_271,-1.254501509757,0.291862894310,1
signal_272,-14.793211133463,-0.718977199725,0
signal_273,-1.687489010609,0.330186728242,1
signal_274,-10.868209639122,-0.061309577664,0
signal_275,17.067320153110,-0.303984902230,0
signal_276,0.968685728399,-0.130915227531,0
signal_277,7.789044231717,-0.205995607544,0
signal_278,6.370896447059,-0.024932115539,0
signal_279,8.589105943925,0.575550741206,1
signal_280,6.592427433967,0.125657554406,1
signal_281,14.268838380509,0.033796397367,1
signal_282,-3.297956540486,-0.134288716877,0
signal_283,4.516320116414,0.605314142587,1
signal_284,2.702042485827,-0.220403638032,0
signal_285,5.080768136049,-0.607402678141,0
signal_286,-11.220850896475,0.145769226927,1
signal_287,6.054203016295,-0.060230046092,0
signal_288,0.986168099446,-0.047824780329,0
signal_289,-3.460155579501,-0.117147540307,0
signal_290,-7.751249297531,0.135692338455,1
signal_291,7.258870861438,-0.211088397428,0
signal_292,-14.153446203547,0.020058388206,1
signal_293,-1.548315745735,0.382831708026,1
signal_294,4.139824586150,0.387355693766,1
signal_295,5.307824991724,-0.512214374189,0
signal_296,-5.617444217186,-0.004110772006,0
signal_297,2.387102582754,0.004698530861,1
signal_298,9.137991633415,1.030828895870,1
signal_299,-10.657542990783,0.425862197393,1
signal_300,3.700311762814,0.243435241804,1
signal_301,6.326716368154,0.511370805152,1
signal_302,0.837365778770,-0.907389609067,0
signal_303,-3.355171357288,-0.205112766649,0
signal_304,-2.032815096626,0.415535862190,1
signal_305,14.878113258720,0.513813214362,1
signal_306,-2.406550879526,-0.545204871469,0
signal_307,-15.139282535275,-0.412128306228,0
signal_308,-6.955894070127,0.091455367864,1
signal_309,-1.098819153375,0.517902104969,1
signal_310,-5.257935652210,-0.346927006505,0
signal_311,4.234472283493,0.192046511542,1
signal_312,1.511115096357,0.103757901281,1
signal_313,3.763756389510,-0.437769017442,0
signal_314,-28.135985234204,0.313976899262,1
signal_315,3.166186902725,0.446641100287,1
signal_316,12.385475166905,-0.643328658273,0
signal_317,-1.507743209012,-0.284913244054,0
signal_318,-4.640463104318,0.162455438335,1
signal_319,-0.963678519974,0.260158915457,1
signal_320,9.486610096809,-0.663305462962,0
signal_321,-21.636571426375,-0.277536706004,0
signal_322,-0.332747556831,0.545581436312,1
signal_323,8.841068983348,-0.179321086022,0
signal_324,-2.058802774453,-0.055055808861,0
signal_325,1.734033570146,0.082385036756,1
signal_326,-4.995880029300,0.246026655826,1
signal_327,4.422594600296,0.051073188508,1
signal_328,-16.559806188976,0.028390536223,1
signal_329,-4.785482313401,0.304252942993,1
signal_330,-9.061929528696,-0.938496865568,0
signal_331,7.910444197342,-0.510813231500,0
signal_332,12.697727170102,0.753868741365,1
signal_333,9.733846661309,-0.536728467608,0
signal_334,8.874414633974,-0.177282589116,0
signal_335,15.339609552466,0.156160636044,1
signal_336,-2.142872728028,-0.512923880328,0
signal_337,9.919472223945,-0.282081554554,0
signal_338,4.944236363309,0.102053916922,1
signal_339,-11.372526629988,-0.411775037942,0
signal_340,-0.358857570358,0.138434606335,1
signal_341,10.599720930133,0.166000978735,1
signal_342,-1.975053685552,-0.037472040481,0
signal_343,18.598023960514,0.088529163781,1
signal_344,-20.571304956806,-0.098045206771,0
signal_345,-9.869593024566,0.189212245286,1
signal_346,-4.307872903125,0.057758658246,1
signal_347,4.049980599130,-0.455156742012,0
signal_348,11.159948407378,-0.489269711524,0
signal_349,-5.524761172508,0.239784138918,1
signal_350,15.450074628271,0.005067634448,1
signal_351,-8.703842705236,0.056648364692,1
signal_352,-10.840938144941,0.929336552032,1
signal_353,-30.357516192952,0.179946353613,1
signal_354,11.229489082091,0.109828174897,1
signal_355,-9.800453047921,-0.042738706717,0
signal_356,4.173573605110,0.318288375950,1
signal_357,1.890005816853,-0.079860176826,0
signal_358,8.870336704738,0.629315107194,1
signal_359,-2.395887959507,0.456719573462,1
signal_360,21.281176768368,-0.489000227238,0
signal_361,9.077295938136,0.263314037436,1
signal_362,10.305098254659,0.060891147969,1
signal_363,-1.456570677840,-0.826817655800,0
signal_364,-3.508311387959,0.343355750074,1
signal_365,-1.365407653063,0.641352392418,1
signal_366,-6.515505235547,-0.132844967562,0
signal_367,-1.050355991548,-0.583076762032,0
signal_368,8.030925070870,0.007266833408,1
signal_369,0.723896770808,0.047840473909,1
signal_370,-0.786944405684,0.409349059422,1
signal_371,-7.774933320900,-0.117854574072,0
signal_372,-0.765511728569,-0.200404906473,0
signal_373,4.619185248206,-0.555913265580,0
signal_374,3.319871368741,0.428028861020,1
signal_375,6.882112362437,-1.162463656053,0
signal_376,-0.114762341333,0.559984587135,1
signal_377,0.093435699190,0.082729691940,1
signal_378,5.311711631787,0.342322879807,1
signal_379,4.334156430236,-0.093373246581,0
signal_380,-19.220686604946,0.201351382600,1
signal_381,3.345848404259,-0.711350971312,0
signal_382,3.435919509582,0.384873377605,1
signal_383,8.440382035759,0.015091093123,1
signal_384,1.040626470045,-0.184741155575,0
signal_385,4.794569453907,-0.091916080558,0
signal_386,-5.795861237354,0.035993500164,1
signal_387,7.949455447726,0.507446495897,1
signal_388,-10.279615394080,-0.435255205214,0
signal_389,8.530186814930,0.394202561043,1
signal_390,-16.326656503078,-0.218138657203,0
signal_391,6.726199822763,0.406429695488,1
signal_392,-10.598747267219,0.889268452521,1
signal_393,2.871814665331,-0.053785720375,0
signal_394,2.592746647697,-0.300638425823,0
signal_395,0.347491212366,0.408076210078,1
signal_396,1.358607213956,-0.187859116577,0
signal_397,-0.519200097767,0.353931957012,1
signal_398,10.853720319379,-0.689943061545,0
signal_399,16.400235938921,0.002399215287,1
