id,x0,x1,x2,x3,x4,x5
gaussian_0,0.852580193535,0.491437285101,-1.722866897734,-0.778056685834,-0.512281412693,-0.526954795960
gaussian_1,-1.305640469703,-2.126405490105,0.017186828852,0.572405107571,-1.191145148674,0.954819370016
gaussian_2,0.645473879174,-0.316926592132,-0.323550199434,-0.801011094247,0.320419899925,-0.045809673691
gaussian_3,-0.538195118538,-2.607952723053,-0.488633052177,-1.339190632515,-1.005072671463,0.091121907769
gaussian_4,-1.543198796229,0.214581951382,-0.287632975787,0.902269371375,0.596078853747,-1.599099634441
gaussian_5,-0.814813719885,0.975678902093,2.175489529415,0.651626252190,0.901843317918,0.317937509266
gaussian_6,0.888874644207,1.087170690181,0.175915834997,-1.046824193613,-0.910007293618,-0.139092002156
gaussian_7,-1.009729751047,0.215459311553,0.982115902885,-0.591732699510,0.190295765902,-1.070867491329
gaussian_8,-0.871405408622,-0.114424583306,-0.295702508947,-0.631741277755,-1.133120440110,-0.266030552008
gaussian_9,0.288404007863,-1.179232884449,-0.058323910623,-1.619966434998,2.324963680182,0.164668790293
gaussian_10,0.057498281489,1.268872341437,-1.442896950251,-1.337077579491,-1.211172706059,0.352127913846
gaussian_11,-2.192635613997,-0.379161127496,-0.317857942569,0.890598576576,-0.883540798791,1.550851961351
gaussian_12,0.178403714145,-1.632596985205,0.707473923079,0.147837475287,2.191004800877,1.078901029496
gaussian_13,0.432296794785,-0.693822973616,0.248809703469,-0.314032386178,-1.055054847704,-0.521880331391
gaussian_14,0.521282843809,1.268144918442,0.338775677624,0.550939035123,-1.179686540958,-0.971993093805
gaussian_15,-0.527227845813,0.112403421304,-0.122916921558,0.756447782993,1.413340866818,-1.339614688492
gaussian_16,0.753959808462,-1.008689979888,0.040621604500,-0.893164207294,0.419629611663,1.052776033311
gaussian_17,0.393202138360,-1.457185125533,0.406730053108,-0.984399760723,0.058880274432,-0.301386449906
gaussian_18,1.606178585332,-1.220830480350,-0.536412022758,-0.068301225055,0.282986460486,1.065632136144
gaussian_19,0.171897805933,0.599299631989,-0.618715061712,-1.454509935958,-1.525606497312,1.103905936479
gaussian_20,-1.226930436359,-1.058920900451,-1.130377044884,1.961972029754,1.130680953362,0.266010360288
gaussian_21,0.296963240428,-1.273267045154,0.951068342109,-1.406678400424,-1.562728115714,0.983819248092
gaussian_22,-0.709231965129,0.450270318081,0.314899366332,2.126413347659,1.675890067355,-0.747253678214
gaussian_23,0.947321725016,1.389397595988,-0.741212340178,-2.120486212956,-0.700889680531,-1.709820420846
gaussian_24,0.879231560721,-0.193293339856,1.056499027589,1.001833607824,1.323416342928,-0.178636267019
gaussian_25,0.749896104289,-0.071458187607,0.901271098996,-1.302073895299,-0.557423639652,-0.067975571479
gaussian_26,-1.135911205089,0.420076117500,-0.322754137948,0.636400277058,0.907389159681,-0.581839679791
gaussian_27,-1.928563281433,-0.223959685668,-1.410289088405,0.978503355952,-0.866199152790,-1.354523174744
gaussian_28,1.898418194189,1.055253635896,-0.081405647530,0.368282132220,-1.305775774348,-1.070547446040
gaussian_29,-0.166948944715,-0.463424460532,-0.171449491937,-0.940175528930,0.674042897521,-1.698762129446
gaussian_30,-0.409994815381,-0.720690009624,0.584699541170,-0.405934866764,0.674723832453,-0.818511158039
gaussian_31,-0.178308700997,0.735991461002,-0.527416728187,-1.163884630317,0.180306440412,-0.378329039216
gaussian_32,0.780739553542,-0.700970833411,-0.372256836118,-0.186119359042,1.582458101009,-0.283408452770
gaussian_33,-0.844421061553,-1.269343296716,0.344469197101,-0.365523837582,0.747004794130,-1.233612131741
gaussian_34,-0.281995785200,0.965227487644,-1.843206786015,-0.987958436690,-1.519787729929,-0.676495668882
gaussian_35,-1.190784705853,-0.152151855002,-0.553824668297,-2.395665772225,1.830718844625,0.204110105753
gaussian_36,0.271723093701,-1.061577581972,-0.351986891096,2.322011132949,0.342021062501,1.055158015435
gaussian_37,-0.615745157855,-0.293663507982,2.452559217450,-0.782857402058,0.695519985021,1.705405571142
gaussian_38,-0.020300865764,1.691552775881,-0.706235495903,-2.249098995133,0.159221884141,0.261559406746
gaussian_39,0.828090485632,0.976483210273,1.105941005053,-0.379191636789,0.360804605862,-0.038690358719
gaussian_40,0.773827774133,0.140981099443,-0.319731086356,-0.607862608949,-0.607667735108,-0.213492965539
gaussian_41,1.409548578611,-0.926936288991,0.181884402337,0.668008370307,-1.102452964038,0.359088417736
gaussian_42,-2.001782775967,0.324239450054,0.147627386886,1.337326382571,0.483214829437,0.699786404358
gaussian_43,-0.888818846696,0.261274513382,-1.528685805739,-0.586189308083,-0.123687216151,-1.465190198327
gaussian_44,-0.385277761627,-0.537617295319,-0.077201795706,1.207159024983,0.925411067512,-0.398102404031
gaussian_45,-1.726827717915,1.972573160822,0.736097149238,-1.744822945814,0.069152464034,1.259232785456
gaussian_46,0.100541620409,0.705428801364,-0.126116372982,0.550408475885,0.820000351671,-2.578864609353
gaussian_47,1.025824001032,0.209040690990,-1.815563400108,-0.385493010448,1.166452388950,1.739995964213
gaussian_48,-0.142839327975,0.556785767718,0.652551204639,0.335851536336,-1.379082485407,-2.283382769035
gaussian_49,-0.300013144515,0.357570080425,-2.247396808043,1.224413222316,-2.998627410892,1.000114763800
gaussian_50,-1.380146892462,-0.354024571159,0.381698696726,0.278478626084,0.436591350526,-1.562685666654
gaussian_51,-1.046432035509,1.370321478761,0.825437542119,1.597919914751,-0.622016103804,0.126810627971
gaussian_52,-0.144783279875,-0.456958197501,-0.637817713799,0.325768011290,0.516968757030,1.227523030585
gaussian_53,2.137646393160,-0.884111677582,1.160364782354,-0.005422009407,1.422778836335,-0.072247365390
gaussian_54,-0.469108340313,-0.320612308605,0.606728679206,1.216550196328,-0.239396788873,0.258485829335
gaussian_55,-0.947973484789,-0.865835455672,-0.165625650654,-0.536839512596,-0.372875579295,-1.166529916204
gaussian_56,0.144897962120,-0.734452730973,-0.381390842577,-0.764056574508,1.045351841418,-1.759126807290
gaussian_57,-0.593529890265,-0.468230091581,0.127404566340,-0.413941492752,-1.433809326779,-0.278431007918
gaussian_58,1.033380840004,-1.121707924096,-1.776512146968,0.731184653942,0.980676291182,-0.501192914829
gaussian_59,-1.709646599134,-0.649669517263,0.540948066865,0.535307776463,0.232570658507,-1.834644228373
gaussian_60,0.357743946565,-0.205898272070,1.162553741816,0.018259027312,0.358800720413,-0.342370685421
gaussian_61,2.592105887659,0.141334595883,0.746726177245,-1.334392858533,0.507506402898,0.115629049554
gaussian_62,-0.457936796053,-0.918332625830,0.762810214139,0.197802758606,-1.819992364825,0.259993470274
gaussian_63,-0.201816252205,0.491156510953,0.067793261328,-1.837792714834,-0.129133826732,-0.136469772281
gaussian_64,0.895545858529,1.015334529848,-0.776814506572,-0.756305092699,-0.468010838378,-0.331713204109
gaussian_65,-1.132703488325,-1.171657074845,1.565758103751,-0.296766289307,-1.219315062505,-1.260759205178
gaussian_66,0.698315372104,-2.089005389235,-0.425802446420,1.402541812169,-0.267731794354,2.038602084189
gaussian_67,0.726675419089,-0.038131534926,3.314747078042,0.325111539877,-0.305120419773,-0.254324458501
gaussian_68,-0.356207315650,1.202567286798,-1.785270074870,0.880823695071,1.239201914290,0.497913189082
gaussian_69,-0.764547891706,-2.988471355837,-0.563701920207,-1.982118784900,-0.442290626514,-0.052101297645
gaussian_70,0.034491848042,-1.295488277480,1.737732956340,0.029475421976,-0.479175383865,-0.071068279887
gaussian_71,0.018121443794,1.856442152401,-0.345524122114,1.052609479190,-1.946820002309,-0.989259761758
gaussian_72,0.541250849943,1.039118857626,2.378066099328,-0.006859385697,0.897662142448,0.028929368415
gaussian_73,-1.609573045801,0.936734951162,0.689873689718,0.634207961145,0.013036798724,0.505995588894
gaussian_74,1.597349192153,-0.329249993215,0.313169837636,-0.237252249088,-1.111058328656,0.803663978650
gaussian_75,1.124146256517,0.513808798190,0.486366490029,1.749159044787,0.006601029108,-1.024737869458
gaussian_76,-0.051441257717,-0.404113591574,-0.829263107371,0.992724115111,-0.356281967928,-1.380166271196
gaussian_77,0.400177673638,1.423316669670,-0.795268416590,1.004528364847,1.411394386101,0.218193619142
gaussian_78,-0.726179881005,-0.952756356960,1.954392745866,1.140369109668,0.581086411439,-1.119737347077
gaussian_79,-0.450506692226,-0.719370323582,-1.509881444815,1.080925022077,-0.081805569142,-0.465072685785
gaussian_80,0.964484093102,0.655682112169,-1.094968024571,0.221319177281,0.173356551405,0.563241240835
gaussian_81,1.412406165341,1.220223543164,1.261419803731,-0.769304318042,0.997217895202,0.554159505456
gaussian_82,0.082926624351,0.546195177971,-0.166515525378,-1.844041365549,-0.169139220855,-0.646598162730
gaussian_83,0.116929910077,0.293095109628,-0.902491722627,0.016323885677,0.124869676754,-0.596343525190
gaussian_84,0.698512016568,0.271469999591,-0.443270943520,0.504798403895,-0.004723023869,0.323702916819
gaussian_85,-0.677333719481,0.036713125752,0.258520071527,0.794277613981,0.591125348068,2.070241368569
gaussian_86,-0.657319060376,1.669179174408,-1.050221900687,0.885802156400,-1.074701549594,-0.434672237388
gaussian_87,0.136705091406,-1.133803650929,1.410138311402,0.959122396807,1.202109765355,0.388392417094
gaussian_88,0.406658425659,0.318525136137,-0.721153102401,0.140900952417,0.672014918480,-0.921243052737
gaussian_89,-0.786125359277,0.902427688032,0.010716184124,-0.246216038285,-1.520379847633,-0.183398299632
gaussian_90,-0.767798609549,-1.441554339498,-1.048910831712,0.170934713424,1.145894282951,0.198018114209
gaussian_91,-0.236908067135,-0.276637697072,-1.237430882980,-0.020326104940,-2.084706712708,1.414142512172
gaussian_92,-0.613315449860,1.003660379577,0.400321622933,0.961974445500,1.416125708912,0.396809487814
gaussian_93,-1.390015788615,-0.314887180480,-0.045635141292,1.217405026663,0.409797789712,0.698093987929
gaussian_94,-0.304781942551,-1.099434727021,-1.356170249326,0.243326183137,-0.464541088418,0.438721433527
gaussian_95,0.034891582558,1.100060355258,-0.164837415643,-0.608304306889,-0.780372945223,-1.149664637490
gaussian_96,-0.929689494295,1.937060053052,1.244329449560,0.932581824595,0.596188472039,1.250570955908
gaussian_97,-0.831202768867,1.500496526604,0.205693577401,0.968493129021,0.384769541699,-1.194302908264
gaussian_98,-0.867990821693,1.495060044662,-1.126116386512,0.906794930938,-0.117156969277,0.910164018620
gaussian_99,-0.235804539763,1.013368909740,-1.077291146339,-1.040465382168,0.361905762649,0.075135755760
gaussian_100,0.043801603900,-0.254142659219,0.646238123876,0.375809802190,-0.704066592087,-3.003401475006
gaussian_101,-1.112645170871,1.352521282970,-0.483003271680,0.481946253202,0.288841266056,-1.011411134873
gaussian_102,-0.355506682411,-0.041181003794,0.596267080510,0.209303685777,0.309421991651,1.457836119411
gaussian_103,0.969314926943,-1.091598716990,-1.658650435884,-0.143135780032,0.681359418695,-0.206842994643
gaussian_104,0.020688742194,0.432775991960,-0.122621966430,-1.858008041259,0.149311379342,1.371291736885
gaussian_105,0.928982898461,-0.737225609150,0.686200804304,0.073400426807,-1.476035789487,-0.641544041404
gaussian_106,-0.626060779451,-0.340662454458,0.370614621974,-1.921812153503,0.791274724755,-0.738982848057
gaussian_107,-0.003942478623,0.179342946524,0.151241826623,0.349584152122,-0.059015936156,-0.401376952893
gaussian_108,-0.952086169687,0.002057858691,-1.374046805529,-0.743290760035,-1.095368724093,0.834885952958
gaussian_109,0.981892999245,-0.190747579618,-0.331400212489,-0.371336659220,0.616595123577,0.521091775710
gaussian_110,-1.328142076989,-1.716772366555,-0.562600341100,-0.594544263162,-0.452204901744,-0.489412590802
gaussian_111,-0.161245299604,0.183549902554,0.785281912210,0.699309381784,0.273613888765,0.008476712325
gaussian_112,0.204192821046,-1.060704850847,0.243679546267,0.059474776940,0.418760159207,-1.207748750615
gaussian_113,-0.697584882951,0.403690349940,0.457289222571,-0.422052869827,-1.970449262924,-0.314201084988
gaussian_114,-0.335612379371,-0.009723757396,-0.204969331542,0.069327133976,1.591220273627,-1.412414897318
gaussian_115,1.128699225099,0.392347704177,-0.244826749301,-1.887675762612,-0.997348793570,-2.059844056897
gaussian_116,0.410889923069,1.439839721569,0.438569894613,-1.186562977265,-0.455934504259,1.471485657251
gaussian_117,-0.157465003303,-0.256428938494,-0.006835955103,-0.442222901372,1.827339733611,0.710271032949
gaussian_118,0.032173523878,3.336499051087,1.069026955841,-0.038079341639,-1.012930235757,0.882051708662
gaussian_119,-0.692081129067,0.225921314201,-1.155303074758,0.052138138709,0.252650636148,0.461805685367
gaussian_120,0.413290047720,-0.691772646019,-0.829034360506,-0.376671902670,-1.303180103115,0.136348791384
gaussian_121,-1.021652282672,1.342182440345,0.367784253905,0.388296752084,2.606413045597,-1.193511235378
gaussian_122,-0.921079208475,0.906649308829,0.958306641720,-1.310762772045,-0.248671502688,-0.576323876130
gaussian_123,-1.296028242907,-0.741813432357,1.073521513374,-0.098038000029,-0.068413169493,-1.593676166147
gaussian_124,-1.007135443071,-0.061115089471,-0.453760210683,-0.315641798204,-0.348434751372,-0.430343608140
gaussian_125,-0.481136224858,-1.041602621360,-0.223006382963,-1.284335339132,-0.313768941939,1.218164607515
gaussian_126,1.576596451689,0.883185753571,1.679333745161,-1.802627374266,0.994412273647,-1.021452871724
gaussian_127,-0.603626613245,1.191268641439,0.240925389271,1.001425913893,0.479551811973,0.819780349568
gaussian_128,-0.387308509527,-0.809449591757,0.276631681652,-1.309653186396,0.160192025913,0.927247616583
gaussian_129,0.625736115897,-0.595525258636,-1.823386510460,1.914179191211,-1.077402044555,0.463100902576
gaussian_130,-0.413438600733,1.564294581524,1.189108346746,-0.352210692623,0.077837451807,0.476590538582
gaussian_131,-0.101839821301,0.217097970301,-2.253778370491,0.941685023423,1.711806827665,-0.060701158903
gaussian_132,-0.133111707572,0.260178258429,1.736392473894,-0.435998168679,-1.620781956087,-0.442216075633
gaussian_133,0.793692161845,-0.159043547237,0.445780980938,0.213281437253,-0.279360081155,-1.419917418120
gaussian_134,-0.779211088273,-0.793923813433,-1.116447765138,0.269273779892,0.296517681859,-0.369704030282
gaussian_135,-0.998924994022,-0.404330991710,0.236749292119,-1.265085833314,-0.041899560414,-0.373523624453
gaussian_136,-0.715939295404,2.398668275081,0.529719902657,-1.000938602988,0.032521947875,1.138422899213
gaussian_137,-0.592901803508,1.319753371214,-0.248075014027,0.372465077781,2.493092666757,-0.357537460835
gaussian_138,-0.178699254626,-0.815772749519,0.342608719593,2.338485760756,0.330314061150,-0.425909374923
gaussian_139,1.099250180976,1.403610221233,1.342134911388,-0.311891409808,0.657498227586,0.733310588062
gaussian_140,0.414187686150,0.311869453443,1.054941660955,-0.738509646065,0.897340118805,-0.306530801951
gaussian_141,-0.253784613510,-1.842151788121,2.040579417930,2.745413780464,1.332696394462,0.096093219705
gaussian_142,-0.731144034261,-1.597465261282,0.488681866172,-1.495449129705,0.595505629382,-1.627256522733
gaussian_143,-0.593862332705,0.135639068269,0.666083157476,1.609157892077,-2.223434489386,1.063262019521
gaussian_144,-1.605024345788,-0.059799971251,-0.619720141704,-0.935763215568,1.242582859658,0.333785517150
gaussian_145,-2.995028093980,1.111646874622,1.710363634441,1.132556473448,-0.327002999506,-1.398018266843
gaussian_146,0.436665187217,-1.794096441545,-1.183588490911,0.482629465226,1.409035933494,0.046161091278
gaussian_147,-0.135882917060,1.103281052160,-1.327013226184,0.524636925082,0.897729577369,1.449622882639
gaussian_148,0.109961682555,0.242381675957,1.037955506590,0.666846645226,0.414443660844,0.818842167613
gaussian_149,-1.445515409633,0.754235135614,0.597353642183,0.345918987179,0.096908761872,2.755482651175
gaussian_150,-0.748350228619,-0.163355623025,0.657355030285,-1.002066543653,-1.073329986664,0.449135169646
gaussian_151,0.965385204121,0.692933529761,1.588819005958,1.324945724759,0.666700940100,2.247207643722
gaussian_152,-0.582839550553,1.017537219853,-0.097045329872,-0.971396241607,0.812113643460,-0.054922191482
gaussian_153,0.257469192275,-0.329983356272,-0.160172483961,0.179129739644,0.585728261829,0.874535584083
gaussian_154,1.897160701120,-0.737249419189,-0.357239695607,1.066885133752,-0.193091883641,0.104201954335
gaussian_155,-0.024486645067,-1.238527044886,1.769729728296,-0.047780126020,1.565371081448,0.395356405495
gaussian_156,-1.122840014871,1.757599577574,-0.049578563225,-0.490321372026,-1.121564825850,1.619162160249
gaussian_157,1.023646579663,0.018949695961,-1.567639269070,-0.226195683257,0.725266785992,0.316578410946
gaussian_158,-2.037555447503,0.763977905196,2.523524398386,0.339414887154,-0.687390846288,-0.142488167248
gaussian_159,1.031458474861,-1.083088646370,0.533959012657,-1.261219230000,-0.511425713931,0.525883720299
gaussian_160,-2.105766323220,-0.908359850437,0.340742402379,-1.257407432010,-0.981851397988,0.906758087621
gaussian_161,0.871581761603,0.417843298915,-0.303440161945,0.063443074028,0.668784355527,0.047214569576
gaussian_162,-1.753641015902,0.751822195975,-1.325196587206,-0.550382021703,-0.125945900786,0.372766017519
gaussian_163,0.208524924921,-0.180398768829,-1.269520453395,-2.008782704160,-1.401328336570,1.103905013885
gaussian_164,-0.373160611208,-0.785047992492,0.310068387210,1.106771541741,0.178207773593,1.112356380481
gaussian_165,0.851593705291,-0.011515905783,2.004276823182,-0.606270717899,-0.091893652822,-0.591308313821
gaussian_166,0.223761825606,1.293368024852,0.676583890858,-2.124417168729,1.735748539559,0.411187652047
gaussian_167,-1.308466083723,1.651726128120,-0.010104468495,0.322727021655,0.493784777589,-0.580967695084
gaussian_168,0.007833805706,-0.139593863333,0.314928490672,1.616157633580,-0.531812377951,2.055297947875
gaussian_169,-0.829292987384,-0.197267934652,0.564348067013,-0.586789370406,0.959107105568,-0.591318700719
gaussian_170,1.757986621952,0.555673497201,-0.453368822691,-0.584684932927,-1.094576248091,-0.692020933870
gaussian_171,0.712323150946,-0.493522548785,-0.774916650013,-1.801675456530,-0.202055394615,-0.489756719256
gaussian_172,0.152565493931,-1.116358271686,-1.463032131176,-0.802261459350,-0.268425421012,-0.620615676799
gaussian_173,0.224335081935,-2.262490027926,0.236916613334,1.549882468692,-0.013946232654,0.782806553299
gaussian_174,2.339572792294,-0.654620463215,0.258287050316,-0.819964785957,0.205344506626,-0.111059664364
gaussian_175,-2.276434320147,-2.375804879107,0.879915270116,0.668586616319,-0.400946942159,0.573973758356
gaussian_176,0.326151143791,0.550125585909,0.049177158045,-0.727884043561,0.636777766194,1.023241078863
gaussian_177,-2.026624228176,-1.134664551671,-1.005986519936,-0.380535224326,1.296478945392,-0.195781946426
gaussian_178,0.326114454080,1.315788918594,2.501252813311,-0.161729101053,-0.840634434645,-0.484398085235
gaussian_179,-0.856032646861,-0.925636343644,0.073485088714,-0.423330663074,0.286805578331,-0.549225247467
gaussian_180,-1.120530700426,1.645522508993,-0.550451345347,0.359873534617,-1.633437654606,0.841144553634
gaussian_181,-1.599892934577,-0.896072416312,-1.447074581965,0.058986988745,-1.916353719323,0.611553000791
gaussian_182,0.511630899584,1.348651917314,-0.395062982354,1.537434231088,0.727185293160,0.445887773947
gaussian_183,-2.485763039655,0.038407323354,-0.463225718830,-0.464163037978,0.655946168994,1.144436366456
gaussian_184,-0.894217847307,-0.701417026117,-0.207193539945,0.966310253260,-1.315719517003,1.020285041808
gaussian_185,0.960242999133,-0.320317906027,0.645681397176,-1.101947263373,1.442480368099,0.603646185054
gaussian_186,1.397623663780,-0.346913510381,1.139442399334,1.850533600117,-0.173726067097,2.102222749251
gaussian_187,-0.343374755581,0.469850116055,0.192002010143,0.898505425152,-0.297607744102,1.042892059258
gaussian_188,-0.283643756921,0.555462385458,0.128619220334,-1.057938713737,-1.416551550972,-0.012541907973
gaussian_189,-0.503181167280,0.886774627796,0.771439018513,0.220959980702,-0.167277401462,0.810445563919
gaussian_190,-0.001368924503,-0.579320689174,0.323306331738,2.001017598297,2.467357673452,0.192721944538
gaussian_191,-2.296862810496,-0.880457783775,-1.437762056376,1.740917040581,0.595984720420,-0.705077743258
gaussian_192,-0.242811846628,1.166667251695,2.351754994080,1.546111837110,2.938072715510,-0.207443485799
gaussian_193,-1.727042469458,-0.166736995367,-0.034192186270,-0.295814148616,-0.303311059905,0.810626283414
gaussian_194,-1.128884474873,-0.192284911240,-0.099353371204,-0.025376735644,-0.951427978340,-1.089943461050
gaussian_195,0.286127953370,-0.433868259311,0.495004384467,-1.144595852350,0.659256462434,-0.094913572064
gaussian_196,-0.708007724703,1.013898282750,0.055688347558,-1.365251706078,0.191972581031,0.230979554957
gaussian_197,1.000435479324,-0.076046995463,-0.215752824982,1.267724109803,0.501131402208,0.482021671348
gaussian_198,0.769781407504,0.177762560854,0.567729918976,0.046680628896,0.361065431397,-1.042634165925
gaussian_199,-0.260284303018,-0.169901525798,-1.794699292937,-1.341259989222,-1.545554535233,-1.134552889431
gaussian_200,-0.584900187941,1.251957505136,1.043788480105,0.091494760562,0.085523604596,0.130348297458
gaussian_201,-0.644011395223,0.472546747616,-3.051411327631,0.064983874122,0.563194550284,-1.044615489547
gaussian_202,0.784301678913,-0.341504255330,-0.186370431493,-0.036125639093,-1.759466765463,-0.263961133430
gaussian_203,-0.797781266851,-1.170949101184,1.658430234396,1.117166729662,0.404624195730,-0.174418183530
gaussian_204,-1.609667954852,0.080504709651,1.099178981207,1.085797783400,0.670182190404,-0.460000469602
gaussian_205,1.649188794401,-0.180548022024,-1.598431346521,0.626619356306,0.319045084209,0.797786576839
gaussian_206,-0.200706652505,0.047253396556,0.004658606349,0.544645374217,-0.982653667103,0.641300263561
gaussian_207,-0.180399529549,0.112343194045,-0.167237936567,1.997045970935,1.279647707251,-0.328960020943
gaussian_208,0.272884047718,-0.782082910618,-0.822024419808,-2.519916614360,-0.387652465418,0.936772998362
gaussian_209,0.443337142371,0.180123090127,0.874579057750,0.011825755838,-0.752465286785,1.001868987980
gaussian_210,-0.896536415519,0.436120711192,0.306103039451,-0.890405578813,0.548814523407,-0.748693635449
gaussian_211,-0.066099196095,0.072232679788,0.661983552421,-1.147507484745,-0.286625535738,-0.183187428149
gaussian_212,-0.014981477167,-0.392602229937,-0.304629954806,1.307611189017,1.390180985840,-0.622656623321
gaussian_213,-1.112962813508,-0.486619542399,0.656722074992,-0.791760768963,1.045631239540,-0.407015224041
gaussian_214,1.736181993906,-1.233427585313,-1.484588444533,-0.503312209514,0.224466062447,-0.500933580699
gaussian_215,2.255467427346,-1.042633570998,-0.669450621319,-0.393013753563,-0.868644754441,-0.619238018711
gaussian_216,0.355005438234,-2.170919044823,-0.008241602162,-1.523161431892,1.177646615722,-0.704861446524
gaussian_217,-0.132274613955,-0.257600565206,0.260339472385,0.198941699836,-0.613846262392,-0.320696464993
gaussian_218,2.142310080240,-0.696813426166,1.057720294489,-0.461469337995,-0.036477299050,1.738912148561
gaussian_219,0.318432439675,0.692194456050,-0.078785953572,-0.305422915440,0.183959800544,0.911352009713
gaussian_220,-0.703752408340,0.232944578748,-1.238899547813,2.380142364070,0.099782537870,-0.947494791651
gaussian_221,-0.103962322510,-0.194258288815,-0.574796067172,-0.405542563702,0.846899317895,-0.684237308360
gaussian_222,-0.554397590698,0.951182572385,-0.476137464868,-0.963404645109,-0.372364923868,-0.424655064656
gaussian_223,0.616014446760,0.373693642344,-0.785072801433,-0.102427259352,-0.403440387849,1.367620296587
gaussian_224,-0.867190941661,-1.220274418901,0.248788078287,-0.934405617624,-0.367007613435,-1.219602349051
gaussian_225,-0.682414004241,-0.190840566451,0.332678018906,-0.196235037279,0.787997120865,0.998784194281
gaussian_226,1.232754555436,1.813840831342,-1.833816725883,-1.056937075496,0.985900672962,-1.002862766144
gaussian_227,0.670133767010,0.109531984314,-0.350060725241,-0.652348672398,0.653696478092,0.461947950712
gaussian_228,-1.094308428061,0.433282569866,0.849614857379,1.775400611380,-0.104514949914,-0.603524226293
gaussian_229,1.092084615882,-1.215493366681,-1.978638105199,0.098711076818,-0.942087259235,-0.387669399092
gaussian_230,0.970230626314,0.002245394246,0.225626186877,1.346662127936,-0.957630652205,1.655002004473
gaussian_231,-1.746183425552,-0.730145698285,-0.481112928221,-0.232723253804,-0.475548419097,1.854297404307
gaussian_232,1.450511444203,0.176766907251,1.262557614733,0.348666751390,0.462143250622,0.875663448841
gaussian_233,-0.341234968847,0.638853624642,-0.059827722487,-1.206117112336,-0.443961935511,0.134376076689
gaussian_234,0.484447692605,0.859866461673,-2.050639554709,-0.384157075959,-0.728086900406,0.154486566956
gaussian_235,-0.165876064709,1.725814694398,-0.255159477677,1.085080984798,-0.567217730653,1.425033378433
gaussian_236,1.554054445471,0.329405672306,-0.800739613732,1.583633961664,-1.262038422145,0.409978256097
gaussian_237,0.325915438030,1.034350248667,0.841228733469,-1.041365607448,1.533787487919,-0.123604152631
gaussian_238,0.084833933116,-0.072084759759,0.907569420766,-0.013721003043,0.213292844482,-1.039971046181
gaussian_239,-2.381550219938,-0.994344980481,0.666800899237,-1.226406209970,0.199623482537,-0.389722151785
