id,x0,x1,x2,t,height,arc_length
roll_0,6.136436267859,19.354658161567,-0.675657771352,6.173521158422,19.354658161567,20.564519266563
roll_1,-6.785906549362,15.811136671942,5.512187989506,8.742582234576,15.811136671942,39.897863504779
roll_2,3.492700648765,18.746075254384,-4.136236386172,5.413631799835,18.746075254384,16.096852941617
roll_3,9.109617421199,2.764547511791,-7.610582758510,11.870387503563,2.764547511791,72.287089532653
roll_4,6.027331730202,8.938988582777,-1.027651226388,6.114310658529,8.938988582777,20.195947767233
roll_5,-2.184319088688,15.720633280391,-10.568388362806,10.791759933778,15.720633280391,60.017541768806
roll_6,9.596868863037,6.847897311738,9.256812278957,13.333734118475,6.847897311738,90.786306021508
roll_7,-6.657801007859,1.534470563782,5.635045339732,8.722387874951,1.534470563782,39.720364048827
roll_8,2.894316659623,19.344192390739,-4.429386687026,5.291175233289,19.344192390739,15.430074231764
roll_9,1.516901035169,7.654024143672,-11.028429238131,11.132261235300,7.654024143672,63.765620665182
roll_10,-9.053885193850,16.272062576356,-3.810745699149,9.823167507836,16.272062576356,49.986901380989
roll_11,12.095663916248,3.196328540972,4.560795822916,12.926946434218,3.196328540972,85.429576104711
roll_12,-6.954164798106,14.383683374595,-7.529954420509,10.249908371013,14.383683374595,54.291112265044
roll_13,3.003228541266,3.135341592854,6.805144391502,7.438371586595,3.135341592854,29.265710029514
roll_14,-1.903580875702,15.506377993283,7.864362264145,8.091465502123,15.506377993283,34.378836495713
roll_15,9.537661523629,13.588757775003,9.327682276373,13.340638814850,13.588757775003,90.878653733091
roll_16,-5.359520296705,17.231622598777,6.639948139196,8.533075008577,17.231622598777,38.076088464722
roll_17,2.644344500471,4.183673639707,13.693415901737,13.946404443265,4.183673639707,99.165603823358
roll_18,1.414676634298,19.892525156605,13.964734904000,14.036207853926,19.892525156605,100.425276015528
roll_19,-8.334252371670,8.694864039239,-5.548224213743,10.012120380851,8.694864039239,51.870370988363
roll_20,6.309211908781,19.240672212941,1.801113538137,6.561262446142,19.240672212941,23.063690993567
roll_21,1.948162197367,18.542474533120,-10.999679114732,11.170867315223,18.542474533120,64.197866354160
roll_22,-2.524990702162,0.447429677229,-10.458174951841,10.758670985272,0.447429677229,59.659469090715
roll_23,6.313608623081,17.328313680892,1.765865029029,6.555908262491,17.328313680892,23.028169286910
roll_24,5.294064790169,5.068975430279,-2.478170972942,5.845378804974,5.068975430279,18.565441927592
roll_25,5.966633461320,15.656007307684,-1.196106356507,6.085341837384,15.656007307684,20.016884170006
roll_26,12.603726823437,12.985089857564,0.761199796943,12.626692162665,12.985089857564,81.581548975295
roll_27,5.937867465281,13.903986532786,3.292104273102,6.789419752838,13.903986532786,24.603715193116
roll_28,3.232361602906,1.595852146805,-4.275362643667,5.359746940556,1.595852146805,15.801632602166
roll_29,12.589298737368,19.155642871149,1.644687580467,12.696276617026,19.155642871149,82.465335071963
roll_30,5.402453007355,15.651867040222,4.398347512222,6.966488307243,15.651867040222,25.834390125524
roll_31,6.085250786764,19.615883730155,-0.850241722418,6.144362304125,19.615883730155,20.382579779973
roll_32,-8.392255505408,2.191058913656,3.368565830865,9.043074047298,2.191058913656,42.586929232974
roll_33,3.526619411523,1.857317494622,13.424791795920,13.880276626837,1.857317494622,98.243171633577
roll_34,1.111383163318,9.987562116024,-4.812680526160,4.939338658423,9.987562116024,13.596258476675
roll_35,-5.507356377557,1.022520876916,-8.869057943848,10.439883288656,1.022520876916,56.265543962881
roll_36,-8.860002774846,20.930772598423,-4.381067951120,9.883997448533,20.930772598423,50.589373012954
roll_37,-0.823716820964,6.023914697267,-10.888959722496,10.920071118783,6.023914697267,61.416374474456
roll_38,-2.726547236941,7.588412762060,-10.386974889065,10.738868989858,7.588412762060,59.445702852604
roll_39,3.549341173369,1.175807995292,-4.103450358048,5.425507128918,1.175807995292,16.162298540182
roll_40,0.032262353469,18.536101403569,7.849805403143,7.849871701287,18.536101403569,32.438075233225
roll_41,7.104600857557,2.864938292273,11.581406011747,13.586917183604,2.864938292273,94.203624650813
roll_42,3.789594772714,19.985955833407,6.249715454231,7.308896756709,19.985955833407,28.302270201687
roll_43,-5.114849156781,9.255644568938,-9.153971500163,10.486032429972,9.255644568938,56.750600832102
roll_44,0.874723515893,11.272037499260,-4.813320841808,4.892156861287,11.272037499260,13.359574230745
roll_45,0.054210579238,13.283520134611,-11.000368741015,11.000502316949,13.283520134611,62.301585089741
roll_46,2.253002382158,15.079645152937,-4.646456708187,5.163872546361,15.079645152937,14.752529031404
roll_47,6.354803622593,6.020275478622,0.707602938106,6.394077806825,6.020275478622,21.967894652829
roll_48,-1.590687178886,15.852531584733,7.894152259395,8.052820971286,15.852531584733,34.064507720150
roll_49,-9.310819255931,9.272210270574,0.768211233725,9.342457049205,9.272210270574,45.355324123415
roll_50,-4.349813160505,5.582178458572,7.184182953115,8.398414090478,5.582178458572,36.928157635701
roll_51,5.327456776557,17.234396162269,-2.429584703325,5.855311907722,17.234396162269,18.624396830471
roll_52,5.789583322632,8.814240959896,12.417530172742,13.700887950810,8.814240959896,95.762801743227
roll_53,-1.838910188605,17.537661987726,-10.667529190446,10.824868115168,17.537661987726,60.376913734579
roll_54,12.035979627753,19.940440838654,-2.735388035409,12.342898901957,19.940440838654,78.027100273125
roll_55,-0.344301138744,9.043667544743,7.890082574339,7.897591170986,9.043667544743,32.816823704484
roll_56,6.191782370467,16.756259736825,-0.460781616885,6.208903979101,16.756259736825,20.786420943688
roll_57,5.053052968980,2.922697566625,-2.800341765779,5.777132360652,2.922697566625,18.163015250526
roll_58,2.460960148168,9.222565025805,13.741323916757,13.959953718982,9.222565025805,99.355144198503
roll_59,9.584912913611,3.014566327564,-7.101020403992,11.928748733183,3.014566327564,72.984010892053
roll_60,-5.273538966449,8.770905334747,6.693430880222,8.521281017486,8.770905334747,37.974829811572
roll_61,6.335942014272,14.333605473202,0.425193003759,6.350192933971,14.333605473202,21.684831735541
roll_62,12.295385686214,11.116750436134,-1.775677369918,12.422944067120,11.116750436134,79.021520106397
roll_63,12.012562711950,11.427384125991,4.834794367976,12.949011525562,11.427384125991,85.715905248736
roll_64,6.255402122254,16.805043715847,-0.160889828744,6.257470834778,16.805043715847,21.093018353673
roll_65,6.278530046537,11.750771320608,2.013678197541,6.593545285241,11.750771320608,23.278468320738
roll_66,6.320172842910,15.595995844715,0.270501360784,6.325958879921,15.595995844715,21.529334427889
roll_67,-0.051429064500,2.129676649333,-10.990774702670,10.990895027864,2.129676649333,62.195510267696
roll_68,-8.622122127090,7.428095396761,-4.959567268994,9.946773218996,7.428095396761,51.214976542152
roll_69,9.990310299188,7.583403982512,-6.614462461572,11.981544705489,7.583403982512,73.617398727359
roll_70,-7.437446693110,18.661746177195,-6.945106331868,10.175957707941,18.661746177195,53.532247273565
roll_71,-1.520290225969,4.393033671382,7.899150050422,8.044119211589,4.393033671382,33.993933353084
roll_72,-4.170009444469,12.482663615619,-9.735389340167,10.590882133779,12.482663615619,57.860518472159
roll_73,-2.460653219213,2.952811580948,-10.479954803295,10.764955501270,2.952811580948,59.727393232870
roll_74,1.508791835325,17.251885642901,7.505448104350,7.655599522535,17.251885642901,30.919456173694
roll_75,-2.115306620639,19.216139854249,-10.589197758566,10.798408737834,19.216139854249,60.089623466662
roll_76,-6.515366954681,1.782921379428,5.765909422565,8.700328615826,1.782921379428,39.526935962541
roll_77,5.701941560643,2.260162570181,3.843301146582,6.876270883575,2.260162570181,25.203477360895
roll_78,6.201842130053,10.085256613455,-0.417890800527,6.215905286220,10.085256613455,20.830475787057
roll_79,6.871101846975,17.904242423237,11.745713257170,13.607858777602,17.904242423237,94.489144650491
roll_80,2.823170962968,10.319780587685,-4.458184693492,5.276902978778,10.319780587685,15.353320454242
roll_81,2.865798375471,0.369194542794,-4.441077071752,5.285448503778,0.369194542794,15.399252804078
roll_82,-4.058769240617,20.163075731956,-9.795131244590,10.602745109043,20.163075731956,57.986786711994
roll_83,1.474250770377,11.944417623994,-11.030357190120,11.128440819611,11.944417623994,63.722926820914
roll_84,10.836666902692,1.410577913662,-5.393271968345,12.104574841127,1.410577913662,75.104157201138
roll_85,-9.070077251920,5.494503604791,1.739224197738,9.235323609153,5.494503604791,44.354423146699
roll_86,11.010511035780,2.102432280908,-5.096553859250,12.132856815658,2.102432280908,75.448063306241
roll_87,1.209911890591,3.640556984563,-4.808999028007,4.958866648173,3.640556984563,13.694857651006
roll_88,-5.869218111991,4.489596245702,-8.580309330303,10.395644734687,4.489596245702,55.802558785830
roll_89,4.805300985937,17.521345506003,-10.370265258514,11.429493387609,17.521345506003,67.131809241588
roll_90,-4.331331211906,7.384880587481,7.192540988332,8.396015479742,7.384880587481,36.907873667167
roll_91,-5.612016293748,6.149450969639,6.474441769937,8.568145838722,6.149450969639,38.378009287846
roll_92,3.902093082286,6.191734785696,-3.877401480226,5.500961067094,6.191734785696,16.581369890720
roll_93,-2.825185463391,4.622741487359,7.703779934649,8.205479765623,4.622741487359,35.314848619536
roll_94,3.147180876594,11.796201164346,-10.830373092359,11.278374385952,11.796201164346,65.409371928605
roll_95,2.638731221266,18.157869855735,13.694921989706,13.946820094997,18.157869855735,99.171415639330
roll_96,0.740842623430,2.561730884470,-11.037758361073,11.062592708317,2.561730884470,62.989346661341
roll_97,5.017639117111,6.567574687792,-2.843922227433,5.767546787435,6.567574687792,18.106859902470
roll_98,4.929992501368,10.839837380035,5.087488726755,7.084304313650,10.839837380035,26.670437413770
roll_99,12.587791650335,7.592610284265,0.321332040626,12.591892348355,7.592610284265,81.141370180999
roll_100,10.895597141227,12.285135994610,7.384009524511,13.161976816649,12.285135994610,88.504416772325
roll_101,4.977722948043,14.000318231599,-2.892009554310,5.756860690489,14.000318231599,18.044364055158
roll_102,12.546509565316,6.460038589457,-0.224101852167,12.548510824504,6.460038589457,80.594332830987
roll_103,-6.294000347346,19.266107240250,-8.205291344330,10.341240081234,19.266107240250,55.235849767440
roll_104,4.035375077692,4.471881621728,-3.781467868771,5.530257793286,4.471881621728,16.745593524082
roll_105,12.580167040165,14.753271106156,0.192008880522,12.581632253752,14.753271106156,81.011821875345
roll_106,6.162620016232,2.391847304566,2.575068674078,6.678986760031,2.391847304566,23.851882094694
roll_107,3.616972960532,6.641623720225,-10.727415659451,11.320774714120,6.641623720225,65.890350131920
roll_108,7.409015214245,3.077718526746,11.355839009358,13.559077625390,3.077718526746,93.824734237628
roll_109,6.623292997151,7.887662926385,-9.526986658703,11.603080837485,7.887662926385,69.138414747837
roll_110,2.718655730037,7.991839012441,13.673240268975,13.940896256395,7.991839012441,99.088602328945
roll_111,8.651368911731,14.464770765622,-8.049541991269,11.816992439537,14.464770765622,71.652444791127
roll_112,9.328382318673,1.884068801250,-7.383484053128,11.896829554386,1.884068801250,72.602427094217
roll_113,4.627444950984,19.067151487491,5.450742146745,7.150093476640,19.067151487491,27.143271259461
roll_114,-9.382711257421,12.369862241821,-2.333525837479,9.668537292389,12.369862241821,48.471985602951
roll_115,5.339777710910,0.203035081628,-2.411385476016,5.859010660161,0.203035081628,18.646374498233
roll_116,12.605677553434,20.581133082847,0.916909683270,12.638980573939,20.581133082847,81.737272072523
roll_117,-9.083084963196,18.193087835856,1.696397965657,9.240140610754,18.193087835856,44.399181281946
roll_118,-8.753503367409,11.049604153987,2.611734561826,9.134822309420,11.049604153987,43.425856535312
roll_119,12.422765593793,18.130511758930,-1.139397050976,12.474908041268,18.130511758930,79.670499511704
roll_120,-5.214088469987,1.798587216004,6.729583950298,8.513167372780,1.798587216004,37.905249402746
roll_121,12.343527811423,9.030330694257,-1.554826504087,12.441067650695,9.030330694257,79.247560336738
roll_122,-6.648761744268,0.894066960262,-7.857907561606,10.293334929885,0.894066960262,54.739282374680
roll_123,-6.686597811252,6.340885379271,-7.818814131717,10.288072934995,6.340885379271,54.684877676507
roll_124,4.313876620793,10.085605276578,-3.560139044392,5.593221032181,10.085605276578,17.101394077564
roll_125,-0.570055315857,9.052395809537,-10.928602291832,10.943459741606,9.052395809537,61.673120939762
roll_126,3.258323133261,6.185037341278,-4.262316636271,5.365073415023,6.185037341278,15.830687748004
roll_127,6.236222545669,0.991635667829,-9.739657963929,11.565094417835,0.991635667829,68.696740180961
roll_128,3.048395237635,19.452753458687,6.777275252974,7.431296884085,19.452753458687,29.212637140834
roll_129,-9.472850112013,5.235338937268,-1.284913481483,9.559596848171,5.235338937268,47.418974368337
roll_130,-9.361793552785,15.812990247189,0.476571384369,9.373915873815,15.812990247189,45.651397718976
roll_131,-3.243991304426,18.313265664455,-10.182930516547,10.687167701875,18.313265664455,58.889418222589
roll_132,10.249869837636,19.430515889808,-6.273138999278,12.017158757075,19.430515889808,74.046225691229
roll_133,2.583781999216,8.751440702286,-4.546269254534,5.229196262734,8.751440702286,15.098214229130
roll_134,-2.445240552413,4.425646781445,7.783315305775,8.158382101145,4.425646781445,34.926631291752
roll_135,-3.916558213947,0.303938815627,7.366178578845,8.342662350753,0.303938815627,36.458167117626
roll_136,6.054270355128,0.740682232649,2.956069726298,6.737398441515,0.740682232649,24.248048765327
roll_137,-8.497245674302,0.153349546184,-5.227110626659,9.976265310866,0.153349546184,51.510239174720
roll_138,1.357366624613,5.246596787408,7.555256480812,7.676219423939,5.246596787408,31.078865707730
roll_139,0.375555864928,12.137496167120,-11.023234952459,11.029630593306,12.137496167120,62.623754478687
roll_140,2.498137958898,16.508122618479,-4.574562892535,5.212227826894,16.508122618479,15.008016441690
roll_141,2.849938828576,12.572695527279,6.896440537432,7.462107169759,12.572695527279,29.444131637439
roll_142,12.560912171242,13.992493474516,2.062513608681,12.729119253100,13.992493474516,82.884143318109
roll_143,11.332592498303,3.734671341289,-4.488840970911,12.189230738431,3.734671341289,76.135942955907
roll_144,5.985178505779,5.749187289547,3.162379647996,6.769269294695,5.749187289547,24.465630125659
roll_145,-5.337846701953,2.588290073077,-8.995533731838,10.460030331418,2.588290073077,56.477041470381
roll_146,2.061531511136,6.521002042030,13.836530183170,13.989263014226,6.521002042030,99.765777444890
roll_147,3.112928573509,16.790326186206,-10.837060452908,11.275291728543,16.790326186206,65.374472902295
roll_148,2.471419958803,6.957263370543,7.101301073210,7.519068662085,6.957263370543,29.874592133878
roll_149,11.749145980931,17.097977981014,-3.547802466057,12.273114259201,17.097977981014,77.165360157729
roll_150,10.267423839478,3.395037205018,8.376176166934,13.250672416107,3.395037205018,89.679112936346
roll_151,6.291833687587,12.661002229897,0.055982645774,6.292082740149,12.661002229897,21.312941066377
roll_152,-9.379959396808,4.078679883719,-2.352814589014,9.670541596832,4.078679883719,48.491469668297
roll_153,0.134147064617,17.264381479776,-4.738791352553,4.740689709101,17.264381479776,12.614484965347
roll_154,-4.542757830875,6.336431798940,-9.522354256766,10.550444507286,6.336431798940,57.431157466235
roll_155,6.324662221210,5.001556680873,0.310867648265,6.332297443040,5.001556680873,21.569949664905
roll_156,12.054391819279,1.369015427838,4.699613583879,12.938111530300,1.369015427838,85.574400057243
roll_157,-4.358150927875,17.793997752932,7.180394650481,8.399496821048,17.793997752932,36.937315670971
roll_158,6.291966977071,5.503229529208,-9.710210152119,11.570524173039,5.503229529208,68.759784809306
roll_159,10.822963799755,6.397725644554,-5.415858994155,12.102399516434,6.397725644554,75.077738475885
roll_160,3.872890326933,7.684259443263,-3.897615559648,5.494605221057,7.684259443263,16.545853493805
roll_161,-1.721846774425,2.727106365359,7.883172362586,8.069024898514,2.727106365359,34.196127582878
roll_162,0.665020881592,2.837957022630,7.739751703938,7.768269383303,2.837957022630,31.795633333279
roll_163,7.278529016121,11.166577943807,11.454146259532,13.571088798371,11.166577943807,93.988108922652
roll_164,5.339133397969,5.094718830666,-2.412340893209,5.858816776991,5.094718830666,18.645222126252
roll_165,-5.198598047399,13.261452689264,6.738894397268,8.511058650717,13.261452689264,37.887176280739
roll_166,3.917454019834,12.991888225681,6.143641589844,7.286341879296,12.991888225681,28.136135119941
roll_167,-9.374762202604,7.354008400124,0.392227059202,9.382963733349,7.354008400124,45.736733537178
roll_168,-8.341305587696,18.925787253399,3.462324032800,9.031338030183,18.925787253399,42.480221086992
roll_169,5.857535220175,19.533251552299,-1.465369560548,6.038048261199,19.533251552299,19.726330081919
roll_170,6.103318615089,2.263843920000,2.794167722834,6.712516024608,2.263843920000,24.078875683286
roll_171,-7.391690727987,2.941740790871,-7.004438448116,10.183282859258,2.941740790871,53.607173463563
roll_172,-9.458076731568,4.105730536154,-1.598479557346,9.592202685279,4.105730536154,47.732902476163
roll_173,10.977383778357,2.098161580364,-5.154611850863,12.127364839502,2.098161580364,75.381219032311
roll_174,-5.255258578499,8.320372074233,6.704618930257,8.518782643479,8.320372074233,37.953397469361
roll_175,2.730786768711,12.750249526049,6.964006078440,7.480279208473,12.750249526049,29.581109191647
roll_176,7.706495578275,5.337644281727,-8.821489028059,11.713613565853,5.337644281727,70.431775517251
roll_177,3.221507865764,7.825580846107,-4.280763838273,5.357522932125,7.825580846107,15.789509212464
roll_178,-6.759248160520,12.225514317838,-7.742568358371,10.277879181988,12.225514317838,54.579561063116
roll_179,-4.101758651974,9.387774234963,-9.772246839372,10.598171178494,9.387774234963,57.938085688399
roll_180,2.457311760617,9.141986141353,7.108398001225,7.521150392904,9.141986141353,29.890384782058
roll_181,2.862052011340,15.317093879014,6.889407538550,7.460246507177,15.317093879014,29.430124770246
roll_182,6.034818135100,1.664177421052,3.016459006615,6.746706964314,1.664177421052,24.311493894149
roll_183,7.049925181316,20.811784361071,11.620541647288,13.591851722209,20.811784361071,94.270863306469
roll_184,5.219591507282,8.671913964625,4.686537199106,7.014824760569,8.671913964625,26.175733393218
roll_185,0.137372973172,19.746461696644,-11.007196732875,11.008053926557,19.746461696644,62.385027518217
roll_186,5.183644008568,3.900691786174,12.736165367785,13.750639020901,3.900691786174,96.447483092183
roll_187,-9.411113471036,17.624451044061,-2.114972675625,9.645836728006,17.624451044061,48.251589821063
roll_188,7.310020166293,20.535104584054,-9.099832503152,11.672332518269,20.535104584054,69.947315347275
roll_189,-3.707158225751,20.261416993000,7.444015572862,8.316032104301,20.261416993000,36.234761686651
roll_190,12.425577576968,6.935624886414,3.126430033032,12.812866301991,6.935624886414,83.956950075304
roll_191,-7.889990592740,6.959308947755,-6.303586446213,10.098868928667,6.959308947755,52.746973450819
roll_192,-6.738834718612,13.906263204033,5.557917490846,8.735121075281,13.906263204033,39.832236033069
roll_193,11.925415310013,20.300853186519,5.100967906685,12.970559120613,20.300853186519,85.995987546574
roll_194,4.951323761029,14.427975727624,-2.923230117433,5.749859242276,14.427975727624,18.003478264573
roll_195,2.598870882093,20.299158905862,13.705544597676,13.949769983074,20.299158905862,99.212667156704
roll_196,6.229927626389,16.406871365495,-0.289979372740,6.236672691962,16.406871365495,20.961436759297
roll_197,2.618607796536,9.399746436697,-4.534284727998,5.236109699637,9.399746436697,15.135044526786
roll_198,-5.385665937859,6.434082329500,6.623400589666,8.536675756137,6.434082329500,38.107030620585
roll_199,-0.079314681836,5.207740808291,7.863667529610,7.864067512109,5.207740808291,32.550511048150
roll_200,4.351146616248,16.374679828608,5.743607140012,7.205657489424,16.374679828608,27.545954748020
roll_201,9.156374268355,15.864477019821,-7.563053886311,11.875983067916,15.864477019821,72.353761927321
roll_202,3.911706471913,20.773858607534,-3.870684911919,5.503058168852,20.773858607534,16.593097192355
roll_203,-9.469118703277,18.483154474786,-1.388417997048,9.570366427221,18.483154474786,47.522546633395
roll_204,5.765753010503,7.120270461145,-1.666633375843,6.001797613016,7.120270461145,19.505113564041
roll_205,-8.736777877326,19.981785959489,2.651145627337,9.130162146155,19.981785959489,43.383043248828
roll_206,-5.873896871417,3.483575167407,6.288741080710,8.605284936378,3.483575167407,38.699067459612
roll_207,6.360938602338,16.475897272848,0.959311479389,6.432870153921,16.475897272848,22.219694494324
roll_208,-3.214922744269,4.159080241538,7.602227988555,8.254065582584,4.159080241538,35.717639872932
roll_209,-0.069856686331,3.350580031992,-10.988995369602,10.989217405701,3.350580031992,62.176996938599
roll_210,2.576317987803,9.353726958704,-10.927515455782,11.227110421236,9.353726958704,64.830238371588
roll_211,12.563306852094,2.667599399156,-0.037777530041,12.563363649981,2.667599399156,80.781414506782
roll_212,12.532924932770,20.654610518909,-0.355935568467,12.537978206208,20.654610518909,80.461800437087
roll_213,-9.202493425104,9.347621279073,1.261454359836,9.288549528373,9.347621279073,44.850263285457
roll_214,-7.091283318050,14.510232501748,5.197828559236,8.792253455632,14.510232501748,40.336175425212
roll_215,12.350174554360,4.851106028915,-1.522728086457,12.443693677862,4.851106028915,79.280339724033
roll_216,2.707682483804,1.919509944302,-4.502355297618,5.253831712102,1.919509944302,15.229670313498
roll_217,12.400401599262,2.116574195978,3.269414899638,12.824158202741,2.116574195978,84.102135228203
roll_218,3.580946719151,7.069404231929,6.412592845933,7.344693758974,7.069404231929,28.566979123612
roll_219,5.860033735083,3.891567765979,-1.459601047361,6.039075309496,3.891567765979,19.732616442138
roll_220,9.687018352731,11.939499531844,-6.983353056926,11.941756339996,11.939499531844,73.139803935135
roll_221,1.977465187095,9.864416305878,-4.711613351017,5.109762121240,9.864416305878,14.469355671535
roll_222,2.495055528367,10.897423197075,13.732618366002,13.957439209106,10.897423197075,99.319954964014
roll_223,-8.265643924307,6.634945489938,3.596856153882,9.014335453884,6.634945489938,42.325870295428
roll_224,-8.568297076165,13.855257233290,3.022228854228,9.085680053400,13.855257233290,42.975469222751
roll_225,-0.536377276528,15.515077138434,7.903563200250,7.921742980122,15.515077138434,33.009377149974
roll_226,-1.087986919430,17.629443319982,-10.841094385283,10.895551523785,17.629443319982,61.147797763224
roll_227,-4.074727339767,3.087451926206,-9.786666025402,10.601048758788,3.087451926206,57.968722356373
roll_228,-3.542626357936,0.659838001493,7.500708432279,8.295229261328,0.659838001493,36.060733127323
roll_229,9.490029370379,9.215459908300,-7.207631208282,11.916820258998,9.215459908300,72.841290903000
roll_230,3.249332238019,10.493984643600,-10.809772048042,11.287574217858,10.493984643600,65.513580284595
roll_231,-9.465875464441,12.109209995296,-1.460054741170,9.577815938695,12.109209995296,47.594256925572
roll_232,0.399952717726,1.303109837114,-4.779174860469,4.795880995537,1.303109837114,12.883377886500
roll_233,-6.267328626365,14.377736469544,-8.230087163444,10.344744696160,14.377736469544,55.272266998640
roll_234,8.952355522712,6.614487411346,9.978692077612,13.405930217065,6.614487411346,91.754251946525
roll_235,1.021561217824,1.296479126440,7.653411140522,7.721288066613,1.296479126440,31.428752863593
roll_236,7.989598130012,15.708901854875,-8.607132163241,11.743781433363,15.708901854875,70.786889052052
roll_237,-7.369854776752,13.891904428623,-7.032436508884,10.186752312779,13.891904428623,53.642679821613
roll_238,-9.360745482481,12.199171261606,-2.480439375607,9.683807902052,12.199171261606,48.620533645254
roll_239,-6.738897454076,5.424780936332,5.557857002962,8.735130987108,5.424780936332,39.832323179626
roll_240,8.471437628552,18.601223725672,-8.209520782122,11.796672707444,18.601223725672,71.411674146524
roll_241,9.724620388808,14.084959962658,-6.939225436582,11.946593295418,14.084959962658,73.197779504465
roll_242,7.549859811627,8.698034588646,11.246913573580,13.545975347195,8.698034588646,93.646682532717
roll_243,5.036182341883,19.115487011679,4.947321569468,7.059682945602,19.115487011679,26.494583103987
roll_244,10.267472878029,6.726936663043,8.376105849878,13.250665964751,6.726936663043,89.679027208475
roll_245,11.671782002647,19.412949368679,-3.739810987399,12.256291500238,19.412949368679,76.958349333294
roll_246,11.494074091859,15.049697362906,6.203492921053,13.061281087653,15.049697362906,87.180297346156
roll_247,6.344396980295,3.642665421914,1.448477069400,6.507646184617,3.642665421914,22.709259121515
roll_248,0.406870080795,15.973293948629,-4.780018315486,4.797303238177,15.973293948629,12.890346482993
roll_249,0.480859019835,15.307367491314,-11.028669562628,11.039147508689,15.307367491314,62.729198182677
roll_250,-9.116569108531,19.274132213680,-3.597221306621,9.800603728313,19.274132213680,49.764361308400
roll_251,6.009971449443,18.655062642721,-1.077461956497,6.105790783414,18.655062642721,20.143198303700
roll_252,1.897216041028,18.389598532905,-11.003954052784,11.166307961995,18.389598532905,64.146741110481
roll_253,11.437058404974,14.008584598160,-4.272081398422,12.208889565949,14.008584598160,76.376566578148
roll_254,12.574894435597,1.640280412185,0.113646926332,12.575407973114,1.640280412185,80.933282608803
roll_255,10.115753841190,19.751617870180,-6.452671978753,11.998560390352,19.751617870180,73.822126028531
roll_256,10.906418609535,11.323071338690,-5.276534926709,12.115766080574,11.323071338690,75.240146293096
roll_257,-5.805805073198,12.323818443006,6.338458949177,8.595547358858,12.323818443006,38.614756030337
roll_258,5.818558301181,6.709516107314,3.587669894421,6.835714737727,6.709516107314,24.922482558987
roll_259,12.333307112815,0.750302174628,-1.603371549546,12.437092291405,0.750302174628,79.197950988813
roll_260,3.324901548820,19.153963585792,-4.228035671323,5.378778295052,19.153963585792,15.905574086740
roll_261,2.604440901708,16.217486501749,-4.539193592214,5.233296368264,16.217486501749,15.120051261103
roll_262,3.330393894736,4.478720762679,-4.225154214816,5.379911861088,4.478720762679,15.911776397572
roll_263,-1.884153666538,6.931359183989,-10.655250932115,10.820554859408,6.931359183989,60.330033766701
roll_264,-0.334398904938,9.430961572258,-10.959972601420,10.965072824724,9.430961572258,61.910860875372
roll_265,0.867704756705,8.438350348403,-4.813162228950,4.890750677248,8.438350348403,13.352553678960
roll_266,-9.237045290207,5.216755115167,-3.123487554045,9.750855357025,5.216755115167,49.275496818101
roll_267,-1.479935208670,13.979562565217,7.901733260116,8.039129103074,13.979562565217,33.953495698716
roll_268,12.484718211350,17.279310330791,2.744053634471,12.782723464336,17.279310330791,83.570012355890
roll_269,2.621097875093,9.863818837990,-4.533417131681,5.236604334933,9.863818837990,15.137681421692
roll_270,6.494137208553,8.144503950926,-9.600100685749,11.590330075543,8.144503950926,68.989999177446
roll_271,5.184661142807,15.746438681602,-2.630282056540,5.813698896803,15.746438681602,18.378065177739
roll_272,-9.477237306560,17.688317078858,-1.027398880349,9.532763262780,17.688317078858,47.161414502475
roll_273,2.484278943589,0.233931530643,-4.578984997395,5.209486104783,0.233931530643,14.993469020651
roll_274,10.162887566814,12.076873963314,-6.390373112959,12.005046947785,12.076873963314,73.900246182553
roll_275,12.127237150247,19.807057846697,4.450549299214,12.918098542861,19.807057846697,85.314897196826
roll_276,2.880781830476,16.981500755964,6.878472355781,7.457364541448,16.981500755964,29.408436416592
roll_277,-2.215843260156,3.573162281959,-10.558714520039,10.788716961217,3.573162281959,59.984566664955
roll_278,-0.013306431651,5.942853583443,-10.994355939190,10.994363991552,5.942853583443,62.233800761096
roll_279,5.753085219884,5.872996022060,12.437831320810,13.703927813301,5.872996022060,95.804565956072
roll_280,-0.482917535738,7.837030226797,7.900286468708,7.915032257292,7.837030226797,32.955816978567
roll_281,9.847161350295,18.041970975849,-6.792331618562,11.962539674971,18.041970975849,73.389077354136
roll_282,-5.992534366897,8.996622238314,6.199617189576,8.622396501885,8.996622238314,38.847453695309
roll_283,-9.433164603709,14.967375798281,-0.082519344062,9.433525527755,14.967375798281,46.215110827778
roll_284,11.029833301011,18.835587919375,-5.062342198375,12.136083848653,18.835587919375,75.487354387053
roll_285,-1.917202875312,7.362140382343,7.862783629565,8.093147303149,7.362140382343,34.392549664792
roll_286,5.692858921430,14.583061885077,12.471012558558,13.708931283474,14.583061885077,95.873327947992
roll_287,9.294481727250,0.407990904702,9.608662884672,13.368387823873,0.407990904702,91.250265729235
roll_288,1.655060445136,8.025391187093,-4.767416773474,5.046532251859,8.025391187093,14.142098542060
roll_289,-8.215988930197,16.238074245834,-5.764622110054,10.036600130166,16.238074245834,52.116982805413
roll_290,7.934838861244,8.731169906207,-8.649657228694,11.737897508830,8.731169906207,70.717556716331
roll_291,5.958968800701,13.318410719203,3.235266682681,6.780579597335,13.318410719203,24.543086792112
roll_292,-8.737788620557,6.036000355901,2.648778565737,9.130442369779,6.036000355901,43.385617075267
roll_293,4.522517135679,16.273304825029,-10.468231859513,11.403378425144,16.273304825029,66.832527887293
roll_294,-8.195178354416,2.634137306899,-5.801425400156,10.040791051220,2.634137306899,52.159262409179
roll_295,12.590113606828,19.877075652928,0.365990331247,12.595432090858,19.877075652928,81.186088818248
roll_296,5.872778358496,0.108001282146,-1.429913531184,6.044350945691,0.108001282146,19.764923973680
roll_297,-1.077220386959,4.274711539494,7.916271537770,7.989227673673,4.274711539494,33.550475435222
roll_298,3.256819224287,1.249689365055,-4.263077260284,5.364764597523,1.249689365055,15.829002431679
roll_299,5.128708737870,11.706477701852,4.818929929958,7.037452592220,11.706477701852,26.336321865474
roll_300,4.858793637762,8.045427896371,5.177530991589,7.100331174194,8.045427896371,26.785229315896
roll_301,-1.882044539815,15.923565876254,7.866810010892,8.088806549628,15.923565876254,34.357161498302
roll_302,7.107189057864,19.924736567040,-9.232969691424,11.651603564617,19.924736567040,69.704687838082
roll_303,2.365910454421,9.696590013012,7.153476324503,7.534570711299,9.696590013012,29.992298546305
roll_304,3.277700599347,19.694528756884,-4.252462173584,5.369055387750,19.694528756884,15.852427050979
roll_305,-9.237166331662,19.036633198245,1.116912454617,9.304447069550,19.036633198245,44.998907319509
roll_306,6.351782778871,13.256577605471,0.646147120362,6.384563459714,13.256577605471,21.906364392200
roll_307,2.927989061219,1.404420238058,6.850582359118,7.450073731291,1.404420238058,29.353605874549
roll_308,9.751390669807,19.802159024095,-6.907542224166,11.950052701717,19.802159024095,73.239258121046
roll_309,-0.382607432435,7.855495354396,7.893149384884,7.902417077037,7.855495354396,32.855252605333
roll_310,5.352206587809,5.434046903739,-2.392874487570,5.862760755126,5.434046903739,18.668671006709
roll_311,6.107815766865,1.366670799416,2.778541283860,6.710119604603,1.366670799416,24.062614991382
roll_312,2.301089743657,12.782318269132,-4.633401319950,5.173337588065,12.782318269132,14.802357310480
roll_313,1.593901071254,13.339318155640,-4.775555294146,5.034525696865,13.339318155640,14.080399645861
roll_314,1.231083873382,20.313103299653,-4.807946679323,4.963055387008,20.313103299653,13.716055787772
roll_315,-0.211204267870,6.374070666793,7.877954110939,7.880784746256,6.374070666793,32.683173749372
roll_316,5.695378217289,3.949842499938,12.469632474210,13.708722299319,3.949842499938,95.870455408268
roll_317,3.322806103246,12.201235812858,13.492572428430,13.895702613981,12.201235812858,98.457962236467
roll_318,-5.078113956438,20.645531918064,6.809787196973,8.494730308999,20.645531918064,37.747381247404
roll_319,5.313394645217,4.322918885017,12.671165364328,13.740108964122,4.322918885017,96.302360989057
