x,y
0.5907286878135023,-3.3765168341433829
5.2309850795888728,-1.2074405413242553
3.1902828509542172,-0.45048593848223684
2.9058190748474422,-3.0901683566746412
1.3447562744862296,-0.79298039934300846
4.193913270751362,3.9947241521863575
0.7816989872842578,-5.5623380391170461
2.8679086022170477,-0.73181738022957643
1.1506749644277616,-2.2213079132924918
1.2036807817356685,-1.6689271178911409
-1.1480051315947541,-3.8936830564659441
2.1136729494148474,-2.9426846196228231
1.4830304879132017,-1.8578127129179556
0.30005984018432097,-1.4649975244892055
2.2655692129964367,0.3396005774106241
2.1216124608295761,3.328445355516207
2.8035413345627278,-3.5871638824646954
2.2378834760014783,-1.5314662291591603
0.54341425479591676,-1.436779062473871
0.91970075350256097,-4.0140129171802972
