x0,x1,y
1.4694711899068715,1.3191340768018462,1
-0.67220838632266888,1.4345440140235266,1
1.5516884446252348,-1.4361842311138693,1
-1.9631215560737205,1.5164099678669625,0
1.4588290445358107,-0.43053862350508609,1
1.3868066214585828,1.6958157204196986,1
1.2433000821874018,-0.13767127509608068,1
-1.6628224868135302,0.12500441162877607,0
0.1183975255105163,1.4175244658121136,1
-1.5417320278204074,1.3315669046134606,0
-1.751968222167926,0.33691937859334331,0
-0.083506549131405983,-1.0827564181507161,0
0.92492287407279905,1.0031023870001792,1
-0.72572540987470546,0.074777709044847818,0
-1.529237592760468,-1.9718557979733364,0
0.92452785029503337,0.52847011198160132,1
1.2588486738588647,0.12733094515878252,1
0.40111960473518771,0.87384375005485282,1
1.2654468649632342,-0.057133396208767895,0
-0.57967706253301721,0.61417833689734058,0
-0.96154180221620322,-1.0837721243994025,0
0.83189892281160693,0.12883669476361925,1
0.91658985656773995,-1.7223166770152556,1
-1.5869900913934085,-0.078655429516986786,0
1.5846745001442804,0.83922595868805683,1
0.40600331659672007,0.16064638060225622,0
-1.1109690311896432,-0.21286892632979271,0
-0.57992707554423673,1.0872521352437037,0
1.7821557550440317,1.5594115049844044,1
-0.11350196703973747,-1.2636291638342567,0
0.67259188734939324,1.417581456367194,1
1.5789165589407976,1.5865870839843845,1
0.7611505323129899,-1.3978894607564385,0
-0.85403385934796994,1.4465149473517518,0
-1.5876434508807318,-0.71960133804002746,0
0.12165086765866917,-0.49526515696093298,1
-0.45715490391754221,-0.31816318024709656,0
0.8926359712566474,0.74806807582604673,1
-1.8599665035701958,-1.8394966980585332,0
1.4812248344938777,-0.73035433827456853,1
-0.93689061227528825,1.1650199376276493,0
1.2904240100503728,0.12208855755209802,1
1.0110357321206922,-0.02808556801301787,0
-0.17709462364205919,1.1824717457157607,0
-0.50137782218704174,1.8129410176367493,0
-1.0739596467922987,-0.85526314630955458,0
0.80969184557940244,0.33066109990901404,0
-1.2001909033942737,-1.524543933267585,0
0.71644673620627808,-0.6225942939185849,0
1.9010669021937643,1.2172505757617742,1
0.015253418416862452,1.4565849073728945,1
-0.72006078620614122,-1.9708418230137834,0
0.71420403607432048,0.032876195615301196,0
-1.1796177352711519,-1.208785746322778,0
1.0749692442473138,0.40824697097208418,1
-0.59252589229398422,-0.61024636227523743,1
1.1788754025544539,0.21460624338407586,0
-1.6429360004098048,0.7069819224946805,0
0.27737603658940913,-0.7031843680432277,1
0.63134760820712366,0.63248622122882781,1
-0.66139600738672089,-1.0500752977590144,1
-1.3460001348235142,-1.1342563886548374,0
-0.13766067877342714,-1.9108155089785499,0
0.021510438616916261,0.15457743076357078,0
0.47390219843529291,1.3427164169786567,1
0.14597425225686766,1.953893054748121,0
1.1537214204347168,-1.085445422887426,0
1.849910633680282,1.930869622585512,1
-1.687303023603409,-0.85523243637565294,1
0.56269624915205219,0.51597118617865689,1
0.13454168599752281,-1.5895038828849044,0
-1.9399562928731293,0.72558540923220027,0
-0.55643979763392348,0.069669625992926587,0
0.78025037815026543,0.70859901801678493,1
0.80682388782827985,-0.95187360652381292,0
-1.7946655944268124,-0.90496241786064058,0
-0.41661030915815189,-0.90799968960976329,0
1.7936800940668296,-1.3994677931660777,1
-1.5605084687559567,0.60195218659259542,0
1.8405019680054666,0.11897895683105597,0
-0.96672679150652074,1.4577125879204935,0
1.1343283090369791,1.3622618456645874,1
0.8777038325780282,0.98178534532466966,1
-0.85671991134770931,1.6514859365869303,0
0.49905405267779157,0.42462372025254291,1
1.4459667606655784,0.88071476853356412,1
0.068798422788013625,0.73075867577834863,1
0.70130866524839464,1.6858453372273177,1
-0.17812780368345704,-0.58566985738889166,0
1.0379117015464572,1.572550667779113,1
0.92668925736401375,-0.92621037042610244,1
-1.2222407175982708,-1.9558760646703925,0
-1.5473951400743662,0.39804350040907099,0
1.6459364865520394,-0.065050375334786636,0
0.92946943404990989,-0.4401785681768251,0
1.0626143300324187,0.69595966126083031,1
-1.3061797061104956,-1.1311290945521071,0
-0.94268931355508867,-0.70037730648295415,0
-0.16867518116676505,-1.6547903644284991,0
0.61188235971148552,-0.95104522473079367,0
-0.2551241242713016,-1.609565816044408,0
1.5279723780280663,1.5558209079912975,1
-1.103644308268497,0.90102504355282864,0
0.20921913148329807,-1.1671675735007785,0
1.4196569106339521,0.63011909665399468,1
-1.6434979004292929,1.6526537445077256,0
1.2051328146982074,1.7968482886640911,1
-1.7343373309951016,-1.9409711246520516,0
0.45927929084069286,1.792254151775305,1
-0.21001349836711958,-0.68389544215891318,0
-1.570982825932683,0.74926436331208635,0
1.0167954136513866,0.36577522628541015,1
0.83062835889583697,0.072338736042646623,0
-0.54833318301094858,1.6508522832369694,0
1.8550573034048563,1.3698978191133158,1
0.5167653422770786,-1.6211743822515814,1
1.7707699515944531,-1.5895566293689587,0
1.9647837829951849,0.77668451796224991,1
0.81340087038806175,-1.7831077654889915,0
-1.1616222647685004,0.56543553030324833,0
0.66111594048097189,-0.51212604094277259,0
-0.18520987108986198,-0.58730689431915106,0
-0.055516845159836681,0.98504353818205903,0
-1.4769642503077982,-0.28343972514398619,0
0.81422902318420842,1.2581271368239446,1
1.2585783873180461,0.42591807487529421,0
-1.5616176253479375,1.0629324457589813,0
-0.11235171152904222,-1.0003285189342752,0
0.21489345240537094,-0.12207323452335528,0
0.48669347673346541,1.2198922039067814,1
1.9205151418006672,0.21066069404585663,1
-0.49393715609720212,-0.47620027409327959,0
-1.2871598278487286,-1.3797024477202218,0
-1.0151498577760627,0.26453025900028582,1
-1.4919124896838327,0.11428409093578473,1
-1.8084262798029318,-0.41965036657215204,0
-0.0053934198940934763,-1.3221582942098702,0
-1.7313552637327771,1.3844401807492179,0
0.058519402965130585,-0.94023910058902294,1
0.81581157041244268,1.613532058358905,1
-1.7055422849329367,-1.8886983942150208,0
0.25029664556319231,1.355473202649343,0
1.6378084154500434,-1.1922830079326605,0
0.054919751399300498,1.9055251006847218,1
0.14625640423397135,1.4619395793003265,1
-0.74881511424049263,-0.4269153543137123,0
1.7497906721025456,1.1431385879373188,0
-0.77462772686116121,-1.6184664957025943,0
-1.0153547152995053,1.7011816832698554,0
-0.066998814706655363,1.2668143432806587,0
0.410340762374799,1.0193319477744716,1
-1.7891519056022922,0.52464153812146241,0
1.3811423259492939,-1.9562963609884405,0
-0.70368603952083664,1.1229530875262235,0
1.5808735544636052,1.5187075952580367,1
-0.61713982313601523,-1.8898733629008841,0
-0.19109838156697423,1.9501029194104147,0
0.33686384889347343,1.6062941290191084,1
-0.83433865252473183,1.6767590708088802,0
-0.006569567394755893,0.44009914074873757,0
1.2516455564007041,1.4569041155299076,0
0.2926531222607176,-0.10405780885040539,0
-1.7784396735022576,1.1831747306430822,0
-1.8023653455655029,1.5535162930526831,0
-1.1357518711839947,-0.76769346823437035,0
-1.2980101731954683,-1.7381885908740284,0
1.8130003678741478,0.47752960123061827,1
0.25865835345129895,-1.7495842772745185,1
1.8649370281585602,-0.82046678676718665,0
0.0094577551107479785,0.72692147689012954,1
-0.82384259830412221,-1.3365236019516349,0
1.9821272648511949,0.86249176804306815,1
1.1835029457687924,-0.97613291655095225,0
1.1162720678137878,-0.5065200281410962,0
1.8405444185125299,1.2734022772934943,1
-0.43481501366418085,-1.6824062342903217,0
0.81650714367873034,-1.7754035509231691,1
1.6535481822028153,-1.2186114569447475,0
-0.091150986367859232,-1.2154727401715202,0
1.3632598303355907,-0.41772023479951548,0
0.4485278108982409,-0.94354317486246719,1
1.2675325612320956,0.069427189418022728,0
0.68931539586136736,-0.85722613037048179,0
-1.5235411763888584,-1.6555912786130866,0
0.52536307318961395,0.46184727330114095,1
1.4892936113533675,1.39901325672554,1
0.79751310919746254,-0.17987348614418108,0
1.3191214112332577,-1.5933111142424603,0
-1.1594934190076276,-1.469301744654262,0
-0.52148893860240086,0.57191841167643398,0
-1.1607927465620653,0.89544642736710545,0
-0.20280442080771977,1.3782581770228912,0
1.4358944478574007,-0.88367907396743339,0
0.43526666938571035,-0.67156306117776898,0
0.56510080537241825,-0.86022891706296223,0
-0.81126181341650438,-0.25307183573345249,0
-0.96134000677459408,-0.37084122090380323,0
0.61758023235321513,-0.14691182607330511,0
-0.68462148396081357,-0.92388251441394686,0
0.14477444924821992,0.80781555029954699,1
1.3853618631804876,1.4072291762275304,1
-0.0031165226465073026,0.78287855663857941,0
-0.40941759834299907,1.8019178354526844,0
1.9337703745859676,-0.01245669988644682,0
1.0634336703470266,-1.1695535637403061,0
0.34360992964901049,-0.55400811334898981,0
-1.5387039177179447,1.2567302509845271,0
-0.75407947381780227,-1.0306427448186413,0
0.82019936425315132,1.5011855624162114,1
-1.2236908963095749,0.32486876126084763,0
1.0876706939765262,1.4474594308595412,1
0.70812025460258265,0.96457756332687561,1
-1.1383771460745855,-1.6931501482789333,0
1.1479526109484177,-0.18196879863544302,0
-0.30528120390744373,1.0722677081265362,0
-1.9519191748038747,1.1849378155518586,0
-1.0408553470016852,-0.8833365560041293,0
-0.92139761840081746,0.99208053308243782,0
-1.1574959318313205,-1.560770227135325,0
-1.7559542329799558,-1.5037748975204868,0
0.01180501403469858,-0.98457378995525735,0
0.70748608879126929,-0.30795570118940852,0
1.5445692691134281,1.1636190747265109,0
0.14893741398982385,1.983496002331699,1
-0.27041782206850717,0.67000805743425484,0
0.17550450860499067,-1.0310169432329315,0
-0.18072249880492031,-0.12398505700131324,1
0.0032312875298279309,1.2437967053136876,1
-1.1567487935532288,-1.2790356250354726,0
-0.048517075363054385,-1.1120001482314223,0
0.53974328743581257,-0.45394532343078398,0
-0.45139877714550103,-1.5288051945539509,0
-0.094375316259886599,-0.5013677393618079,0
1.4575663502977312,0.50296732203439509,1
-0.49701633771355835,-0.97760295644131689,0
-0.78821519310564891,0.85839570874241744,0
-1.8067521882926423,-1.5909578891961176,0
-0.84110222218513186,-0.71369561729146458,0
-1.338404046900854,-0.73226535309263552,0
0.40721999009011034,1.0864037915361928,1
0.9016471453391488,-1.3224217811896075,0
1.339541940182428,0.67387656624982784,0
0.083764921352162958,-0.26442251752851709,0
0.010836333793931896,-1.8276507629377048,1
1.8661834367319945,-0.48862134168396576,0
0.018254365358158609,-0.52623377518304615,0
1.9334688151420165,-0.41090542216211112,1
-0.58841504132029421,-0.1633035072268334,0
-0.10103410316105066,-0.34202585205213065,0
-0.899268739081446,0.22127361801023282,0
-1.8925961385703078,-1.3448619854525283,0
0.68850402103177455,1.1962226673620662,1
1.1097857209438473,-0.33129481391835114,0
-1.9661134087248602,-0.74679619724706026,0
1.2278659157255718,-1.9898847025945989,0
-0.68452587779590157,-1.9957813326232317,0
1.28048248356885,1.472787886977585,1
-0.55490096299151137,0.57556678203250033,0
0.068371591354897454,0.3508722969407132,1
-0.75859197508976095,-1.7790498990464192,0
1.1305948127258927,-1.4998708061553332,0
0.32933018384791257,-1.2993499986628012,0
-0.87699796532993401,1.5652069801361668,0
-0.98643420258379866,0.40149773275675349,1
-1.5303159260174795,-1.2989688207763086,0
-1.8116548559773791,-0.29424943394473013,0
-1.67816014318052,0.55997309333206369,1
-1.1042171294465821,-0.082865827365009803,0
1.5539101984594366,0.16262427891536291,0
-0.80576806460954709,-0.61294792510123397,0
-0.51208060130692035,0.25079819537972092,0
-0.99824885769963867,-1.3154434978737064,0
-1.3500803717558498,1.2111932631444242,0
-0.36430258081372369,0.070846493173531311,1
1.3202814580823721,1.15194504612474,1
-0.8179602441158087,-1.82898050067165,0
-1.5838133483773689,-0.28132770050550526,0
-0.031270604556203008,0.20687283766073339,0
1.7002728224566117,1.8509745517589504,1
-1.813906426256132,1.2990668323862287,0
0.83808018773406401,-0.41597326845765226,0
-1.7000411555076602,-1.9660062325356438,1
1.159092773928343,-0.58278275195717733,0
0.84880914128303164,1.5107347693861484,1
-0.14814823085050621,-0.60813077713037522,0
-1.5946809613218997,-1.0585728575716078,1
-1.2869654848310264,-0.15655022889528958,0
-0.54525492342069226,-1.673739450411404,0
-0.018719597569277102,-0.91457006243190397,0
-1.4102979432875404,1.2841116506434025,0
-0.46561218774341739,-0.7465559728329243,0
1.5790305781883904,-0.27188037421770872,1
1.6881518685452597,0.034705080472956951,0
1.4438124392502076,-0.7859883319934835,0
-1.2055031901564046,-1.588804213453062,0
-1.3074179505376926,-1.4359076899729253,0
-0.4529230332696037,-1.7353945283809327,0
-1.1997964560877405,-0.67290983485553113,1
1.037203828760171,-0.53872038155576485,0
-1.9707360150709863,0.53782414835709069,0
-1.8876322171654989,-0.45171617609511561,1
1.7513274685400098,-0.88260829086690018,1
-0.13465059585967687,-0.72138689476302842,0
0.96811524077692379,1.6650695627673309,1
1.2595342503682718,-0.41664970511825228,0
0.3427887755579353,-1.0137184958338965,1
-1.9027282537533989,-0.47882897294522975,0
-0.48467631788367616,-0.32508448207044482,0
0.40332230693595195,-0.78583428023736701,0
-1.1285222705376823,1.7406231009423543,0
-1.2895060531935973,1.4771672127930731,1
0.1788044991977884,0.24332172815279929,0
1.2275509488240357,1.5497412574464984,1
-0.40659494645780425,1.2902475718965136,0
-1.0858194786833821,-1.3881914826606008,0
1.5038378144623579,1.5461687990481243,1
-1.7160525174900503,-0.73726991843803091,0
-1.0288543248432238,-0.94561226003216747,0
0.16877266163150439,-0.26801153006746992,0
-0.85586446024545815,-1.0243982801858249,0
