id,x,y,true_mean,noise_sd
T00001,-0.59147044626656742,0.26469273424660816,0.64511773224005964,0.37744113387997025
T00002,0.40247185448149114,1.5117290995564356,1.2414831126888948,0.32074155634444734
T00003,0.23435594727405107,1.0448796903717392,1.1406135683644307,0.27030678418221532
T00004,0.11124687477068251,1.2379989288008963,1.0667481248624096,0.23337406243120476
T00005,0.6738261485596424,1.6245522928019331,1.4042956891357854,0.40214784456789276
T00006,0.1168886686267081,0.63037342233339322,1.070133201176025,0.23506660058801243
T00007,0.41509497868312284,0.51794273031935922,1.2490569872098738,0.32452849360493685
T00008,-1.3960622575318715,-0.040812061734472938,0.16236264548087709,0.61881867725956141
T00009,1.0487671577621542,0.95566668926961751,1.6292602946572925,0.51463014732864631
T00010,0.69918529275231744,1.2226355409813998,1.4195111756513905,0.40975558782569521
T00011,-0.69871146908817616,-0.025292517861032482,0.58077311854709435,0.40961344072645289
T00012,0.022099549595304246,1.1466096326619157,1.0132597297571826,0.20662986487859128
T00013,1.3012309015967607,1.9764350686066028,1.7807385409580565,0.59036927047902821
T00014,1.8742060474445821,2.2179799966318758,2.1245236284667492,0.76226181423337458
T00015,-0.61776770204132081,0.20640226425411179,0.62933937877520751,0.38533031061239625
T00016,-1.7526939464835296,0.3067497351746864,-0.051616367890117809,0.72580818394505897
T00017,1.5591569715517073,2.0854468563696269,1.9354941829310244,0.66774709146551214
T00018,0.32830574143745439,1.2284586081187647,1.1969834448624725,0.29849172243123634
T00019,0.23589760712253005,1.127599590263112,1.1415385642735181,0.27076928213675899
T00020,-0.52097961962706263,1.0052588775333102,0.68741222822376247,0.35629388588811883
T00021,-0.30840850091079819,1.0993958398324708,0.81495489945352106,0.29252255027323948
T00022,1.808798669628056,1.0666021144451152,2.0852792017768333,0.74263960088841685
T00023,0.76324964104625748,1.2968944995508258,1.4579497846277545,0.42897489231387725
T00024,1.1333791153619792,1.5640172140018629,1.6800274692171875,0.54001373460859381
T00025,1.3670204804356381,1.8452681852802046,1.8202122882613829,0.61010614413069142
T00026,-0.48116614682233738,0.46316284451082512,0.71130031190659759,0.34434984404670121
T00027,-1.5549567618466629,0.06627822835437544,0.067025942892002366,0.66648702855399877
T00028,1.4557225232209379,1.3188000014749646,1.8734335139325626,0.63671675696628138
T00029,0.92522330259749763,2.1708049421270088,1.5551339815584986,0.4775669907792493
T00030,-0.69657455962369541,1.4676724370325909,0.5820552642257828,0.40897236788710867
T00031,0.75112226848003694,1.0576325780572231,1.4506733610880223,0.42533668054401108
T00032,-1.8225917654231765,-0.10339663604181981,-0.093555059253905837,0.74677752962695298
T00033,1.0869206842752415,2.3212918800096283,1.6521524105651448,0.52607620528257248
T00034,0.97633436147580888,1.7444959760528238,1.5858006168854852,0.49290030844274269
T00035,-1.5600808741071539,1.0867351475096547,0.06395147553570768,0.66802426223214617
T00036,1.6779039320915188,1.8367480934592266,2.0067423592549112,0.70337117962745555
T00037,-0.090520998142037179,0.89597218832343284,0.94568740111477767,0.22715629944261118
T00038,0.89161709059752825,1.2642161074983622,1.5349702543585169,0.4674851271792585
T00039,1.5118207325189865,2.9326763236567737,1.9070924395113917,0.65354621975569593
T00040,-1.011446458399091,0.21475399092997474,0.39313212496054539,0.50343393751972731
T00041,1.1170293623463636,0.25996693299695428,1.6702176174078183,0.53510880870390909
T00042,1.6873968091197256,2.1779901156480466,2.0124380854718353,0.70621904273591762
T00043,1.4374628710024973,1.6564203839827738,1.8624777226014984,0.63123886130074913
T00044,-0.10806613015037003,1.0269660212777876,0.93516032190977794,0.23241983904511102
T00045,0.62821359227147644,0.98270074651506079,1.3769281553628858,0.38846407768144298
T00046,1.8830315232178387,1.3720109677072549,2.1298189139307029,0.76490945696535162
T00047,-1.3036624894195423,0.90202187877107809,0.21780250634827458,0.59109874682586272
T00048,1.2001549992460725,0.85873853447184267,1.7200929995476435,0.5600464997738217
T00049,-0.35365742316574567,1.5781632827502237,0.78780554610055264,0.30609722694972369
T00050,-1.2201821104814274,-0.125028175516739,0.26789073371114358,0.56605463314442828
T00051,-0.25793693745692492,0.76396638394210847,0.84523783752584503,0.2773810812370775
T00052,-1.1791465744899821,0.9249124565741591,0.29251205530601077,0.55374397234699457
T00053,-0.2608367953524473,1.1381797924630359,0.84349792278853164,0.27825103860573419
T00054,-0.050472823404683176,0.74827962814422788,0.96971630595719005,0.21514184702140496
T00055,-0.69082470157305575,0.73672204405219677,0.5855051790561665,0.4072474104719167
T00056,1.7839643561915701,1.5939656416765322,2.0703786137149418,0.73518930685747108
T00057,1.4971962767388822,1.8299567316031073,1.8983177660433292,0.64915888302166469
T00058,-1.3298070458091611,0.3804202815964054,0.20211577251450341,0.59894211374274831
T00059,0.31346595782817133,1.0025956070535367,1.1880795746969028,0.29403978734845138
T00060,-0.071003568672073136,1.3890064755987317,0.9573978587967561,0.22130107060162196
