bernoulli,binomial,categorical,poisson,gaussian,mixture,mixture_group
0,3,0,2,1.143286961766194,1,0
1,0,0,3,-0.2170056859460896,1,0
1,3,2,5,-0.74319380841462568,0,0
0,0,1,3,-0.58597088496709615,3,1
0,1,0,5,-2.0298568788112927,2,0
0,2,0,4,-0.22309523992714242,1,0
0,3,1,1,0.93308961900107334,1,0
1,3,1,5,-2.5029326728215571,1,0
0,4,0,5,-1.5089214641335822,4,1
0,4,0,2,-0.96419629752844171,8,1
1,1,1,3,0.018440575485143218,11,1
0,3,1,1,-2.6864447221586873,1,0
0,1,2,4,0.52699440895394734,1,0
0,2,0,3,2.5189402675359336,3,1
0,3,2,2,2.7858392597106763,8,1
1,1,1,6,5.1696622153156193,1,0
0,2,2,4,0.28055006777142455,0,0
1,3,1,6,1.6670956716362988,8,1
0,3,0,1,3.5527342966740059,12,1
0,2,2,4,2.798412717160045,4,1
