row_id,split,x,exposure,true_mean,poisson_y,overdispersed_y
1,train,-0.7925820580266989,1.3929681139728001,0.71148321020253946,1,4
2,train,-0.26030170054758095,0.82251765697779167,0.75448702350311059,0,1
3,train,-0.52156926449031671,0.84157344124513034,0.57914164970865345,1,0
4,train,-1.5345053636836665,1.2388013669608091,0.27976323369371997,0,0
5,train,0.37935126952491416,0.84669315668355472,1.5696763879226425,1,0
6,train,1.9531473307552081,1.1003870471814907,11.520453753544325,12,20
7,train,0.26444069553650573,0.9364853435412166,1.5299933020047076,2,4
8,train,0.98210622912092171,1.4643397346401743,5.2683714911223616,8,12
9,train,-1.2563703364265266,1.6462396126131835,0.50484001305099191,0,0
10,train,0.17569005200398946,1.1844245476073203,1.7550829135842629,0,0
11,train,0.75283881620396098,1.1855977515370331,3.3147088008725847,6,1
12,train,1.251004977548845,1.4606951454841182,7.0640456438565211,7,6
13,train,-1.8864726523372082,0.58905233038209515,0.090323268599244888,0,0
14,train,0.50709805101129168,0.83949843681295966,1.7911487819028247,3,0
15,train,1.9879425022517854,1.4891020192001108,16.198360267776824,26,6
16,train,-1.665114537249976,1.0898362742491057,0.21318423946628326,0,0
17,train,-0.18877191681404515,0.73746498041457342,0.73184554998315998,0,0
18,train,0.229981101928181,1.3391727671066505,2.1065073623045616,0,0
19,train,-1.9630197502270659,1.0975210616226467,0.15469997717880468,1,1
20,train,-0.17657737339645685,0.59690543114626671,0.60035646270763088,1,0
21,train,-1.5335652525670667,0.95342357648730092,0.21553805720109717,0,0
22,train,-1.0127361458155639,0.94586268950624963,0.37920905511036607,0,0
23,train,0.62065658973990967,1.3874937076940463,3.3542267949036186,6,8
24,train,-1.7009820689696782,1.6524417314228779,0.31073145001642827,0,0
25,train,0.28602685471698752,0.9129709700780142,1.5274174149539763,1,2
26,train,1.0048957790908353,0.79241582677017253,2.923309502811569,1,0
27,train,-1.7022716686022008,1.2556043599408828,0.23577393936047775,0,0
28,train,0.10168632313768722,1.8090411715295283,2.4710716449030965,2,3
29,train,-0.83513280269283507,0.84687778244864997,0.41277816035407522,0,0
30,train,-0.29467612927105291,1.89686601229764,1.6754123513558188,1,0
31,train,-1.4244764258313869,1.1388447710937242,0.29027989145832278,1,2
32,train,-1.8922263662357217,1.731209666641488,0.26378296679266394,1,0
33,train,-1.0316351558395969,1.1245840812964134,0.44158470959086171,1,1
34,train,-0.049680670596705667,0.57089563761218554,0.66020981369421816,0,0
35,train,1.5432350345511625,0.696780058216666,4.6472380020044932,4,8
36,train,0.10179303311693388,1.1958859588955968,1.6337200199177784,0,3
37,train,1.5442275567338544,1.6534877315247329,11.04013364298614,11,14
38,train,0.4862668769153724,1.7502639614687039,3.649755489939392,8,1
39,train,-1.6646081805682513,1.5969233718535627,0.312550221754958,0,2
40,train,-1.3514175894434235,1.9522431979198136,0.53924768913195598,0,0
41,train,-1.2226458283273058,1.6443569026929856,0.52332057740407478,0,1
42,train,1.7521568152711611,0.7769998353945059,6.5211931413505519,6,7
43,train,1.6010379131668473,1.337902150135555,9.5090552809197817,14,8
44,train,-0.69672015692607614,1.9700156831144924,1.1181207017015169,1,0
45,train,-1.8756281890310822,1.9133807105768663,0.29691204614853245,0,0
46,train,1.4820044807667965,0.68852670931916127,4.2930771524589399,5,0
47,train,-0.78337231095512605,0.76148667227569899,0.39290314385337999,1,0
48,train,1.1277431156934901,1.9427141928102671,8.2038494645644171,4,3
49,train,-0.71566178928166435,1.9041107091558029,1.0584304593014262,0,4
50,train,0.17352559073550333,1.7614694956834378,2.6039422618171648,2,2
51,train,-1.3730498950704306,0.74864732806849454,0.20192839028297641,0,0
52,train,0.13936543402992063,1.2850847465598636,1.8296535724040488,3,0
53,train,1.2592481067428105,1.7376626508821613,8.4800286090858972,6,11
54,train,-0.83905581583254341,0.66197979880261359,0.32126735003808177,1,0
55,train,0.61888129851165985,1.8658073111737616,4.5017367304448861,4,3
56,train,0.40551783333833402,1.5005501502330749,2.8630898945835268,1,1
57,train,-1.7331302672117754,1.7005017752669476,0.30865845886715043,0,0
58,train,-0.90426670685267307,1.0513245476677726,0.47490403146129312,2,0
59,train,-0.18389181204930738,0.96055645128568123,0.95836792545520733,1,1
60,train,1.1544061173591484,0.75852716024002487,3.2985073768096633,3,5
61,train,0.92000312837539999,0.65799358470463065,2.2109965551414676,3,0
62,train,1.8067278447787372,1.3235226795093022,11.79525707418035,6,9
63,train,1.2525756220572197,1.9433041898034615,9.4142349405534809,6,21
64,train,-0.42160246780796218,1.9058274793033982,1.4639724133410348,4,0
65,train,1.6115645487109189,1.5580229144077717,11.202518941461252,9,18
66,train,0.29365031751338355,1.487283355982737,2.5092064657603723,1,1
67,train,1.7893050735258962,0.80536339343068764,7.0411668196658352,7,8
68,train,-1.531276695563847,0.82608227042943727,0.18722105002658754,0,0
69,train,-1.5690234133466556,0.93930130692104119,0.20422259556456385,0,0
70,train,1.1396626074641918,1.1630038274972763,4.9760431787312571,5,1
71,train,-0.90957593357193822,1.149132197967321,0.51606297319109617,0,0
72,train,1.5300163598822398,1.2513440253170689,8.2254761849558307,10,20
73,train,0.23094614886417419,1.5713507490725327,2.4743466044125779,5,3
74,train,-0.21614249930634566,0.85104867678470053,0.8195148978494059,1,1
75,train,0.92762588476284247,1.7612564017880872,5.96802404726819,11,3
76,train,-0.20803978792427413,1.1657194298244948,1.1325759793222592,1,3
77,train,1.450250430147908,1.958645255365042,11.793263883930665,9,1
78,train,-1.7335489496475316,1.0578548783095438,0.19192306571759485,0,0
79,train,0.59920067305696456,0.52556486489546805,1.2409026752675385,2,1
80,train,1.5334910017130503,1.51098679512053,9.9702239486278383,10,18
81,train,-0.28246232508662272,1.0766195704523946,0.96378941963175091,3,1
82,train,-1.3563029703033105,0.6529362294773422,0.17938712847248936,0,0
83,train,0.038338643150645169,0.98675275944509078,1.2571367815023582,1,0
84,train,-0.054281385742237731,1.7839805643243278,2.0526622626971784,3,3
85,train,-1.8697951089302576,1.7348595222229888,0.27094263032771976,0,1
86,train,1.7544532983045165,1.4284844488001331,12.019287899477144,14,7
87,train,0.26134775927684517,1.06160176066325,1.7285128209528278,3,4
88,train,1.8017066340748604,0.65903592493423679,5.8409886145860161,11,2
89,train,1.3709142752311085,1.1805422083538937,6.5141682421531959,6,20
90,train,0.57221592085150119,1.5566975572568835,3.5679961647479135,3,5
91,train,-1.5841365593781069,1.0837560406785482,0.23174505964891862,0,1
92,train,-0.71535903562919856,0.91162693045088483,0.50691123010100614,1,2
93,train,-1.9177499065726868,0.96959261901473759,0.14364588020990582,0,0
94,train,-0.40667447108734267,1.1650573746927306,0.90976260809615672,1,0
95,train,-1.6639875087655707,1.074187137846591,0.21038375000261908,3,0
96,train,1.997445031407747,1.5753350624056637,17.316460484557471,14,42
97,train,-0.98688603604791814,0.5744447710087428,0.23694530146716483,0,0
98,train,1.7221779010762877,0.74922229632950221,6.0840837657905791,2,13
99,train,1.2560543504331427,1.0303671426162284,5.0106967302758987,5,1
100,train,-1.3295772654672762,1.7109865954107601,0.48409949195778096,1,2
101,train,-1.2691739275793865,1.6918790497157752,0.5115798760723963,1,0
102,train,0.54332705999861908,0.82166799338646035,1.8243812701442765,1,5
103,train,-0.3655624727449367,0.74812165072675429,0.6112138386662721,0,0
104,train,1.6199867507697525,1.4316139396575065,10.389418775921545,8,13
105,train,-1.5726941225812157,1.3730721819251004,0.29732994317266648,0,1
106,train,0.52516244236512355,1.2807008317537427,2.7873355499261856,3,4
107,train,-1.6954721035836702,1.817387050411257,0.34382601117545969,0,0
108,train,1.7086322308853661,0.64688082087444565,5.1753255731487595,6,1
109,train,-0.75967277869338767,0.92209050903673684,0.48833582158176092,1,0
110,train,-0.386443098632685,0.77555492954043892,0.61923906065626066,0,0
111,train,0.28445137271032328,0.57557629913808972,0.96128247868968697,0,1
112,train,0.50648397264823375,0.9477531199789192,2.0207548653156633,3,0
113,train,1.321076296838132,1.5031352979728378,7.851754828570586,5,14
114,train,-1.6624961915422478,1.4364622827128593,0.28179865061393095,0,0
115,train,1.1744796314488166,0.54750696241699337,2.4340279896990507,5,4
116,train,-0.29507825187346226,0.77696176667458894,0.68595022429538577,0,1
117,train,-1.2369849593991731,1.1389297309791762,0.35679479500030215,0,0
118,train,0.73723171879381244,0.62291568882723447,1.7119118559524793,1,2
119,train,0.051090236977385572,0.95721665872209871,1.2367336379627385,2,0
120,train,-1.8295136472951938,1.5453240630025613,0.25227604504590451,0,1
121,train,1.973108218203846,1.7553098239953582,18.785107830421865,18,29
122,train,0.72626281385575053,1.0955448473801155,2.9746932138201783,3,0
123,train,-0.27457367513713749,1.1934142469225368,1.0776548785703308,0,5
124,train,0.63327637131551606,1.4086894491958528,3.4530704196462998,2,5
125,train,-0.19012520310758596,0.72533347318451502,0.71873576643808312,1,1
126,train,0.66533409715127512,1.3315860339617975,3.3812255933945283,2,3
127,train,0.86826332819713414,0.71670861523025098,2.2750539027864849,1,1
128,train,-0.88299299790997798,1.6392977577142696,0.75803604319363727,0,1
129,train,-1.039634407965861,0.78343416741372418,0.30493211735335085,0,1
130,train,0.87678402965537927,1.025803856310755,3.2868806617972801,0,0
131,train,1.2386775493928046,1.7857857912363551,8.5198935094790986,7,16
132,train,-0.99591022477295921,1.6908792827717734,0.69055989531060247,0,1
133,train,0.092731747022890332,0.51405676296848934,0.69529666796966216,1,3
134,train,1.2891117486048165,0.61304064758601751,3.0916313219192708,0,0
135,train,1.7136212125618493,0.73503889073972906,5.9129890513886467,5,8
136,train,1.5393331944512481,0.92756182975799806,6.1599625007469356,8,1
137,train,-0.045263813569477396,0.56736724993841092,0.65932501440405378,1,0
138,train,-0.79990875646741433,1.5633958715314766,0.79212241397440364,0,0
139,train,1.8721777084364573,1.5798846519336893,15.131025708790466,16,47
140,train,-1.0552084104814377,1.5433930003500747,0.59052340294232719,1,1
141,train,-0.81489512700930478,0.78369137060538119,0.39057915218414851,0,0
142,train,-0.77185814218884374,1.502771715199068,0.7852660171396687,1,0
143,train,-1.4887589766942817,1.2223473915148508,0.2902937978200345,0,0
144,train,-0.75394324903813059,1.8067443584573124,0.96289486726459528,0,0
145,train,-0.029092480621047745,1.0889408783310988,1.2881458050109642,1,2
146,train,-0.39906255854127393,0.7672585202945218,0.60416961860820273,0,0
147,train,-1.8934391187124526,1.3337533869325362,0.20295196216052203,0,1
148,train,-0.53192247375627932,1.0198594201373767,0.69388438350357218,0,0
149,train,-0.031060923712811661,1.7268742735630096,2.0383608499483037,3,0
150,train,-0.25028656608631383,0.82448350396773373,0.76466812165061226,0,0
151,train,1.238583041578305,1.7989957111406434,8.5820251462258952,8,4
152,train,-0.60092902479076216,1.0367628594663878,0.65382293644020428,0,0
153,train,1.8687687090935157,1.8727526952182727,17.868778249371761,18,13
154,train,0.11929697520618543,1.4492126888929182,2.0182829163631566,2,1
155,train,0.44622960236039644,0.75523365904240747,1.5070053461139992,4,2
156,train,-0.8032330244369148,0.64870645390869197,0.32747901683084729,0,1
157,train,-0.054071449268242144,0.67450033708477997,0.77626470849328111,2,1
158,train,0.70595741740792173,1.125332616914267,2.9880823005592996,2,12
159,train,-0.64705139693539149,1.2918077460948525,0.7743634471280475,1,0
160,train,0.64227534415314746,1.3848929494732509,3.4285098558516078,2,3
161,train,-0.65739595616825941,0.60899772534328811,0.36092817627433216,1,0
162,train,1.1448311335301753,0.91822599136851624,3.9511335253403992,5,2
163,train,-1.6032108237899969,0.5472615008673043,0.11459393111420217,0,0
164,train,1.6314619613196371,0.68962691314688951,5.0682907178576491,7,2
165,train,-0.99149304490940793,0.83296876982180912,0.34184376351421297,0,0
166,train,1.7888684609964796,0.80608613837853071,7.0441017563422514,12,14
167,train,-1.7262465812973167,0.7736795732713716,0.14149813834502692,0,0
168,train,1.507838969620058,0.97864287079063572,6.2778927435691037,7,3
169,train,1.8354891062256184,1.7406500408712462,16.011330806627136,15,9
170,train,0.014350203995120658,1.292361595258855,1.6036085974088612,3,4
171,train,-0.49074634625606883,0.78408920592890075,0.55819134515727731,1,0
172,train,-1.2347440555181444,1.24625969605541,0.39138183374665608,0,1
173,train,-1.0874964380986532,0.70189757467687208,0.25918482220439282,1,0
174,train,1.1617836161294783,1.5395467452982969,6.7493758207727108,3,0
175,train,1.4024015490925321,0.58364042185276777,3.3339957254239807,0,0
176,train,-0.42762824547211897,0.72294730279535235,0.5516673636831948,1,0
177,train,-0.91550235908032862,1.0035358176400861,0.44774875722047652,0,0
178,train,0.33129560327856167,0.81630645203404373,1.4354232063497763,1,1
179,train,1.9582553780049525,1.6131476255278707,16.983940703789429,18,48
180,train,0.45350719299293196,0.75618118241185961,1.521023768508533,1,3
181,train,-0.74474867647375831,1.0921198894613602,0.58795616455399224,0,1
182,train,1.449596859471233,0.80327443474106708,4.8331463983896148,3,3
183,train,1.2396341806056452,0.92970412799057511,4.4402412620520444,7,5
184,train,-1.8200233927198135,1.9125086755954186,0.31549580008450318,0,0
185,train,-0.12614655460116042,0.93525055166419513,0.99431419973771851,0,1
186,train,-1.3541104704010247,1.3979687661775166,0.38500413069686773,0,0
187,train,0.51315602267672045,1.8552131985475593,3.9847367356427696,4,5
188,train,1.9212057003092324,1.768052318806018,17.871456411294869,12,11
189,train,-1.0473251140695714,1.2205176990871247,0.47105401348645953,2,0
190,train,1.6929343839578794,1.6368466768348848,12.871292646400336,11,21
191,train,-1.6019279642502759,1.1461068323093055,0.24032816755556316,0,0
192,train,0.70323285960682647,0.88665416047652479,2.3472768637523016,2,6
193,train,-0.20538310106893931,0.79715070119389164,0.7767529415811455,0,0
194,train,-0.90524130068527686,0.92583218499123143,0.41776854612301301,0,0
195,train,1.296709458862451,1.4336731276569794,7.2908502857177719,7,7
196,train,1.2410368485370684,0.71192017183471945,3.4053612955360979,2,1
197,train,-1.1226052389376791,0.69769528261111846,0.24787304177245825,1,0
198,train,-1.9728851411393178,0.71490775965602604,0.099681476930162383,0,0
199,train,0.33438176074393411,1.8944399078793557,3.3425806840671979,3,1
200,train,-1.304200748110679,0.54889529847275997,0.15969837618095153,0,1
201,train,0.49540265106585801,1.1265283403296689,2.372830519636199,3,3
202,train,-0.51073757742357317,1.9686553305490428,1.3709986298496062,2,2
203,train,-0.31893778369783288,1.3777130170887808,1.1848229194728543,1,2
204,train,-1.7303848649590825,1.5684265200322629,0.28554648281142841,0,0
205,train,0.19646672106863861,1.1547084814390365,1.7506047650575653,2,2
206,train,1.5704853118455064,1.8132208340323297,12.461433728712985,12,15
207,train,-1.4892417956766075,1.3803389812908833,0.32764097201494102,1,1
208,train,-0.57176871591887268,1.247583386335035,0.81242051411318406,1,1
209,train,-0.3008242993360839,1.4668993771065684,1.2869102323007209,0,3
210,train,0.33600180055117645,0.99578401269933625,1.7601113621070827,1,1
211,train,1.522568205439002,0.91860516551271254,5.9890101144663008,13,6
212,train,-0.7264089208703064,0.51704406157471794,0.2840295503858235,0,0
213,train,1.0033797610192137,1.1553404999920298,4.2550769345461026,4,5
214,train,-0.32987339586218667,0.71538155216536126,0.60786651143679316,2,0
215,train,1.6338106718841834,0.7014706952760823,5.168670942483887,3,6
216,train,1.9758376424216268,1.3375616578605041,14.357460530826083,9,32
217,train,0.86824820404463399,1.8345744516397866,5.82340750630107,4,6
218,train,0.021032870772551338,1.2180681940517846,1.5225739854265536,1,0
219,train,0.35915694681054111,0.70480616259474616,1.277928210222641,0,1
220,train,-1.0495789958768453,1.7876087898606021,0.68821221245736386,2,1
221,train,-1.3094551299804476,1.6130805987922627,0.46661308484388525,0,1
222,train,-0.13762711186521548,1.9124536456969639,2.0077149324279095,2,2
223,train,1.9655478835594713,1.4123918767142318,14.990059861942733,13,12
224,train,-1.7063834717716158,0.78918335054349631,0.14752193230983571,1,0
225,train,-0.59066508301991583,1.1126336185501238,0.7096369647880264,1,0
226,train,0.015980485076337647,1.0717780172395617,1.3322876487507032,2,1
227,train,0.78329053295608775,1.8237295491064502,5.2724924077279915,3,3
228,train,-1.0694375155730098,0.86448458295415498,0.3256268859745422,0,0
229,train,-1.5418996409290568,0.96415814431644686,0.21597566218245598,1,2
230,train,-0.78616917946315512,1.4676822499134845,0.75495159704783077,2,0
231,train,1.7183708508566222,1.5935118548397458,12.886087361850825,7,12
232,train,1.018156419677164,1.6813626126345644,6.29387290415076,10,3
233,train,0.14118475285205356,1.6463412438199416,2.3486921138493475,1,2
234,train,-1.9527197658628248,1.1546879377546919,0.1646124066980019,0,0
235,train,0.37365305125273096,1.3891823935835403,2.5592998484994953,1,0
236,train,-1.7892756624778037,0.55915888066871755,0.095414487457557179,0,0
237,train,0.30055228853456839,0.57272204753337663,0.97360729414108704,1,1
238,train,-1.4751465334599287,0.82771653340246398,0.19953897047907879,0,0
239,train,-1.766289007679017,1.4892722046411597,0.26063603127685486,0,0
240,train,-1.6617386441336772,1.2744564183434779,0.25022550207149707,0,1
241,train,-1.4463347098231529,1.5435631571926351,0.3840914135850198,0,0
242,train,-0.57549642799771306,0.72409406424689537,0.46959716720666878,0,1
243,train,1.3862149507975423,1.9719249170797073,11.065660083747659,12,14
244,train,-0.23580725664020719,0.59411687836655136,0.559860744701413,0,0
245,train,-1.3423328082844539,0.59519859347821147,0.16605665599402059,0,0
246,train,0.5766758097710416,0.85226239893976341,1.9630169915289775,2,2
247,train,-0.085565011978851579,0.50351049387846813,0.5597459615021223,0,0
248,train,-0.46660996262413335,1.8111754169168313,1.3240630500076971,2,0
249,train,1.1504183275892048,1.8475457534662287,7.9990141189248831,4,6
250,train,0.56225354452209153,0.91651238473420626,2.0777783049772998,1,5
251,train,-0.51694891118908526,1.7391374748036192,1.2029122406076302,0,3
252,train,-0.66930654475996931,1.8034168196272589,1.0548999195311768,2,2
253,train,0.21885818826830938,0.7855337604696595,1.2206117463163186,0,0
254,train,-1.9720171440541359,1.7231615650896779,0.24049448149414396,0,1
255,train,0.78466321131330163,1.4290213666012161,4.137614373304209,4,2
256,train,1.9168594567468111,0.57040178315781431,5.7381170628702005,2,2
257,train,-0.14869050226591796,1.816262750239747,1.8836688733765197,2,1
258,train,0.3175378761928247,1.5274543073052382,2.6455901566888973,2,2
259,train,1.0567832001731547,1.7045135735153847,6.6574817410990628,4,2
260,train,-1.4957681921511217,1.0714405337890611,0.25250077143789162,0,0
261,train,1.5195852428673353,1.2298840552759587,7.9921808349976926,6,9
262,train,-0.93950812528640348,1.4599420628334108,0.63440851547417165,1,1
263,train,1.5376126508546584,0.62649712089011578,4.1527169872138705,2,1
264,train,0.82672764487976869,0.56381903247922271,1.7098035245633556,0,0
265,train,0.032218422634356259,1.0215183364466933,1.2926965048220769,2,1
266,train,1.9251759160953865,1.9073742566186109,19.364104510048065,27,16
267,train,-0.69087202528185765,1.307854747177194,0.74708894561675743,1,1
268,train,-0.88182417241966071,0.64565039997956208,0.29894260281381974,0,0
269,train,-1.9869335484411805,0.80666754807883367,0.11075103119043027,0,1
270,train,-1.875752929815139,1.2906532032997615,0.2002517861580993,0,0
271,train,0.43868348164154591,0.71540458845487165,1.415729281283731,0,7
272,train,0.49352507907882259,0.86789020282874285,1.8242838886103612,2,1
273,train,-1.126940147475318,0.90148950951358253,0.31875227817133983,0,0
274,train,1.5946326992786717,1.0586285349204305,7.4713088995798955,6,0
275,train,-1.3477075189790275,0.71135601161700257,0.19729395090499241,0,0
276,train,-0.47194068567846692,1.8254715615126289,1.326711851915684,3,2
277,train,-1.9870630250340957,0.70747735479379936,0.09711892846131992,0,0
278,train,0.41300408663941335,1.5930373946151044,3.0646917712147341,3,6
279,train,0.66798966038150764,1.1910664645690985,3.0332593089658353,2,6
280,train,-0.64483352750991951,1.1571759391589431,0.69535388312869062,0,0
281,train,-0.25072587335967755,1.9903754589294664,1.8450840519608269,2,0
282,train,-1.7177443290586432,1.504273393552177,0.27770141886755101,0,0
283,train,0.94247954328968353,1.3125781279738211,4.5209436193833241,6,5
284,train,-0.22798013653053628,1.8986425225552137,1.8046398067534137,0,0
285,train,-0.22956274321845793,0.60012127077472022,0.56941683192157089,2,0
286,train,1.6813467528243682,1.6601923579437803,12.88952417559495,9,23
287,train,-0.61897115717987905,0.5604273085509589,0.3464821391510548,0,0
288,train,1.1556730197322578,1.3851005918627723,6.0316046606293394,6,13
289,train,1.8977075193242232,0.64930744500718862,6.3957219268775303,7,8
290,train,-0.099781271899944457,1.213759884288075,1.3283844240361522,3,1
291,train,-1.7447803468638816,0.88954934167322519,0.15940634885419766,0,0
292,train,0.49960669376658551,1.1847077189475759,2.5069414307807172,2,5
293,train,-0.35571806919480942,0.9154878066907306,0.75609510548135161,0,0
294,train,0.96841880195719199,1.2684760384471785,4.4954999816311254,6,10
295,train,-0.91037833863670992,1.1924782660159463,0.5350567545458681,0,0
296,train,-1.7605058222566603,1.6924194809908737,0.29807884294832887,0,1
297,train,0.69874576052021675,1.5404569768022114,4.0580373571433537,2,2
298,train,-1.1507700570472501,1.6301764089623136,0.56149139641003076,1,0
299,train,0.17376201287106374,0.78875802003770479,1.1663071987757294,2,4
300,train,0.50692172167242644,1.9233773286721825,4.1029103360535055,2,2
301,train,0.64112418901425716,1.7167062874861658,4.2445852582178301,1,1
302,train,0.066310150911192078,1.3936451690740832,1.8310030004499414,3,2
303,train,1.5377151395812358,1.2343197484672155,8.182573098823628,11,12
304,train,-1.730988039837253,1.9171085472160359,0.34879575480521846,1,2
305,train,-1.0820763034284768,1.2475393540929878,0.46342494443939819,0,2
306,train,1.7081780107058044,1.7233328901687994,13.780519362658609,15,8
307,train,0.66593170853404615,1.5273589462048749,3.8808916901378572,4,1
308,train,-0.12918654472802871,1.0633498468505467,1.1267292411431375,3,0
309,train,-0.37805399737680112,1.3715518823463961,1.1052631622228224,3,2
310,train,1.1675057415455901,1.0301970941838658,4.5449033088035344,2,6
311,train,0.99725926371458362,0.6884824282286004,2.5186415963818929,0,3
312,train,0.26882131703891998,1.0270581454835974,1.6860727277452314,1,0
313,train,-0.90343394808468336,1.278470362222595,0.5780395372558309,0,0
314,train,-1.2295749956912299,1.423609544751955,0.44962700577980069,1,1
315,train,-1.3127135863412893,1.3320000618890639,0.38392681657477451,1,0
316,train,-0.46429057053563128,1.7497487187870899,1.2824246716366001,1,3
317,train,-1.3661070767083601,1.6953800643122916,0.46079093507099034,0,2
318,train,1.4423181093920152,1.6534023918913976,9.8688678512927606,8,6
319,train,-1.5607028636256564,1.2290819877689918,0.26968366696805174,0,0
320,train,-0.34012430885174361,1.5608175617041278,1.3113708261486019,2,0
321,test,-1.2720170965300936,1.9513099062268986,0.58818255455077617,1,1
322,test,-0.59178623923824691,1.6442860946771203,1.0474319870313231,2,1
323,test,0.042858279064841298,1.0572036322894152,1.3536050578811292,2,3
324,test,1.8726435874470857,1.2639862185274855,12.111777651134704,15,10
325,test,1.2801308280949999,1.9914409317092818,9.9443283532637885,14,2
326,test,0.77367381798165313,1.1199828705984654,3.2038544188508968,3,0
327,test,1.7414884743718217,1.8880952907081374,15.661506086309043,14,20
328,test,-1.7998613564370047,1.4745716952840262,0.24870696559709837,0,1
329,test,-0.49065374744705537,1.2042542802383813,0.85739324665173067,2,0
330,test,0.68732052763734597,0.96237298784634451,2.5035241473911811,1,4
331,test,-0.85861833606350801,1.1874097775865637,0.5639972561947767,1,1
332,test,-0.064168463097713069,0.83753001285110695,0.95324484402967291,0,1
333,test,-0.61136735819588184,1.031016415344886,0.64277600972557036,1,1
334,test,1.0692956247583481,0.98403023500481879,3.8966863240251968,3,5
335,test,-0.56896092862200653,1.2676228189715173,0.82802355983182319,1,1
336,test,0.69584903217845184,0.5821538507270918,1.528693451850841,0,1
337,test,-1.1907321473948036,1.2998760596703347,0.42846919196499988,0,1
338,test,0.11085045121124582,1.7277026477991235,2.3838768073223533,0,1
339,test,-0.27556377936767529,1.7146898391532304,1.5466820987372243,1,2
340,test,-1.8838758067314401,0.80783111027817922,0.12422440246018709,0,0
341,test,1.1922635605637053,1.3626887965603927,6.1777227768868626,3,14
342,test,-0.91851469685048315,1.8313787850596113,0.81440536224976701,1,0
343,test,1.9849145696004546,1.2347705255051813,13.387094823996978,11,17
344,test,0.62827443483678369,0.86406695918048593,2.1064348295930162,0,1
345,test,0.60300721684319392,1.2547145468267218,2.9749166818728456,5,6
346,test,-1.8971225786583035,1.3024430804132894,0.197386203977122,0,0
347,test,-0.088982055652045311,0.70825037495489429,0.78439867638997818,2,0
348,test,-1.1521196132840794,1.1601042417635381,0.3989888888624919,0,0
349,test,1.5157412522251072,1.0284783660110302,6.6551818236364904,5,0
350,test,-1.4701956923899111,1.1569402589971003,0.28042851102670618,0,0
351,test,-0.68045359200948452,1.9515072776541476,1.1276130863531602,1,0
352,test,1.5676422492065796,0.76650598197155095,5.2513946959506779,7,11
353,test,-0.52362228646994247,1.2393199983749426,0.85093317876896557,3,1
354,test,-0.066643535588871039,0.78722826542742586,0.8935572105198305,2,2
355,test,-0.040727189955104048,1.0688938052012833,1.2483521203168728,1,0
356,test,1.3421655794232423,0.77251491239664771,4.1300031556078194,1,7
357,test,1.7044157170625081,1.4986459730414561,11.934332193156679,14,4
358,test,1.6996066415712381,1.254177806887165,9.9348376004379872,18,18
359,test,-0.78133190317442969,1.3653180935194722,0.70604404520559794,0,0
360,test,1.6261619726108778,1.6954696772318376,12.38812023753899,16,36
361,test,1.550785291661156,1.9843849022958118,13.345414117663475,11,19
362,test,1.171913123834333,0.98899123411224221,4.384320375961865,7,1
363,test,-0.88900270753039567,0.62778297864150412,0.28838360424470194,0,1
364,test,-1.9773138751840516,1.2629888691413782,0.17524606054049166,1,0
365,test,-1.8593569415282243,0.84977352250929505,0.13424644253021886,0,1
366,test,0.62549781181168917,0.9338683679765506,2.2696549344059953,2,1
367,test,-1.9542743585428344,1.1926388335775526,0.16973219032931272,0,0
368,test,-0.93413133421726746,1.3817035355039131,0.60397209420948417,0,0
369,test,0.66511134424734797,1.6307381325765991,4.1398321066278339,6,1
370,test,-0.095557561931177482,1.0237829157139557,1.1256843813213042,1,0
371,test,1.2757497832117957,0.78936210030191223,3.9227566506545872,6,4
372,test,1.0811044874295708,0.78100224229519455,3.1331462083418851,2,5
373,test,1.5444759351936481,0.63951971957635645,4.2711610809992537,6,3
374,test,-1.420462287811302,1.6387965114684646,0.41956098901889666,2,0
375,test,-0.51762397557857787,1.4039923128382517,0.97038095959776649,1,2
376,test,0.74570986563033737,1.0389950991901569,2.8821451119768073,7,3
377,test,-1.8282507137463564,1.1309271582832483,0.18488190764864151,0,0
378,test,0.67664570269257673,1.1690531377857036,3.0056817381118766,2,0
379,test,0.60404639768409663,0.90872757379156432,2.1570490540229112,3,1
380,test,0.98525114688172932,1.1542333547052073,4.1670677999572456,5,2
381,test,0.31053269008110895,1.3874186644034268,2.3845988276588206,3,1
382,test,0.93128786391005614,1.0569235563240675,3.5958450754524476,10,2
383,test,1.1021169733580454,1.1882625616699922,4.8784174718732292,5,3
384,test,1.9900011994306239,1.5264536917731635,16.642314460494038,20,5
385,test,-1.0697705149485239,1.7686923356663287,0.66597237631341133,0,0
386,test,1.3093886269580866,0.7283685477045807,3.756093211065473,5,2
387,test,-1.5648495931136934,1.9228489755777298,0.4199890561862813,0,0
388,test,-0.46106897649896217,1.0201654205695323,0.75035332530880705,0,2
389,test,-0.44891057532379763,0.67689437366754235,0.50457354477086502,0,1
390,test,-0.8458643119910576,0.74191522169600566,0.35737449479096539,2,0
391,test,0.028783719279874997,0.84172770160996246,1.0611607746562803,2,0
392,test,1.4164129326106294,1.0595585957453235,6.1466463747133719,4,4
393,test,-0.8569009465578219,1.0565260781775832,0.50277888403927995,0,0
394,test,0.46217077325212674,0.77519455218673738,1.5741990520138414,0,1
395,test,1.975717860147614,1.7985695405657984,19.30340095048129,21,1
396,test,1.3255651437369385,0.8843651385764828,4.6424229115884694,3,0
397,test,0.70586869152289955,1.7686578124661043,4.6958377045363804,3,4
398,test,-0.79499032592901209,1.8934102663598602,0.96453439950075315,0,1
399,test,-0.91057577322586791,0.80330035695407787,0.36035704693670634,0,1
400,test,-1.5726407515356051,0.70293563572530804,0.15222512404162583,0,0
401,test,-1.9699091882390292,0.79663980763231079,0.11144180588707879,0,0
402,test,-1.7144053994750013,0.52780615056049762,0.097795947324436958,0,1
403,test,-0.84403831071306756,1.6299922038550769,0.78673256042364714,0,1
404,test,0.53517285086191801,1.669416109247025,3.6735704583341531,4,3
405,test,-1.7500896798296406,1.6843800261318944,0.30008152575496183,1,0
406,test,0.87688707481145922,1.1167036858958814,3.5785474951119274,2,8
407,test,-0.38984989544009485,1.0122085084614141,0.80517124352359304,0,0
408,test,1.0823831083942075,0.98067288496206173,3.9397020302524774,2,11
409,test,1.2153297570338411,1.9067382711419441,8.8662931788864938,10,2
410,test,-1.2538664879650803,0.66393152258867749,0.20416446678563341,0,0
411,test,-1.01334307241954,1.0187826119662657,0.40817103750327915,0,1
412,test,1.306394863690143,1.6173090917918864,8.3128130362859682,11,1
413,test,-1.8675617789144781,0.58076810772741916,0.090924873012988683,0,0
414,test,-0.060820726863383356,1.8217388656820157,2.081083488706132,2,2
415,test,0.84838295082973314,1.5605208057450253,4.8464227781549223,5,2
416,test,-1.4046699684605466,1.4235391705134863,0.37083768423717212,0,0
417,test,0.92555892897759451,1.3298763024246276,4.4960568365277815,4,3
418,test,-1.3004066225047035,0.67041494768537446,0.19586968405493432,0,0
419,test,-1.0982155168204839,1.9934205972665096,0.72746818542054525,0,2
420,test,-0.90067681684386569,0.51288331267302723,0.23259619004517834,0,0
421,test,0.50835285838925115,0.98531160153131347,2.1051585882304793,2,1
422,test,-0.71565925814188036,0.58439224888302088,0.32484470340612831,1,0
423,test,-0.358057116730917,1.2485686046356226,1.028534476269326,2,1
424,test,-0.38566082878139518,1.8334630728862373,1.4651822777999892,1,3
425,test,1.740794002537339,0.94634325601848124,7.8438005188422864,6,2
426,test,-0.87436538551751664,1.9268211692513193,0.89948730272622091,1,0
427,test,1.2274061432394885,0.80613186234104872,3.7986236685052361,5,3
428,test,0.54378827890628001,1.204084206066645,2.6748315056752894,3,0
429,test,1.9727247543453585,1.6292384382007254,17.428554416786859,14,3
430,test,1.6421704687265466,0.52991964856867813,3.9406970550833105,4,0
431,test,1.8938612697875774,1.7374402344457089,17.041649139242534,16,25
432,test,0.096822600132064451,0.50399446927013503,0.68476119324976692,0,0
433,test,-0.46969347925122173,1.6459176429887412,1.1991767014303401,3,1
434,test,-1.0196895741138219,1.039197220153862,0.41345358490519896,0,0
435,test,-1.7961478035766816,1.1813144613103916,0.20006062863935303,1,0
436,test,-1.4703272062664028,1.2514220352218512,0.30328588786353605,0,0
437,test,-0.10806127132028331,1.3038680034837911,1.4140640105874498,3,1
438,test,-0.44049755734604901,0.62632346271958439,0.4712174374749773,0,1
439,test,-1.5211852507613437,1.0292708600689555,0.23587503494966805,1,1
440,test,1.8619602210898618,1.6322934445852417,15.458241480949093,19,10
441,test,0.86575891084758627,1.2058022818239178,3.8170578952220455,2,1
442,test,-1.2690006884990783,1.5902297003007684,0.48093541706223125,1,0
443,test,1.5779117687551256,0.72552971647778364,5.0271322793047677,5,2
444,test,0.55125772431695541,1.0328756045979774,2.3134276551572688,4,13
445,test,1.6565448750276497,1.8655478778796919,14.094069989286604,19,16
446,test,0.86909501261554256,0.85783094891582934,2.7255119600988209,2,3
447,test,1.53852768004419,1.6422461023586319,10.89654021609236,8,4
448,test,-1.6828833582649403,1.4121930947457155,0.27089396392049891,0,0
449,test,-0.72729964449326046,1.3086666145703443,0.71819020067674533,0,4
450,test,-1.8335060081669177,1.4536863635903763,0.23627616697444684,0,0
451,test,-0.1540074424716189,1.7119871998117466,1.7651693137017579,1,3
452,test,1.8039539023602456,0.6292928650978824,5.5911822930493802,3,4
453,test,1.7876156827619725,1.5285604059765916,13.339154162681229,14,19
454,test,0.65839036774440096,0.90535262358887514,2.2814213153566691,4,3
455,test,-1.706643882760007,1.6886474175201709,0.31556821525233969,0,1
456,test,-1.273946388148822,0.67400850278255131,0.20273540379826505,0,0
457,test,1.4070366120136075,1.6906634402864293,9.7071360795228614,17,4
458,test,-1.7697430089913575,1.0394601025185113,0.18122501124835949,0,0
459,test,-0.10450099749732367,1.1850407242431644,1.2902371558222718,2,1
460,test,1.448443301071376,0.8782648414455303,5.2776479902675479,7,0
461,test,-0.63870462470970191,1.7662858686702487,1.068551374355081,2,6
462,test,1.1472045188097693,1.2136807597915478,5.2361299335991038,5,2
463,test,-0.80202326296202653,1.042819109053623,0.52713538726948572,1,0
464,test,-0.75286191150670234,1.1492259444041806,0.61320285338064973,1,2
465,test,-0.37567435368597035,0.5753169956477393,0.46483355562309442,0,0
466,test,0.51991458438441507,1.02782537930347,2.2240977570633911,2,12
467,test,-1.1705911754000096,0.89865758581706112,0.30285428600686393,1,0
468,test,0.98818515499586823,0.84969554687036064,3.0775274440574774,6,2
469,test,1.7594511901986989,0.95503025847106393,8.0799368303634758,5,2
470,test,1.1970679399187882,0.7449455380378005,3.3950910086771744,3,3
471,test,1.2212752458085201,1.5933519328763137,7.4576675279302638,7,8
472,test,-1.9683181922198281,0.96175088957481414,0.13477482934891274,1,0
473,test,0.41258445397093846,1.2454608576222699,2.3949168870192223,6,4
474,test,0.66580007428787935,1.0178339727525436,2.5858567773109251,3,0
475,test,1.820741510723848,1.2437087317380511,11.256136990993403,8,5
476,test,-0.59385129311980522,1.9952982237777013,1.2681474089090807,2,1
477,test,-0.58211294663773927,1.1752133589145983,0.75663483364349915,2,0
478,test,-0.68559780870407838,0.84465457883178774,0.48530141482122674,0,0
479,test,-1.6452647982033599,1.9006680473909967,0.37999930707148305,0,0
480,test,0.45671139943925665,1.7499932205867159,3.5324597925511863,1,3
481,test,-0.0023169768324806661,1.5247125618135264,1.8575478054428529,1,9
482,test,1.8863444942286196,1.443427386766359,14.041249058427532,5,14
483,test,1.4490669653962773,1.8280406300361598,10.992556492194765,11,3
484,test,1.4396209031188381,0.82627320165679174,4.9172684630606067,5,0
485,test,0.15157885454758668,0.76244106176551285,1.1002161609673111,0,1
486,test,-0.69426275655442149,0.77345608003077704,0.44017829263235064,0,2
487,test,-1.089981235713084,0.99742924361931307,0.36730841142172233,0,1
488,test,-0.6031833459042879,0.89215298882556748,0.56123288800575344,0,1
489,test,0.96332728082382557,1.9627294655866634,6.9170964808334716,8,8
490,test,-0.66643731662459427,1.2098744696912704,0.70994737023987076,1,0
491,test,-0.32181761886541116,0.85445861793382072,0.73250391986826513,0,0
492,test,-1.2485215412719461,1.9011563320594089,0.58806876036429045,1,0
493,test,-1.6741949083051977,1.4090352306613727,0.27288381444098658,0,0
494,test,-0.43094038712600025,1.5399360074946313,1.1708224331094372,1,0
495,test,1.099455571258531,0.91557206515779377,3.747897166647701,4,0
496,test,0.68280617120523779,0.95045430653976193,2.4602712228034784,6,0
497,test,-1.9853041155255675,0.51219692560030539,0.070447985580257472,0,0
498,test,0.53476723701263085,1.1706622941287725,2.5749075040881202,2,2
499,test,1.2096979607744429,1.8992797680571616,8.7770687953235083,3,12
500,test,-1.6587944302427871,1.7079656351482617,0.33642807470803882,0,0
501,test,-0.43076556319384496,1.9340881180781706,1.4707814219130473,0,0
502,test,-1.3032750148249561,0.94668008725740882,0.27571251285395332,0,0
503,test,-1.7186180613112763,1.2009878322837504,0.22149938728318236,0,3
504,test,0.25387766880614748,1.8241271749136894,2.9457605881806836,7,1
505,test,0.34598009117462203,1.7427911097449034,3.1144918671007944,1,2
506,test,-1.4673688926825563,1.9235796945594532,0.46770482047183487,0,0
507,test,-1.3106780462961769,0.8186475007385664,0.23649042911366933,0,0
508,test,-0.42676776239182912,0.67887199670117093,0.51852490213584812,0,1
509,test,-1.0365883674016279,0.51690007309034192,0.20186564845505639,1,1
510,test,0.96637619578698519,1.0282165420099847,3.6358379393822404,4,0
511,test,-1.7745639223601253,1.3752889929644907,0.23850704534482187,2,1
512,test,-0.4784786656370188,1.8811207423120211,1.3573594160579903,5,2
513,test,-0.23062666353672112,1.0223264844126789,0.96888589179426876,1,0
514,test,-0.9688149357605802,1.0688759739158935,0.44973856816060853,0,1
515,test,-1.1449428808178732,0.8303799212721783,0.28785191493203133,0,0
516,test,0.34490781118577329,0.73564718340809954,1.3131041925565818,2,0
517,test,-0.80782114136384386,0.59054743991091674,0.29661847452925322,0,0
518,test,-1.9318305435534513,1.6327924377222254,0.23818159384824356,0,0
519,test,1.7892134147914494,1.7047330910526082,14.902713491801391,23,11
520,test,-0.90379044507873063,1.4439775110767605,0.65261492613711181,0,1
521,test,-0.5809734129531603,1.1346742333727291,0.73145091430591436,0,0
522,test,-1.7015313991178829,1.3424790618093114,0.2522923895274356,0,1
523,test,-0.39469380361683637,1.4862914500596185,1.1760023804633253,1,3
524,test,-1.529371932162146,0.73295926038680714,0.16646432058603836,0,0
525,test,-0.34459476703640179,0.70461768623918819,0.58910304826476745,0,0
526,test,1.6540856246875117,1.9795143026456237,14.914676081195301,12,20
527,test,1.9536463635687591,1.7657797534349156,18.496904234401203,17,19
528,test,0.4444977212429988,1.7003079508455778,3.3863643256690508,5,6
529,test,1.0728174085968032,0.60798029459847192,2.4169014850734007,3,0
530,test,0.36862755031869732,1.2217507896131112,2.2384310779066157,2,4
531,test,-1.5586403095195238,1.8251132651400859,0.40137372936919841,0,0
532,test,-1.9240147789186777,0.9891467323055938,0.14553642924921095,0,0
533,test,1.3002138129448664,1.958342227353796,9.997484458696249,8,4
534,test,-1.7494394569442484,0.8633755537683927,0.15392513782028902,0,0
535,test,-1.3626270813205088,1.631073342835885,0.44501312680729077,0,1
536,test,-1.9988830897143637,1.2621195810949239,0.17101929649773551,0,0
537,test,1.1896589115954428,1.2899726169638595,5.8313340180130568,9,20
538,test,-1.3760165114322667,1.1690621750417738,0.31429718394703859,0,1
539,test,1.7294184982295073,0.78220123448056,6.4026829253351076,7,7
540,test,0.96357379479265104,0.78208191379908698,2.7569786261958549,5,3
541,test,-0.26399847204061055,0.78346219268014827,0.71574537842586783,0,1
542,test,1.6171288019064325,1.4074540827205364,10.182027326766743,13,3
543,test,0.39905152320499671,1.9243565958986464,3.6456998562896787,1,1
544,test,0.39193897863206661,1.9897858517001019,3.740277839225167,6,7
545,test,0.43358336318219282,1.3099256267140387,2.5777374623317515,2,7
546,test,0.3362152511387122,1.5899468953004707,2.8109918504181541,4,7
547,test,1.6561403088114051,1.230638023923178,9.2932385046566601,14,24
548,test,-0.060730972860630672,1.3176663278913534,1.5053992846024449,1,3
549,test,0.77211260731767739,1.7361157007781358,4.9578596725754869,7,0
550,test,-1.3587647566472159,0.72791422598201427,0.1994456937491744,0,0
551,test,-1.5570560194278409,0.54508829570728301,0.12008336028374654,0,0
552,test,1.6630188638050813,1.4206020196473028,10.80924178942208,10,10
553,test,1.6854110027228026,0.93741213487427988,7.3105598278352577,8,0
554,test,-1.647278950118428,0.54333342191536749,0.10838788524601273,0,0
555,test,-0.094181163246651156,1.552963686660052,1.7101239984814971,1,2
556,test,0.50288895107365184,1.1390795012509438,2.4191066699688704,1,0
557,test,0.259506576221332,1.8118311096492608,2.9440766323113512,4,5
558,test,0.6768587353449429,1.7630042418262724,4.5338157702494044,8,1
559,test,-1.5156997404389392,0.68539108161661622,0.1580197275166873,0,0
560,test,-0.91232554106780395,1.5402729638063981,0.68963111159323409,0,0
