x,y
0.0,0.0
0.0009765625,9.5367431640625e-07
0.001953125,3.814697265625e-06
0.0029296875,8.58306884765625e-06
0.00390625,1.52587890625e-05
0.0048828125,2.384185791015625e-05
0.005859375,3.4332275390625e-05
0.0068359375,4.673004150390625e-05
0.0078125,6.103515625e-05
0.0087890625,7.724761962890625e-05
0.009765625,9.5367431640625e-05
0.0107421875,0.00011539459228515625
0.01171875,0.0001373291015625
0.0126953125,0.00016117095947265625
0.013671875,0.000186920166015625
0.0146484375,0.00021457672119140625
0.015625,0.000244140625
0.0166015625,0.00027561187744140625
0.017578125,0.000308990478515625
0.0185546875,0.00034427642822265625
0.01953125,0.0003814697265625
0.0205078125,0.00042057037353515625
0.021484375,0.000461578369140625
0.0224609375,0.0005044937133789062
0.0234375,0.00054931640625
0.0244140625,0.0005960464477539062
0.025390625,0.000644683837890625
0.0263671875,0.0006952285766601562
0.02734375,0.0007476806640625
0.0283203125,0.0008020401000976562
0.029296875,0.000858306884765625
0.0302734375,0.0009164810180664062
0.03125,0.0009765625
0.0322265625,0.0010385513305664062
0.033203125,0.001102447509765625
0.0341796875,0.0011682510375976562
0.03515625,0.0012359619140625
0.0361328125,0.0013055801391601562
0.037109375,0.001377105712890625
0.0380859375,0.0014505386352539062
0.0390625,0.00152587890625
0.0400390625,0.0016031265258789062
0.041015625,0.001682281494140625
0.0419921875,0.0017633438110351562
0.04296875,0.0018463134765625
0.0439453125,0.0019311904907226562
0.044921875,0.002017974853515625
0.0458984375,0.0021066665649414062
0.046875,0.002197265625
0.0478515625,0.0022897720336914062
0.048828125,0.002384185791015625
0.0498046875,0.0024805068969726562
0.05078125,0.0025787353515625
0.0517578125,0.0026788711547851562
0.052734375,0.002780914306640625
0.0537109375,0.0028848648071289062
0.0546875,0.00299072265625
0.0556640625,0.0030984878540039062
0.056640625,0.003208160400390625
0.0576171875,0.0033197402954101562
0.05859375,0.0034332275390625
0.0595703125,0.0035486221313476562
0.060546875,0.003665924072265625
0.0615234375,0.0037851333618164062
0.0625,0.00390625
0.0634765625,0.004029273986816406
0.064453125,0.004154205322265625
0.0654296875,0.004281044006347656
0.06640625,0.0044097900390625
0.0673828125,0.004540443420410156
0.068359375,0.004673004150390625
0.0693359375,0.004807472229003906
0.0703125,0.00494384765625
0.0712890625,0.005082130432128906
0.072265625,0.005222320556640625
0.0732421875,0.005364418029785156
0.07421875,0.0055084228515625
0.0751953125,0.005654335021972656
0.076171875,0.005802154541015625
0.0771484375,0.005951881408691406
0.078125,0.006103515625
0.0791015625,0.006257057189941406
0.080078125,0.006412506103515625
0.0810546875,0.006569862365722656
0.08203125,0.0067291259765625
0.0830078125,0.006890296936035156
0.083984375,0.007053375244140625
0.0849609375,0.007218360900878906
0.0859375,0.00738525390625
0.0869140625,0.007554054260253906
0.087890625,0.007724761962890625
0.0888671875,0.007897377014160156
0.08984375,0.0080718994140625
0.0908203125,0.008248329162597656
0.091796875,0.008426666259765625
0.0927734375,0.008606910705566406
0.09375,0.0087890625
0.0947265625,0.008973121643066406
0.095703125,0.009159088134765625
0.0966796875,0.009346961975097656
0.09765625,0.0095367431640625
0.0986328125,0.009728431701660156
0.099609375,0.009922027587890625
0.1005859375,0.010117530822753906
0.1015625,0.01031494140625
0.1025390625,0.010514259338378906
0.103515625,0.010715484619140625
0.1044921875,0.010918617248535156
0.10546875,0.0111236572265625
0.1064453125,0.011330604553222656
0.107421875,0.011539459228515625
0.1083984375,0.011750221252441406
0.109375,0.011962890625
0.1103515625,0.012177467346191406
0.111328125,0.012393951416015625
0.1123046875,0.012612342834472656
0.11328125,0.0128326416015625
0.1142578125,0.013054847717285156
0.115234375,0.013278961181640625
0.1162109375,0.013504981994628906
0.1171875,0.01373291015625
0.1181640625,0.013962745666503906
0.119140625,0.014194488525390625
0.1201171875,0.014428138732910156
0.12109375,0.0146636962890625
0.1220703125,0.014901161193847656
0.123046875,0.015140533447265625
0.1240234375,0.015381813049316406
0.125,0.015625
0.1259765625,0.015870094299316406
0.126953125,0.016117095947265625
0.1279296875,0.016366004943847656
0.12890625,0.0166168212890625
0.1298828125,0.016869544982910156
0.130859375,0.017124176025390625
0.1318359375,0.017380714416503906
0.1328125,0.01763916015625
0.1337890625,0.017899513244628906
0.134765625,0.018161773681640625
0.1357421875,0.018425941467285156
0.13671875,0.0186920166015625
0.1376953125,0.018959999084472656
0.138671875,0.019229888916015625
0.1396484375,0.019501686096191406
0.140625,0.019775390625
0.1416015625,0.020051002502441406
0.142578125,0.020328521728515625
0.1435546875,0.020607948303222656
0.14453125,0.0208892822265625
0.1455078125,0.021172523498535156
0.146484375,0.021457672119140625
0.1474609375,0.021744728088378906
0.1484375,0.02203369140625
0.1494140625,0.022324562072753906
0.150390625,0.022617340087890625
0.1513671875,0.022912025451660156
0.15234375,0.0232086181640625
0.1533203125,0.023507118225097656
0.154296875,0.023807525634765625
0.1552734375,0.024109840393066406
0.15625,0.0244140625
0.1572265625,0.024720191955566406
0.158203125,0.025028228759765625
0.1591796875,0.025338172912597656
0.16015625,0.0256500244140625
0.1611328125,0.025963783264160156
0.162109375,0.026279449462890625
0.1630859375,0.026597023010253906
0.1640625,0.02691650390625
0.1650390625,0.027237892150878906
0.166015625,0.027561187744140625
0.1669921875,0.027886390686035156
0.16796875,0.0282135009765625
0.1689453125,0.028542518615722656
0.169921875,0.028873443603515625
0.1708984375,0.029206275939941406
0.171875,0.029541015625
0.1728515625,0.029877662658691406
0.173828125,0.030216217041015625
0.1748046875,0.030556678771972656
0.17578125,0.0308990478515625
0.1767578125,0.031243324279785156
0.177734375,0.031589508056640625
0.1787109375,0.031937599182128906
0.1796875,0.03228759765625
0.1806640625,0.032639503479003906
0.181640625,0.032993316650390625
0.1826171875,0.033349037170410156
0.18359375,0.0337066650390625
0.1845703125,0.034066200256347656
0.185546875,0.034427642822265625
0.1865234375,0.034790992736816406
0.1875,0.03515625
0.1884765625,0.035523414611816406
0.189453125,0.035892486572265625
0.1904296875,0.036263465881347656
0.19140625,0.0366363525390625
0.1923828125,0.037011146545410156
0.193359375,0.037387847900390625
0.1943359375,0.037766456604003906
0.1953125,0.03814697265625
0.1962890625,0.038529396057128906
0.197265625,0.038913726806640625
0.1982421875,0.039299964904785156
0.19921875,0.0396881103515625
0.2001953125,0.040078163146972656
0.201171875,0.040470123291015625
0.2021484375,0.040863990783691406
0.203125,0.041259765625
0.2041015625,0.041657447814941406
0.205078125,0.042057037353515625
0.2060546875,0.042458534240722656
0.20703125,0.0428619384765625
0.2080078125,0.043267250061035156
0.208984375,0.043674468994140625
0.2099609375,0.044083595275878906
0.2109375,0.04449462890625
0.2119140625,0.044907569885253906
0.212890625,0.045322418212890625
0.2138671875,0.045739173889160156
0.21484375,0.0461578369140625
0.2158203125,0.046578407287597656
0.216796875,0.047000885009765625
0.2177734375,0.047425270080566406
0.21875,0.0478515625
0.2197265625,0.048279762268066406
0.220703125,0.048709869384765625
0.2216796875,0.049141883850097656
0.22265625,0.0495758056640625
0.2236328125,0.050011634826660156
0.224609375,0.050449371337890625
0.2255859375,0.050889015197753906
0.2265625,0.05133056640625
0.2275390625,0.051774024963378906
0.228515625,0.052219390869140625
0.2294921875,0.052666664123535156
0.23046875,0.0531158447265625
0.2314453125,0.053566932678222656
0.232421875,0.054019927978515625
0.2333984375,0.054474830627441406
0.234375,0.054931640625
0.2353515625,0.055390357971191406
0.236328125,0.055850982666015625
0.2373046875,0.056313514709472656
0.23828125,0.0567779541015625
0.2392578125,0.057244300842285156
0.240234375,0.057712554931640625
0.2412109375,0.058182716369628906
0.2421875,0.05865478515625
0.2431640625,0.059128761291503906
0.244140625,0.059604644775390625
0.2451171875,0.060082435607910156
0.24609375,0.0605621337890625
0.2470703125,0.061043739318847656
0.248046875,0.061527252197265625
0.2490234375,0.062012672424316406
0.25,0.0625
0.2509765625,0.0629892349243164
0.251953125,0.06348037719726562
0.2529296875,0.06397342681884766
0.25390625,0.0644683837890625
0.2548828125,0.06496524810791016
0.255859375,0.06546401977539062
0.2568359375,0.0659646987915039
0.2578125,0.06646728515625
0.2587890625,0.0669717788696289
0.259765625,0.06747817993164062
0.2607421875,0.06798648834228516
0.26171875,0.0684967041015625
0.2626953125,0.06900882720947266
0.263671875,0.06952285766601562
0.2646484375,0.0700387954711914
0.265625,0.070556640625
0.2666015625,0.0710763931274414
0.267578125,0.07159805297851562
0.2685546875,0.07212162017822266
0.26953125,0.0726470947265625
0.2705078125,0.07317447662353516
0.271484375,0.07370376586914062
0.2724609375,0.0742349624633789
0.2734375,0.07476806640625
0.2744140625,0.0753030776977539
0.275390625,0.07583999633789062
0.2763671875,0.07637882232666016
0.27734375,0.0769195556640625
0.2783203125,0.07746219635009766
0.279296875,0.07800674438476562
0.2802734375,0.0785531997680664
0.28125,0.0791015625
0.2822265625,0.0796518325805664
0.283203125,0.08020401000976562
0.2841796875,0.08075809478759766
0.28515625,0.0813140869140625
0.2861328125,0.08187198638916016
0.287109375,0.08243179321289062
0.2880859375,0.0829935073852539
0.2890625,0.08355712890625
0.2900390625,0.0841226577758789
0.291015625,0.08469009399414062
0.2919921875,0.08525943756103516
0.29296875,0.0858306884765625
0.2939453125,0.08640384674072266
0.294921875,0.08697891235351562
0.2958984375,0.0875558853149414
0.296875,0.088134765625
0.2978515625,0.0887155532836914
0.298828125,0.08929824829101562
0.2998046875,0.08988285064697266
0.30078125,0.0904693603515625
0.3017578125,0.09105777740478516
0.302734375,0.09164810180664062
0.3037109375,0.0922403335571289
0.3046875,0.09283447265625
0.3056640625,0.0934305191040039
0.306640625,0.09402847290039062
0.3076171875,0.09462833404541016
0.30859375,0.0952301025390625
0.3095703125,0.09583377838134766
0.310546875,0.09643936157226562
0.3115234375,0.0970468521118164
0.3125,0.09765625
0.3134765625,0.0982675552368164
0.314453125,0.09888076782226562
0.3154296875,0.09949588775634766
0.31640625,0.1001129150390625
0.3173828125,0.10073184967041016
0.318359375,0.10135269165039062
0.3193359375,0.1019754409790039
0.3203125,0.10260009765625
0.3212890625,0.1032266616821289
0.322265625,0.10385513305664062
0.3232421875,0.10448551177978516
0.32421875,0.1051177978515625
0.3251953125,0.10575199127197266
0.326171875,0.10638809204101562
0.3271484375,0.1070261001586914
0.328125,0.107666015625
0.3291015625,0.1083078384399414
0.330078125,0.10895156860351562
0.3310546875,0.10959720611572266
0.33203125,0.1102447509765625
0.3330078125,0.11089420318603516
0.333984375,0.11154556274414062
0.3349609375,0.1121988296508789
0.3359375,0.11285400390625
0.3369140625,0.1135110855102539
0.337890625,0.11417007446289062
0.3388671875,0.11483097076416016
0.33984375,0.1154937744140625
0.3408203125,0.11615848541259766
0.341796875,0.11682510375976562
0.3427734375,0.1174936294555664
0.34375,0.1181640625
0.3447265625,0.1188364028930664
0.345703125,0.11951065063476562
0.3466796875,0.12018680572509766
0.34765625,0.1208648681640625
0.3486328125,0.12154483795166016
0.349609375,0.12222671508789062
0.3505859375,0.1229104995727539
0.3515625,0.12359619140625
0.3525390625,0.1242837905883789
0.353515625,0.12497329711914062
0.3544921875,0.12566471099853516
0.35546875,0.1263580322265625
0.3564453125,0.12705326080322266
0.357421875,0.12775039672851562
0.3583984375,0.1284494400024414
0.359375,0.129150390625
0.3603515625,0.1298532485961914
0.361328125,0.13055801391601562
0.3623046875,0.13126468658447266
0.36328125,0.1319732666015625
0.3642578125,0.13268375396728516
0.365234375,0.13339614868164062
0.3662109375,0.1341104507446289
0.3671875,0.13482666015625
0.3681640625,0.1355447769165039
0.369140625,0.13626480102539062
0.3701171875,0.13698673248291016
0.37109375,0.1377105712890625
0.3720703125,0.13843631744384766
0.373046875,0.13916397094726562
0.3740234375,0.1398935317993164
0.375,0.140625
0.3759765625,0.1413583755493164
0.376953125,0.14209365844726562
0.3779296875,0.14283084869384766
0.37890625,0.1435699462890625
0.3798828125,0.14431095123291016
0.380859375,0.14505386352539062
0.3818359375,0.1457986831665039
0.3828125,0.14654541015625
0.3837890625,0.1472940444946289
0.384765625,0.14804458618164062
0.3857421875,0.14879703521728516
0.38671875,0.1495513916015625
0.3876953125,0.15030765533447266
0.388671875,0.15106582641601562
0.3896484375,0.1518259048461914
0.390625,0.152587890625
0.3916015625,0.1533517837524414
0.392578125,0.15411758422851562
0.3935546875,0.15488529205322266
0.39453125,0.1556549072265625
0.3955078125,0.15642642974853516
0.396484375,0.15719985961914062
0.3974609375,0.1579751968383789
0.3984375,0.15875244140625
0.3994140625,0.1595315933227539
0.400390625,0.16031265258789062
0.4013671875,0.16109561920166016
0.40234375,0.1618804931640625
0.4033203125,0.16266727447509766
0.404296875,0.16345596313476562
0.4052734375,0.1642465591430664
0.40625,0.1650390625
0.4072265625,0.1658334732055664
0.408203125,0.16662979125976562
0.4091796875,0.16742801666259766
0.41015625,0.1682281494140625
0.4111328125,0.16903018951416016
0.412109375,0.16983413696289062
0.4130859375,0.1706399917602539
0.4140625,0.17144775390625
0.4150390625,0.1722574234008789
0.416015625,0.17306900024414062
0.4169921875,0.17388248443603516
0.41796875,0.1746978759765625
0.4189453125,0.17551517486572266
0.419921875,0.17633438110351562
0.4208984375,0.1771554946899414
0.421875,0.177978515625
0.4228515625,0.1788034439086914
0.423828125,0.17963027954101562
0.4248046875,0.18045902252197266
0.42578125,0.1812896728515625
0.4267578125,0.18212223052978516
0.427734375,0.18295669555664062
0.4287109375,0.1837930679321289
0.4296875,0.18463134765625
0.4306640625,0.1854715347290039
0.431640625,0.18631362915039062
0.4326171875,0.18715763092041016
0.43359375,0.1880035400390625
0.4345703125,0.18885135650634766
0.435546875,0.18970108032226562
0.4365234375,0.1905527114868164
0.4375,0.19140625
0.4384765625,0.1922616958618164
0.439453125,0.19311904907226562
0.4404296875,0.19397830963134766
0.44140625,0.1948394775390625
0.4423828125,0.19570255279541016
0.443359375,0.19656753540039062
0.4443359375,0.1974344253540039
0.4453125,0.19830322265625
0.4462890625,0.1991739273071289
0.447265625,0.20004653930664062
0.4482421875,0.20092105865478516
0.44921875,0.2017974853515625
0.4501953125,0.20267581939697266
0.451171875,0.20355606079101562
0.4521484375,0.2044382095336914
0.453125,0.205322265625
0.4541015625,0.2062082290649414
0.455078125,0.20709609985351562
0.4560546875,0.20798587799072266
0.45703125,0.2088775634765625
0.4580078125,0.20977115631103516
0.458984375,0.21066665649414062
0.4599609375,0.2115640640258789
0.4609375,0.21246337890625
0.4619140625,0.2133646011352539
0.462890625,0.21426773071289062
0.4638671875,0.21517276763916016
0.46484375,0.2160797119140625
0.4658203125,0.21698856353759766
0.466796875,0.21789932250976562
0.4677734375,0.2188119888305664
0.46875,0.2197265625
0.4697265625,0.2206430435180664
0.470703125,0.22156143188476562
0.4716796875,0.22248172760009766
0.47265625,0.2234039306640625
0.4736328125,0.22432804107666016
0.474609375,0.22525405883789062
0.4755859375,0.2261819839477539
0.4765625,0.22711181640625
0.4775390625,0.2280435562133789
0.478515625,0.22897720336914062
0.4794921875,0.22991275787353516
0.48046875,0.2308502197265625
0.4814453125,0.23178958892822266
0.482421875,0.23273086547851562
0.4833984375,0.2336740493774414
0.484375,0.234619140625
0.4853515625,0.2355661392211914
0.486328125,0.23651504516601562
0.4873046875,0.23746585845947266
0.48828125,0.2384185791015625
0.4892578125,0.23937320709228516
0.490234375,0.24032974243164062
0.4912109375,0.2412881851196289
0.4921875,0.24224853515625
0.4931640625,0.2432107925415039
0.494140625,0.24417495727539062
0.4951171875,0.24514102935791016
0.49609375,0.2461090087890625
0.4970703125,0.24707889556884766
0.498046875,0.24805068969726562
0.4990234375,0.2490243911743164
0.5,0.25
0.5009765625,0.2509775161743164
0.501953125,0.2519569396972656
0.5029296875,0.25293827056884766
0.50390625,0.2539215087890625
0.5048828125,0.25490665435791016
0.505859375,0.2558937072753906
0.5068359375,0.2568826675415039
0.5078125,0.25787353515625
0.5087890625,0.2588663101196289
0.509765625,0.2598609924316406
0.5107421875,0.26085758209228516
0.51171875,0.2618560791015625
0.5126953125,0.26285648345947266
0.513671875,0.2638587951660156
0.5146484375,0.2648630142211914
0.515625,0.265869140625
0.5166015625,0.2668771743774414
0.517578125,0.2678871154785156
0.5185546875,0.26889896392822266
0.51953125,0.2699127197265625
0.5205078125,0.27092838287353516
0.521484375,0.2719459533691406
0.5224609375,0.2729654312133789
0.5234375,0.27398681640625
0.5244140625,0.2750101089477539
0.525390625,0.2760353088378906
0.5263671875,0.27706241607666016
0.52734375,0.2780914306640625
0.5283203125,0.27912235260009766
0.529296875,0.2801551818847656
0.5302734375,0.2811899185180664
0.53125,0.2822265625
0.5322265625,0.2832651138305664
0.533203125,0.2843055725097656
0.5341796875,0.28534793853759766
0.53515625,0.2863922119140625
0.5361328125,0.28743839263916016
0.537109375,0.2884864807128906
0.5380859375,0.2895364761352539
0.5390625,0.29058837890625
0.5400390625,0.2916421890258789
0.541015625,0.2926979064941406
0.5419921875,0.29375553131103516
0.54296875,0.2948150634765625
0.5439453125,0.29587650299072266
0.544921875,0.2969398498535156
0.5458984375,0.2980051040649414
0.546875,0.299072265625
0.5478515625,0.3001413345336914
0.548828125,0.3012123107910156
0.5498046875,0.30228519439697266
0.55078125,0.3033599853515625
0.5517578125,0.30443668365478516
0.552734375,0.3055152893066406
0.5537109375,0.3065958023071289
0.5546875,0.30767822265625
0.5556640625,0.3087625503540039
0.556640625,0.3098487854003906
0.5576171875,0.31093692779541016
0.55859375,0.3120269775390625
0.5595703125,0.31311893463134766
0.560546875,0.3142127990722656
0.5615234375,0.3153085708618164
0.5625,0.31640625
0.5634765625,0.3175058364868164
0.564453125,0.3186073303222656
0.5654296875,0.31971073150634766
0.56640625,0.3208160400390625
0.5673828125,0.32192325592041016
0.568359375,0.3230323791503906
0.5693359375,0.3241434097290039
0.5703125,0.32525634765625
0.5712890625,0.3263711929321289
0.572265625,0.3274879455566406
0.5732421875,0.32860660552978516
0.57421875,0.3297271728515625
0.5751953125,0.33084964752197266
0.576171875,0.3319740295410156
0.5771484375,0.3331003189086914
0.578125,0.334228515625
0.5791015625,0.3353586196899414
0.580078125,0.3364906311035156
0.5810546875,0.33762454986572266
0.58203125,0.3387603759765625
0.5830078125,0.33989810943603516
0.583984375,0.3410377502441406
0.5849609375,0.3421792984008789
0.5859375,0.34332275390625
0.5869140625,0.3444681167602539
0.587890625,0.3456153869628906
0.5888671875,0.34676456451416016
0.58984375,0.3479156494140625
0.5908203125,0.34906864166259766
0.591796875,0.3502235412597656
0.5927734375,0.3513803482055664
0.59375,0.3525390625
0.5947265625,0.3536996841430664
0.595703125,0.3548622131347656
0.5966796875,0.35602664947509766
0.59765625,0.3571929931640625
0.5986328125,0.35836124420166016
0.599609375,0.3595314025878906
0.6005859375,0.3607034683227539
0.6015625,0.36187744140625
0.6025390625,0.3630533218383789
0.603515625,0.3642311096191406
0.6044921875,0.36541080474853516
0.60546875,0.3665924072265625
0.6064453125,0.36777591705322266
0.607421875,0.3689613342285156
0.6083984375,0.3701486587524414
0.609375,0.371337890625
0.6103515625,0.3725290298461914
0.611328125,0.3737220764160156
0.6123046875,0.37491703033447266
0.61328125,0.3761138916015625
0.6142578125,0.37731266021728516
0.615234375,0.3785133361816406
0.6162109375,0.3797159194946289
0.6171875,0.38092041015625
0.6181640625,0.3821268081665039
0.619140625,0.3833351135253906
0.6201171875,0.38454532623291016
0.62109375,0.3857574462890625
0.6220703125,0.38697147369384766
0.623046875,0.3881874084472656
0.6240234375,0.3894052505493164
0.625,0.390625
0.6259765625,0.3918466567993164
0.626953125,0.3930702209472656
0.6279296875,0.39429569244384766
0.62890625,0.3955230712890625
0.6298828125,0.39675235748291016
0.630859375,0.3979835510253906
0.6318359375,0.3992166519165039
0.6328125,0.40045166015625
0.6337890625,0.4016885757446289
0.634765625,0.4029273986816406
0.6357421875,0.40416812896728516
0.63671875,0.4054107666015625
0.6376953125,0.40665531158447266
0.638671875,0.4079017639160156
0.6396484375,0.4091501235961914
0.640625,0.410400390625
0.6416015625,0.4116525650024414
0.642578125,0.4129066467285156
0.6435546875,0.41416263580322266
0.64453125,0.4154205322265625
0.6455078125,0.41668033599853516
0.646484375,0.4179420471191406
0.6474609375,0.4192056655883789
0.6484375,0.42047119140625
0.6494140625,0.4217386245727539
0.650390625,0.4230079650878906
0.6513671875,0.42427921295166016
0.65234375,0.4255523681640625
0.6533203125,0.42682743072509766
0.654296875,0.4281044006347656
0.6552734375,0.4293832778930664
0.65625,0.4306640625
0.6572265625,0.4319467544555664
0.658203125,0.4332313537597656
0.6591796875,0.43451786041259766
0.66015625,0.4358062744140625
0.6611328125,0.43709659576416016
0.662109375,0.4383888244628906
0.6630859375,0.4396829605102539
0.6640625,0.44097900390625
0.6650390625,0.4422769546508789
0.666015625,0.4435768127441406
0.6669921875,0.44487857818603516
0.66796875,0.4461822509765625
0.6689453125,0.44748783111572266
0.669921875,0.4487953186035156
0.6708984375,0.4501047134399414
0.671875,0.451416015625
0.6728515625,0.4527292251586914
0.673828125,0.4540443420410156
0.6748046875,0.45536136627197266
0.67578125,0.4566802978515625
0.6767578125,0.45800113677978516
0.677734375,0.4593238830566406
0.6787109375,0.4606485366821289
0.6796875,0.46197509765625
0.6806640625,0.4633035659790039
0.681640625,0.4646339416503906
0.6826171875,0.46596622467041016
0.68359375,0.4673004150390625
0.6845703125,0.46863651275634766
0.685546875,0.4699745178222656
0.6865234375,0.4713144302368164
0.6875,0.47265625
0.6884765625,0.4739999771118164
0.689453125,0.4753456115722656
0.6904296875,0.47669315338134766
0.69140625,0.4780426025390625
0.6923828125,0.47939395904541016
0.693359375,0.4807472229003906
0.6943359375,0.4821023941040039
0.6953125,0.48345947265625
0.6962890625,0.4848184585571289
0.697265625,0.4861793518066406
0.6982421875,0.48754215240478516
0.69921875,0.4889068603515625
0.7001953125,0.49027347564697266
0.701171875,0.4916419982910156
0.7021484375,0.4930124282836914
0.703125,0.494384765625
0.7041015625,0.4957590103149414
0.705078125,0.4971351623535156
0.7060546875,0.49851322174072266
0.70703125,0.4998931884765625
0.7080078125,0.5012750625610352
0.708984375,0.5026588439941406
0.7099609375,0.5040445327758789
0.7109375,0.50543212890625
0.7119140625,0.5068216323852539
0.712890625,0.5082130432128906
0.7138671875,0.5096063613891602
0.71484375,0.5110015869140625
0.7158203125,0.5123987197875977
0.716796875,0.5137977600097656
0.7177734375,0.5151987075805664
0.71875,0.5166015625
0.7197265625,0.5180063247680664
0.720703125,0.5194129943847656
0.7216796875,0.5208215713500977
0.72265625,0.5222320556640625
0.7236328125,0.5236444473266602
0.724609375,0.5250587463378906
0.7255859375,0.5264749526977539
0.7265625,0.52789306640625
0.7275390625,0.5293130874633789
0.728515625,0.5307350158691406
0.7294921875,0.5321588516235352
0.73046875,0.5335845947265625
0.7314453125,0.5350122451782227
0.732421875,0.5364418029785156
0.7333984375,0.5378732681274414
0.734375,0.539306640625
0.7353515625,0.5407419204711914
0.736328125,0.5421791076660156
0.7373046875,0.5436182022094727
0.73828125,0.5450592041015625
0.7392578125,0.5465021133422852
0.740234375,0.5479469299316406
0.7412109375,0.5493936538696289
0.7421875,0.55084228515625
0.7431640625,0.5522928237915039
0.744140625,0.5537452697753906
0.7451171875,0.5551996231079102
0.74609375,0.5566558837890625
0.7470703125,0.5581140518188477
0.748046875,0.5595741271972656
0.7490234375,0.5610361099243164
0.75,0.5625
0.7509765625,0.5639657974243164
0.751953125,0.5654335021972656
0.7529296875,0.5669031143188477
0.75390625,0.5683746337890625
0.7548828125,0.5698480606079102
0.755859375,0.5713233947753906
0.7568359375,0.5728006362915039
0.7578125,0.57427978515625
0.7587890625,0.5757608413696289
0.759765625,0.5772438049316406
0.7607421875,0.5787286758422852
0.76171875,0.5802154541015625
0.7626953125,0.5817041397094727
0.763671875,0.5831947326660156
0.7646484375,0.5846872329711914
0.765625,0.586181640625
0.7666015625,0.5876779556274414
0.767578125,0.5891761779785156
0.7685546875,0.5906763076782227
0.76953125,0.5921783447265625
0.7705078125,0.5936822891235352
0.771484375,0.5951881408691406
0.7724609375,0.5966958999633789
0.7734375,0.59820556640625
0.7744140625,0.5997171401977539
0.775390625,0.6012306213378906
0.7763671875,0.6027460098266602
0.77734375,0.6042633056640625
0.7783203125,0.6057825088500977
0.779296875,0.6073036193847656
0.7802734375,0.6088266372680664
0.78125,0.6103515625
0.7822265625,0.6118783950805664
0.783203125,0.6134071350097656
0.7841796875,0.6149377822875977
0.78515625,0.6164703369140625
0.7861328125,0.6180047988891602
0.787109375,0.6195411682128906
0.7880859375,0.6210794448852539
0.7890625,0.62261962890625
0.7900390625,0.6241617202758789
0.791015625,0.6257057189941406
0.7919921875,0.6272516250610352
0.79296875,0.6287994384765625
0.7939453125,0.6303491592407227
0.794921875,0.6319007873535156
0.7958984375,0.6334543228149414
0.796875,0.635009765625
0.7978515625,0.6365671157836914
0.798828125,0.6381263732910156
0.7998046875,0.6396875381469727
0.80078125,0.6412506103515625
0.8017578125,0.6428155899047852
0.802734375,0.6443824768066406
0.8037109375,0.6459512710571289
0.8046875,0.64752197265625
0.8056640625,0.6490945816040039
0.806640625,0.6506690979003906
0.8076171875,0.6522455215454102
0.80859375,0.6538238525390625
0.8095703125,0.6554040908813477
0.810546875,0.6569862365722656
0.8115234375,0.6585702896118164
0.8125,0.66015625
0.8134765625,0.6617441177368164
0.814453125,0.6633338928222656
0.8154296875,0.6649255752563477
0.81640625,0.6665191650390625
0.8173828125,0.6681146621704102
0.818359375,0.6697120666503906
0.8193359375,0.6713113784790039
0.8203125,0.67291259765625
0.8212890625,0.6745157241821289
0.822265625,0.6761207580566406
0.8232421875,0.6777276992797852
0.82421875,0.6793365478515625
0.8251953125,0.6809473037719727
0.826171875,0.6825599670410156
0.8271484375,0.6841745376586914
0.828125,0.685791015625
0.8291015625,0.6874094009399414
0.830078125,0.6890296936035156
0.8310546875,0.6906518936157227
0.83203125,0.6922760009765625
0.8330078125,0.6939020156860352
0.833984375,0.6955299377441406
0.8349609375,0.6971597671508789
0.8359375,0.69879150390625
0.8369140625,0.7004251480102539
0.837890625,0.7020606994628906
0.8388671875,0.7036981582641602
0.83984375,0.7053375244140625
0.8408203125,0.7069787979125977
0.841796875,0.7086219787597656
0.8427734375,0.7102670669555664
0.84375,0.7119140625
0.8447265625,0.7135629653930664
0.845703125,0.7152137756347656
0.8466796875,0.7168664932250977
0.84765625,0.7185211181640625
0.8486328125,0.7201776504516602
0.849609375,0.7218360900878906
0.8505859375,0.7234964370727539
0.8515625,0.72515869140625
0.8525390625,0.7268228530883789
0.853515625,0.7284889221191406
0.8544921875,0.7301568984985352
0.85546875,0.7318267822265625
0.8564453125,0.7334985733032227
0.857421875,0.7351722717285156
0.8583984375,0.7368478775024414
0.859375,0.738525390625
0.8603515625,0.7402048110961914
0.861328125,0.7418861389160156
0.8623046875,0.7435693740844727
0.86328125,0.7452545166015625
0.8642578125,0.7469415664672852
0.865234375,0.7486305236816406
0.8662109375,0.7503213882446289
0.8671875,0.75201416015625
0.8681640625,0.7537088394165039
0.869140625,0.7554054260253906
0.8701171875,0.7571039199829102
0.87109375,0.7588043212890625
0.8720703125,0.7605066299438477
0.873046875,0.7622108459472656
0.8740234375,0.7639169692993164
0.875,0.765625
0.8759765625,0.7673349380493164
0.876953125,0.7690467834472656
0.8779296875,0.7707605361938477
0.87890625,0.7724761962890625
0.8798828125,0.7741937637329102
0.880859375,0.7759132385253906
0.8818359375,0.7776346206665039
0.8828125,0.77935791015625
0.8837890625,0.7810831069946289
0.884765625,0.7828102111816406
0.8857421875,0.7845392227172852
0.88671875,0.7862701416015625
0.8876953125,0.7880029678344727
0.888671875,0.7897377014160156
0.8896484375,0.7914743423461914
0.890625,0.793212890625
0.8916015625,0.7949533462524414
0.892578125,0.7966957092285156
0.8935546875,0.7984399795532227
0.89453125,0.8001861572265625
0.8955078125,0.8019342422485352
0.896484375,0.8036842346191406
0.8974609375,0.8054361343383789
0.8984375,0.80718994140625
0.8994140625,0.8089456558227539
0.900390625,0.8107032775878906
0.9013671875,0.8124628067016602
0.90234375,0.8142242431640625
0.9033203125,0.8159875869750977
0.904296875,0.8177528381347656
0.9052734375,0.8195199966430664
0.90625,0.8212890625
0.9072265625,0.8230600357055664
0.908203125,0.8248329162597656
0.9091796875,0.8266077041625977
0.91015625,0.8283843994140625
0.9111328125,0.8301630020141602
0.912109375,0.8319435119628906
0.9130859375,0.8337259292602539
0.9140625,0.83551025390625
0.9150390625,0.8372964859008789
0.916015625,0.8390846252441406
0.9169921875,0.8408746719360352
0.91796875,0.8426666259765625
0.9189453125,0.8444604873657227
0.919921875,0.8462562561035156
0.9208984375,0.8480539321899414
0.921875,0.849853515625
0.9228515625,0.8516550064086914
0.923828125,0.8534584045410156
0.9248046875,0.8552637100219727
0.92578125,0.8570709228515625
0.9267578125,0.8588800430297852
0.927734375,0.8606910705566406
0.9287109375,0.8625040054321289
0.9296875,0.86431884765625
0.9306640625,0.8661355972290039
0.931640625,0.8679542541503906
0.9326171875,0.8697748184204102
0.93359375,0.8715972900390625
0.9345703125,0.8734216690063477
0.935546875,0.8752479553222656
0.9365234375,0.8770761489868164
0.9375,0.87890625
0.9384765625,0.8807382583618164
0.939453125,0.8825721740722656
0.9404296875,0.8844079971313477
0.94140625,0.8862457275390625
0.9423828125,0.8880853652954102
0.943359375,0.8899269104003906
0.9443359375,0.8917703628540039
0.9453125,0.89361572265625
0.9462890625,0.8954629898071289
0.947265625,0.8973121643066406
0.9482421875,0.8991632461547852
0.94921875,0.9010162353515625
0.9501953125,0.9028711318969727
0.951171875,0.9047279357910156
0.9521484375,0.9065866470336914
0.953125,0.908447265625
0.9541015625,0.9103097915649414
0.955078125,0.9121742248535156
0.9560546875,0.9140405654907227
0.95703125,0.9159088134765625
0.9580078125,0.9177789688110352
0.958984375,0.9196510314941406
0.9599609375,0.9215250015258789
0.9609375,0.92340087890625
0.9619140625,0.9252786636352539
0.962890625,0.9271583557128906
0.9638671875,0.9290399551391602
0.96484375,0.9309234619140625
0.9658203125,0.9328088760375977
0.966796875,0.9346961975097656
0.9677734375,0.9365854263305664
0.96875,0.9384765625
0.9697265625,0.9403696060180664
0.970703125,0.9422645568847656
0.9716796875,0.9441614151000977
0.97265625,0.9460601806640625
0.9736328125,0.9479608535766602
0.974609375,0.9498634338378906
0.9755859375,0.9517679214477539
0.9765625,0.95367431640625
0.9775390625,0.9555826187133789
0.978515625,0.9574928283691406
0.9794921875,0.9594049453735352
0.98046875,0.9613189697265625
0.9814453125,0.9632349014282227
0.982421875,0.9651527404785156
0.9833984375,0.9670724868774414
0.984375,0.968994140625
0.9853515625,0.9709177017211914
0.986328125,0.9728431701660156
0.9873046875,0.9747705459594727
0.98828125,0.9766998291015625
0.9892578125,0.9786310195922852
0.990234375,0.9805641174316406
0.9912109375,0.9824991226196289
0.9921875,0.98443603515625
0.9931640625,0.9863748550415039
0.994140625,0.9883155822753906
0.9951171875,0.9902582168579102
0.99609375,0.9922027587890625
0.9970703125,0.9941492080688477
0.998046875,0.9960975646972656
0.9990234375,0.9980478286743164
1.0,1.0
