id,x,f_true,y
12,-3.000000000000,0.248525254426,0.660298792334
13,-2.950000000000,0.214248433363,0.149795193560
14,-2.900000000000,0.176577363172,0.208804756007
15,-2.850000000000,0.135724608192,0.126561355707
16,-2.800000000000,0.091917223808,-0.023981144306
17,-2.750000000000,0.045395722323,0.110398302599
18,-2.700000000000,-0.003587022455,-0.169363642009
19,-2.650000000000,-0.054766926938,-0.055993665964
20,-2.600000000000,-0.107869900528,-0.143063190438
21,-2.550000000000,-0.162613093971,-0.229852684683
22,-2.500000000000,-0.218706187598,-0.354121181238
23,-2.450000000000,-0.275852713591,-0.433483425255
24,-2.400000000000,-0.333751406255,-0.346892075468
25,-2.350000000000,-0.392097574134,-0.410291105522
26,-2.300000000000,-0.450584487740,-0.439940002438
27,-2.250000000000,-0.508904776553,-0.168489193081
28,-2.200000000000,-0.566751828951,-0.478798992945
29,-2.150000000000,-0.623821188676,-0.652485749190
30,-2.100000000000,-0.679811941487,-0.713893816370
31,-2.050000000000,-0.734428085680,-0.825909800050
32,-2.000000000000,-0.787379880234,-0.795009447865
33,-1.950000000000,-0.838385164443,-1.171790555650
34,-1.900000000000,-0.887170643021,-0.553344819635
35,-1.850000000000,-0.933473130832,-0.790583396662
36,-1.800000000000,-0.977040751572,-0.764650436550
37,-1.750000000000,-1.017634084945,-1.145237373447
38,-1.700000000000,-1.055027257107,-0.951988585654
39,-1.650000000000,-1.089008969412,-1.080472863182
40,-1.600000000000,-1.119383460779,-0.945096656961
41,-1.550000000000,-1.145971399287,-1.108601429454
42,-1.500000000000,-1.168610698947,-1.356450574720
43,-1.450000000000,-1.187157257927,-1.484338202228
44,-1.400000000000,-1.201485614865,-1.502342105087
45,-1.350000000000,-1.211489520283,-1.312760498451
46,-1.300000000000,-1.217082420510,-1.319073326111
47,-1.250000000000,-1.218197851885,-1.159223659140
48,-1.200000000000,-1.214789743471,-1.356044391821
49,-1.150000000000,-1.206832626882,-1.517007460102
50,-1.100000000000,-1.194321752286,-1.054249231922
51,-1.050000000000,-1.177273110033,-1.167729197559
52,-1.000000000000,-1.155723357827,-1.134634597691
53,-0.950000000000,-1.129729653769,-0.972402552087
54,-0.900000000000,-1.099369396029,-1.146274565127
55,-0.850000000000,-1.064739870336,-1.084189837617
56,-0.800000000000,-1.025957806885,-0.864831803042
57,-0.750000000000,-0.983158848688,-0.982380475816
58,-0.700000000000,-0.936496933788,-0.504669487697
59,-0.650000000000,-0.886143594140,-0.789523473250
60,-0.600000000000,-0.832287174370,-0.767277399313
61,-0.550000000000,-0.775131973953,-0.762299989173
62,-0.500000000000,-0.714897316728,-0.725056110022
63,-0.450000000000,-0.651816551980,-0.564039544560
64,-0.400000000000,-0.586135991653,-0.542809293391
65,-0.350000000000,-0.518113788509,-0.321476615339
66,-0.300000000000,-0.448018760371,-0.608125475329
67,-0.250000000000,-0.376129165785,-0.439986512757
68,-0.200000000000,-0.302731436689,-0.630195547818
69,-0.150000000000,-0.228118873846,-0.025582335427
70,-0.100000000000,-0.152590311007,0.046823993500
71,-0.050000000000,-0.076448753863,-0.249999428435
72,0.000000000000,0.000000000000,0.060490263145
73,0.050000000000,0.076448753863,0.148520405891
74,0.100000000000,0.152590311007,0.111878708885
75,0.150000000000,0.228118873846,0.243433006834
76,0.200000000000,0.302731436689,0.191976928168
77,0.250000000000,0.376129165785,0.633546751663
78,0.300000000000,0.448018760371,0.620773408587
79,0.350000000000,0.518113788509,0.540935060131
80,0.400000000000,0.586135991653,0.474214135439
81,0.450000000000,0.651816551980,0.828557636799
82,0.500000000000,0.714897316728,0.755329643672
83,0.550000000000,0.775131973953,0.922702152417
84,0.600000000000,0.832287174370,0.930261913051
85,0.650000000000,0.886143594140,0.770487113931
86,0.700000000000,0.936496933788,0.848831389508
87,0.750000000000,0.983158848688,1.041833490699
88,0.800000000000,1.025957806885,1.152350763852
89,0.850000000000,1.064739870336,0.817151251092
90,0.900000000000,1.099369396029,1.278838870390
91,0.950000000000,1.129729653769,1.256634569524
92,1.000000000000,1.155723357827,1.231583228111
93,1.050000000000,1.177273110033,1.043562416318
94,1.100000000000,1.194321752286,0.943208713711
95,1.150000000000,1.206832626882,1.350107927990
96,1.200000000000,1.214789743471,0.989795456306
97,1.250000000000,1.218197851885,1.232339670793
98,1.300000000000,1.217082420510,1.033114278964
99,1.350000000000,1.211489520283,1.314643444976
100,1.400000000000,1.201485614865,1.063795637664
101,1.450000000000,1.187157257927,1.135801859898
102,1.500000000000,1.168610698947,1.385016534255
103,1.550000000000,1.145971399287,0.993345109925
104,1.600000000000,1.119383460779,0.898426609057
105,1.650000000000,1.089008969412,0.965513669628
106,1.700000000000,1.055027257107,1.101309588546
107,1.750000000000,1.017634084945,1.174823202071
108,1.800000000000,0.977040751572,0.956538090543
109,1.850000000000,0.933473130832,1.154389044107
110,1.900000000000,0.887170643021,0.825241042913
111,1.950000000000,0.838385164443,0.466147335913
112,2.000000000000,0.787379880234,0.789017281743
113,2.050000000000,0.734428085680,0.514283009429
114,2.100000000000,0.679811941487,0.823009617900
115,2.150000000000,0.623821188676,0.759471141333
116,2.200000000000,0.566751828951,0.351340387405
117,2.250000000000,0.508904776553,0.541979650179
118,2.300000000000,0.450584487740,0.411233791921
119,2.350000000000,0.392097574134,0.035107854054
120,2.400000000000,0.333751406255,0.368002734734
121,2.450000000000,0.275852713591,0.025461719651
122,2.500000000000,0.218706187598,0.125193561855
123,2.550000000000,0.162613093971,0.031051500137
124,2.600000000000,0.107869900528,0.080208309609
125,2.650000000000,0.054766926938,0.198999521998
126,2.700000000000,0.003587022455,0.119533184911
127,2.750000000000,-0.045395722323,-0.248117316725
128,2.800000000000,-0.091917223808,-0.025460185763
129,2.850000000000,-0.135724608192,-0.083949001236
130,2.900000000000,-0.176577363172,-0.365919718417
131,2.950000000000,-0.214248433363,0.036125388623
132,3.000000000000,-0.248525254426,-0.321584127225
