id,case,x1,x2,x3,x4,x5,x6,y
1,regular,0.3340364050580823,1.1953561383083011,-0.6239888752612932,-0.3464145163117318,0.1388171516973711,-0.8527098418892504,-1.8008552469181378
2,regular,-1.2555980483936349,1.0583245681399847,0.04038782542710156,0.7928499990054845,0.16920043843561944,-0.35168103025508607,-2.1188648634297476
3,regular,-0.8712919074499957,1.966236649190287,-0.5911006197616244,0.045219536993407645,-0.7521114668591313,0.7782539215377398,-1.1270262479401845
4,regular,1.6297726265304493,0.1694906056994924,0.485468593372867,0.5106680405607662,-0.316087610583443,0.98146264679058,2.701514862430751
5,regular,1.4742975556651334,-0.23015241025311428,-0.7279594044570734,0.5161688426596491,-2.660526395036849,0.9063785656308859,0.5502624346664948
6,regular,-0.7365996103746298,-0.37742123499546637,0.32490795577840226,0.39920779125344086,-1.2495151186085351,0.07027221055208889,-0.18946210068842864
7,regular,0.18931817232753984,-0.10450113788823986,-0.5302171651794357,-1.2228031582514887,-1.2112911731479876,-0.23993433645735956,-0.5084770300879451
8,regular,-0.10309597840503062,1.3814737315402799,-0.5787279511611926,1.6054522092372019,-1.992139993319764,0.3685090074921534,-2.0204514675915513
9,regular,0.23972962960357264,0.05020551390946301,2.0670555843530107,0.029737500178105242,0.6038093694229729,1.6767977995594892,1.54242236646967
10,regular,1.139539491380762,0.6763582898492779,-1.8333214381089702,-0.2684227050519381,0.3695328723618188,-0.36620615027367676,0.9227721561908862
11,regular,1.9097768788104323,1.5594668949812642,-1.978532768061639,0.03202276713290561,1.3619397374138171,0.19697712951507718,0.35110777196346826
12,regular,0.6552830201537122,-0.8784218836234705,0.2268184778072876,-0.5517729293686019,-0.41939414235964795,-0.10252290958356548,1.7343142460751868
13,regular,-0.2765571419458855,-0.08243803174880218,-0.10228979816102718,-0.8077300589678097,-0.044202611014084965,-0.8258911875901582,-1.2431319277221466
14,regular,-0.2689891146307262,0.13155453173145987,-1.371562722136134,-0.5746570036741949,-1.3319940839386555,-1.8238385922767484,-1.5370040028157261
15,regular,-1.462438999314095,-1.5305642304163702,1.1692266122897705,0.08221311514477088,-0.1506251753639074,0.13939445613441787,0.16966432501939172
16,regular,0.8848586316984113,-0.7878268655214421,-0.8964677909646053,0.34226400385852324,-1.0701301326368564,-0.9598875682534906,0.8325131197906445
17,regular,-0.15748789217964906,-0.5854098233843142,-0.4209855572400534,1.1424165655688798,-1.2828334094070923,0.321524376478923,0.14199576954544935
18,regular,-0.5571961021480631,-1.3918472893737213,-0.5256387220107611,2.0407838515848384,0.2855322393416569,-1.8986317647863369,-0.6673120129862198
19,regular,-0.3156326015308497,-1.7625340937681866,0.4995128222989107,-1.507673089338667,-0.5998847905050136,0.6651068925059113,1.0344566995338917
20,regular,1.182867614802109,-0.8169851603349482,-0.3678395629251399,2.3737145722024224,0.3039904393312968,-1.1486839278450702,1.4970772226233138
21,regular,-0.7043041892538732,0.9814293059125049,0.3526811572893987,0.5089487310190673,-0.3446332802844734,-1.4858913480856553,-1.952362395735228
22,regular,-0.23118664622903873,0.9593524685877035,1.4234392135655747,1.733604828811632,-1.7407738852197485,-0.518116334838666,-0.29817606543012826
23,regular,0.802911149691491,-0.6223282051379794,1.0933289554472236,0.7201915947963731,1.1056114943985955,0.4668543458474941,2.5429612972441014
24,regular,0.6382784807082245,-0.06886898771215552,0.1543964266114117,-1.0020800403024308,-0.5846769290863404,-1.088255232381389,0.9610824482392022
25,regular,-0.43597771537483665,3.0212359625993597,-0.8309674271018294,-1.826527884028428,-0.5009563259371302,0.1951978327168106,-2.88363936541828
26,regular,-0.8339319746328774,0.8567788350107141,-0.9477782378531605,1.4362127391006059,-0.7142879442866357,-1.0581556724816232,-2.7184023888703983
27,regular,-0.19874134175006253,-0.6604287553075177,-0.5966110583103925,0.06655786974533283,1.4292569380899025,-0.3967408665138101,-0.3422514609458463
28,regular,0.14433771318923197,1.573981560501097,-0.06192070713313533,0.9987796748603559,-0.17164868382976362,0.35658326167717136,-0.6850480081450055
29,regular,1.2743727736076693,-1.023239320878768,-1.220569385733232,-0.29363766365076865,0.2677974054771385,0.47751610270778655,2.2161185476411163
30,regular,0.8518473150809391,-0.2868732215803865,-0.3996447720305745,-1.054837050839629,-0.6124859381132056,-0.251025680239338,1.129977721198521
31,regular,0.3689500054752804,0.11641039170411145,0.1838573402457543,-0.11319880417402178,0.12666729987254313,-0.20339462970975988,0.24645184801746803
32,regular,1.3449887606462896,1.1906096755221303,-0.39578243383925776,-1.0588043724577902,0.3421230230866487,0.6309524899219302,0.5904126717320836
33,regular,1.732740601099386,-1.5661190452650329,-0.5551097788447613,-0.620585838175833,-0.7156133911933356,0.35754479805192435,2.459983516796585
34,regular,-1.9182459132377072,-0.22537500797625942,0.2535726705816396,1.0504993268599971,-0.10379241165968761,1.8884375393086772,-1.4075937107111856
35,regular,0.8547287957494221,-0.9456346016776931,-1.086263301367362,-1.7399354995192544,1.3327685253481756,1.0098022370719093,2.126811875145454
36,regular,-0.8138505182991381,1.5621194036184627,1.174722268636757,-0.0571473807529904,-0.5772270207544895,-0.6991255200198464,-1.7342095541274356
37,regular,-0.4513923673538463,-1.2627876935875746,1.4638512488866084,-1.4627461932845456,0.031499370459705994,-0.7287323064728936,-0.06920652784505799
38,regular,-1.3042776842156139,-2.100451005529051,-0.5087803046900982,0.668864205274898,0.512590792937198,0.44338499310810847,0.023746431185853872
39,regular,-0.5127109027291686,-0.5643780096562607,-0.4129783525390557,0.14132401429923955,1.3862569405581406,-0.24288221755133554,-1.4002708350407724
40,regular,0.6014206773684889,0.15140034632993452,0.5017822306872302,1.0896747073196569,-0.6909318374893273,1.025502895347827,1.2499348227172777
41,regular,1.0704514456777772,-0.8472467514642373,-0.7548868581456508,1.4018988427149286,-1.3400944959667058,1.4442906309926662,1.5409990359647339
42,regular,-1.0087023782425937,0.5913571794531313,1.633823855801707,1.9140833748605972,1.2741013214988741,-1.3536726962744812,-1.3956538842653723
43,regular,1.234226526264178,1.1888761609674456,-0.5901631302884663,0.2713001519369348,1.0683553725911785,0.6109652769124972,0.7664791947128409
44,regular,0.6568157623248533,-0.9785122911155609,0.051428291221936165,-0.681905241066841,-0.07770216219497005,0.8290569086594902,1.3570265126106755
45,regular,-0.9013123033686935,-0.20729156342180105,-0.4305931644059136,1.1142150616897466,-0.8230944098446894,-0.5204943198244755,-0.7787270946802234
46,regular,0.5152152793592379,0.3327797169838237,0.06565398548807867,-0.0648857584765681,-1.041539418468224,-0.3096548919589028,0.40893237145863026
47,regular,0.605287243148054,-0.01133948611445846,-0.4610223361565164,-1.795023681745414,2.266542757795181,-0.6082766091367954,-0.5755432561246155
48,regular,-1.0571085264084064,-0.4839370784082562,-1.7004110403254389,-1.2521424832490113,-0.7822435183504213,1.0160824704134372,-0.8308828235226866
49,regular,0.1168037458871062,0.8406190816600684,0.19449295816363532,1.9020937791389578,0.266531357572505,-0.8468601550112085,0.17286699271147665
50,regular,0.7807526820416856,-1.6632625440768918,-1.039445427398969,1.0807204134871466,0.816533901846487,-0.7942576708585203,0.9610646810548502
51,regular,0.403722770178753,0.30209633632629523,-0.638581358857101,-1.019968735886087,-1.331885915741603,-0.7745204288743784,-1.2583945783279722
52,regular,-0.43677881608303404,-0.5974572272636502,0.3311084247970801,-0.937454477295936,-0.5868336355239112,-1.1922416643743916,0.22114507418924134
53,regular,-0.33939934973219404,-1.4236375634604188,-1.5138220429473104,0.2925847023134114,-0.10331944709892231,-0.5346617174385706,-0.8368531339200322
54,regular,-1.2777075758410616,1.6586095647919692,-1.1955143330963307,-0.6725851456168952,0.3613636123153082,1.4867743176814703,-1.821882693829655
55,regular,-0.32872565591424585,1.569551625529839,-0.8253181543150169,0.0795787879518883,0.03627403963705661,0.01904092841415993,-2.327448714967389
56,regular,0.5857882392866658,0.2412749986512229,-0.09661772090449798,-0.6885967385738937,0.21141870258877798,-1.1615563415104866,0.5944190217530421
57,regular,0.10601726500364192,0.4747899233281869,1.0146917372266209,0.7302887227677288,2.3211516518754896,0.779015322548245,1.3607188367556233
58,regular,0.6170187240748176,-0.3550346023125571,0.6041969695812226,2.924398518515764,-0.08659924555834568,0.979187364203357,1.504423959882881
59,regular,1.1835296283527443,-0.3399200343466922,-0.3338324468935177,-0.0018513517449340036,-1.2750520772496141,0.2118235863484918,1.8757659701651304
60,regular,1.507294355073117,0.9635450876355676,-0.5885878514695229,-2.738128859197525,-1.7950823523363482,-0.013538943294143327,1.542178165085737
61,regular,-0.5240649846728648,-0.2628112097269145,1.4864528860583488,1.3311846566546406,-0.3024226316440448,0.8753788640043734,1.4255464177576553
62,regular,-0.4282518192012445,0.39118308863302226,-1.200484349754623,1.317068537187359,1.6919834001185547,0.21827883772786902,-2.399668700401355
63,regular,0.9432770414989083,-0.060755925688363965,-1.2445964384804469,0.2654114589004273,0.5234248826398403,1.083283070642948,1.6743249165116092
64,regular,1.4704942322896062,-1.4550081330423787,-1.3333560452658042,0.8149034380889264,0.2889031249987656,0.8940196031744568,3.523177117417046
65,regular,0.8408172808566868,1.0358420090211073,1.4676846958875729,-0.5920875022667139,0.004416890709605863,-0.5770468535933237,0.807683345619921
66,regular,0.7288256151615319,0.2648731348279862,0.7520154421120768,1.328099469245736,0.11379668214831123,1.1506238091766214,0.8189997605002693
67,regular,-1.0174021160895044,0.06322268968281007,2.241040497793296,-0.7428996014793395,-0.37926919669470566,1.161158770456568,-0.6340428511264761
68,regular,1.15525925236046,1.0543689053366005,1.0514403819148903,0.9476617775323062,0.36250205117131024,0.4574098336428501,1.0147365839098554
69,regular,0.7517741467040115,0.5341441969674795,-0.2564318050674849,-1.2589711386946725,-2.28578181724025,0.11843390373629353,1.5737358917495339
70,regular,-0.6943341857519738,-0.4889388615886792,0.9445222514641048,-0.9740482691548237,-1.0049665907327017,-1.0741255583583524,0.0666580121308461
71,regular,-1.1693635500831139,0.08940342793204888,-0.994634155171462,-0.8029595555575267,-0.7255253247539885,0.7396964962221485,-1.199122327084134
72,regular,0.8051313743407266,-0.2368442125031398,-0.9206038409845319,-1.071786054582001,-0.5029915443667973,1.4531400381519104,1.5177695408364165
73,regular,2.1420856915124493,-1.3558969569549943,1.0041900279130298,0.8915303342993984,0.165135536109779,0.1792716016239705,4.064240700139971
74,regular,-1.5817950928822515,-1.6303008216559303,0.29004823611853764,-1.073457258188288,-0.6691113361418405,0.6347256636956351,-0.11805230887394086
75,regular,0.09236803387839816,0.4499441022275363,-0.213522718869901,-0.79868529180138,0.0692734983625356,-0.15630879864975286,-0.811181036128299
76,regular,-0.11149398877076977,-1.2911950378863681,-0.5575465921458472,1.3781985212179093,-1.8290851688504581,1.3598623786481172,0.6521732434390932
77,regular,1.5020462967531254,0.14826875077678117,0.39987567269952634,0.4239308125589502,-1.1335479649242237,-0.1358806373725534,1.157296937957602
78,regular,-0.04295124285138543,0.6637668203825665,0.32683142341139493,0.5843230189348005,-0.8698873893208029,-2.170543549592403,-0.4935132417979464
79,regular,0.8915133086184157,0.793457206783724,-0.23819734647683816,1.2687655621480074,1.0608426041177084,-1.7716726046667821,-0.5626342715993387
80,regular,0.6362808006757491,-0.2757808883061609,0.9097699339722489,-0.6651417906820702,-0.4931397299978951,0.5562348358462001,1.675682460653347
81,regular,1.5803749168262677,-0.5024982609609651,-1.486712694150674,1.7855088082291437,-1.8392317165064498,0.5598227680810801,1.2995182016145075
82,regular,0.3518690617821855,-0.31275126323194297,-0.7847322947668854,0.8531511596803423,0.7241427107874643,-0.13444553429619288,0.8423505297641224
83,regular,2.056286481357141,-0.32189232229808734,1.0221383085965243,0.2914760820971141,-0.12289605051147369,-0.3562807530965566,3.1212337601224007
84,regular,-1.2003567275139457,0.3096287707549772,-0.3883233263010335,-0.9363863190031437,0.746581381746744,-1.1631684275472742,-3.6464248414891234
85,regular,-0.6826252342501092,-0.586203883487338,-1.4122368992495444,-0.5690767287120813,-0.07868342956605512,-1.973465880262275,-0.9612675820513098
86,regular,-1.2855603052508378,1.5045662116112213,1.4158872300127063,-0.7359116917828802,-0.36000569938467075,-0.30223294239626236,-2.8012599847501027
87,regular,1.2423996344658772,-0.3365868079577462,-0.15885895980005998,1.1371459270775086,-0.04539178294961303,0.0365292197908821,2.178243411767189
88,regular,-0.41032265417073016,-1.076321099289429,-0.19373662766220867,0.4855783000475683,-1.1087621782466137,-0.08104525899529369,1.0665577859704145
89,regular,-1.115842640181822,-1.3426900961076922,-0.3387149773892998,-1.2422056164394943,0.27237388856579925,0.22418065769001697,0.7922504720601683
90,regular,-0.9545970272262599,0.6412942410549156,-3.2537773599388657,-0.2820499208694371,-0.8678380559417285,0.14049230176067093,-2.414208542012164
91,regular,0.9305273560463863,-0.3102675811158869,-0.831289281267758,-1.3451734707549508,0.22138826547255358,-0.3189550976201692,-0.15976119767144104
92,regular,-0.1848750735714646,0.6677592619394538,0.5647677705834308,-0.17498857941029816,-0.5498941221809645,0.9022792870821115,-0.72551783588321
93,regular,-1.2841878364216348,0.8414470585204763,-1.023509246837847,-1.3211906302792649,0.13703100198043133,-0.3258861102145749,-2.5770303235366905
94,regular,1.5662308565707537,1.2134838451706782,0.24145093340055962,-0.2661664969865783,1.2607119353478113,-0.012381111162230216,0.9611060592658724
95,regular,0.39735552426486603,1.6091466155763696,-0.0807459987376205,-0.37547732242550674,-0.4329174470181122,0.4637140918740653,-1.386234178607701
96,regular,1.2332116106567939,1.1465111216679003,0.47865000864031676,2.0214233034562765,1.1664611411711845,-0.0949800027887248,0.8116152883789375
97,regular,1.461337232538501,-0.0884388994485874,-0.48009956222790096,-0.4268580111664179,-2.5153501582397086,0.20019187443889574,1.3282691177694446
98,regular,0.24660598737672187,0.13733647409221209,-0.7131539276434092,-0.9410691944487254,1.6186821072178779,-0.5512744731043802,-1.362513617261002
99,regular,1.5500394350495281,-0.10305037283385057,-1.2133213766137954,0.9567198071179397,0.6132061214187201,1.0957731912828692,1.6031814469006187
100,regular,0.6351316798105576,0.4289954739210337,-1.5840085032614217,0.13506470082182917,0.18414138972474217,-0.5029509237415721,-0.26820896488923707
101,regular,-1.6384256260929417,-0.44766284597851846,1.0675977588038292,-1.832450693065613,0.5813719451299509,2.779556201921834,1.2972182299916137
102,regular,-0.4441128195901158,-0.4488112462363467,-0.22661204424029546,2.2107412406539795,1.3016375883471294,-0.21404395797485568,-0.04839673686635865
103,regular,-0.2613208667490318,-0.18296950036694432,0.030860759862214225,0.0576864541984107,-0.3309269271016778,-0.35764095280967045,-0.16096704419653263
104,regular,-0.006316856383794345,0.6902043354528764,0.4959817361742335,-0.10952111882281383,1.11255463099459,-0.8245312598097847,-0.1705458055934197
105,regular,-0.16217775642875906,1.6264332421048076,0.23783811547438646,1.15767165035998,0.628594792508346,-1.307329765140773,-1.6092568459362013
106,regular,0.4142544004736042,0.6861272451674822,-0.4880432856921093,0.09304339452267625,0.7469362966650829,-0.5555594462751887,-0.6769678611744255
107,regular,0.6441531404995813,0.43784199173259497,-1.2266382493660752,-0.2700437169996731,-2.038777860706168,0.12415969201621536,-0.11813341460230806
108,regular,-1.368762677116414,-1.7380843806521578,0.1733849275368586,1.0516433889861125,0.3199680638736334,-0.8184083757316972,0.9811708233496093
109,regular,-1.603437276951023,0.3022545219052887,2.2159299859308557,-0.8630847459578577,0.08446527638486752,1.1033976038665287,-1.6145977897053698
110,regular,-0.4316034090682711,1.4296291649404158,2.1208819726553796,1.0224171201964076,-0.7381722499887867,1.0351142613429034,-0.701178905248399
111,regular,-1.7089229605412697,-0.48412449114642325,-2.490211411186642,0.46169407847968935,-0.38117515444223804,-2.523119751503463,-3.7369382096431534
112,regular,-2.59072828627104,-0.4965975077334114,-0.15926803325561234,0.12666660750510164,-0.5800743073933244,-1.3335871300013569,-3.421502666839001
113,regular,0.0016077088871860544,1.960447595566933,-0.2856368016981144,-1.0374769341119632,-1.7330791571598656,-0.610615836216851,-2.3906384308100392
114,regular,0.5398041675737157,1.2379215923743754,-0.6570198116518943,-0.5110082125932534,0.5431477664296561,1.1585776645065635,-0.29500386581785354
115,regular,0.2633410864460936,0.5862940601550761,0.46932921677055506,0.6377798649767141,0.256610096661041,1.192490055059954,0.6771545105880458
116,regular,-0.7682965496444679,-0.37569884978295326,-0.29832977884947876,1.2283597562604558,0.3481001919102216,1.9727067264218099,0.2380612233458949
117,regular,-0.8149920225303549,-0.3136168502861108,-0.9299672140871038,-0.0615034422579009,-0.6537124943168561,-0.5436849409865461,-2.1759969115568003
118,regular,-0.6623885495020219,-0.6925717593338071,0.354096597369193,0.6501029870515268,-0.04907297834824777,0.404810716620105,0.27578707702414684
119,regular,-0.5259377021866469,-0.6503043336197073,-0.813013603945169,0.8499221236161463,-0.39532382043471864,-0.6740604587556596,-1.2183775749288506
120,regular,1.6806320746268957,-1.07235567126628,-0.20730500232971483,-0.6905460779062319,-0.21363424786727486,-1.5835861205213566,1.5292689434332338
121,collinear,1.371261637818124,1.3710470478308907,1.1914860290987142,1.03159902384146,-0.30721398857545873,0.6013227841008991,0.9308055329129914
122,collinear,0.3311091566510795,0.3331161758813889,-0.6043971810783346,-0.1227581158700212,-1.2485866464406488,0.11848876325218177,0.5854238605390228
123,collinear,-0.363389010442819,-0.36553535383211455,0.3524245878799425,1.0872688316432175,-0.6715973342948155,-0.19017615409052727,0.022687443588514038
124,collinear,-1.7246381950139011,-1.7246768277581417,0.2768999675899417,1.3326834323638748,-0.5767124759906364,-1.5545561654897833,-1.047674277037307
125,collinear,0.9109632851817006,0.9090006459403193,-1.1621480092257381,-0.4796909192210638,0.24637896037393914,-2.2419393117866737,-1.3701420049557087
126,collinear,-0.8123998330052307,-0.8142563192971105,0.030053183232837642,-1.1882036991230154,-1.840175048638609,0.8800534862803057,0.617873365722705
127,collinear,-1.259893290089272,-1.2571562630186814,-0.916921233180195,-0.7104773972949772,0.5717489020572218,0.8154775414294151,-0.09636719998689736
128,collinear,0.4383301249579552,0.43963367671196546,0.6061405548805872,1.494349869002186,-2.8572287487507695,-1.1548824562434798,-0.11116783544555109
129,collinear,-2.19964857310977,-2.198809448661978,-0.9157855900757502,1.1784565581405697,-0.08270329025267029,0.8979494959070115,-0.9130701518400435
130,collinear,2.103980537559534,2.106410129142095,1.1159963394444585,-0.2970124063444664,0.9007674475298215,1.340522528410312,2.410456526777391
131,collinear,0.466150357050323,0.4677734731532921,0.366782592041283,-0.5163642948318411,1.1790530970911208,-0.5598311019978093,0.7405460973506934
132,collinear,-0.8754059135790327,-0.8728375620440777,0.1507566428266966,-1.0373351082548927,0.41738033555423876,0.6144499793278719,-0.5252615152984489
133,collinear,0.5206559513632362,0.5195605614028018,0.6743942025732464,-0.5365454803721121,-0.1530155871666963,-0.28361026099346087,1.114786620027571
134,collinear,0.9719247006526366,0.9710787097828251,-2.2554289799840657,-0.16549280662855084,-0.7524209234132347,-1.5273699750837322,-1.079955283204898
135,collinear,0.39021491650512685,0.392490428521894,-1.4446825182742533,0.2763205143402989,-0.6872080835641466,-1.4213805748306119,-1.1599776712931105
136,collinear,0.11921389438336878,0.12001923716543693,0.7656282856556351,-0.14839400614131595,-0.3169517314040244,-0.17938648921698766,-0.23791600532862245
137,collinear,0.8380083576041563,0.8363215376809026,0.5860505509287274,0.022129103201483247,-0.6151536688176242,1.0747444664758166,1.6193586285921024
138,collinear,-0.5116732992209999,-0.5127916801400458,0.3248470744979123,-0.13657289536757453,0.6588628868388582,-0.10654086459022953,-0.6386478711726072
139,collinear,0.4961193869380689,0.49472138126758014,-2.834860720506946,-0.5094592307792584,-0.8869208297727956,0.57807053099957,-1.2809359674502208
140,collinear,-1.8129736302079238,-1.814054224908706,1.137703066919923,0.05932979341672635,0.15835018225154449,-0.3238186888658787,-0.5505176870048489
141,collinear,-0.05369692650079247,-0.054980628135737446,1.5322241060840802,-1.4709918393120458,0.5963328367117645,-0.25343718873676063,0.9296701906822509
142,collinear,-1.7383537568722736,-1.7430154526952244,-1.1698261808940216,0.2703857357620085,0.41683767421004403,-1.199676687094125,-1.6457332616417815
143,collinear,-0.3968449254784512,-0.39750840517405245,-0.968924648847911,1.0235924863016668,-0.9882009929726653,0.6933188558955634,-0.7272764379954939
144,collinear,2.9292545002534456,2.9274223326357545,-1.177626319439148,0.23023998932621975,1.6356340155152633,1.9944528703654414,1.4735922215803932
145,collinear,-0.04894356939445632,-0.05092949897696747,-1.66763324327439,0.9922695449280337,2.49151719883008,0.15666343652668574,-0.2543154170558628
146,collinear,-1.0096147204056758,-1.0084884485400376,-0.4888020952106032,0.8802395344213313,-0.47626111914568064,0.3087269396675977,-0.9633172124768183
147,collinear,0.647301758418579,0.6472480452158403,0.5348108725084666,-1.8288075092512277,-0.4754176432946953,-1.1177087547901257,0.8145453524807018
148,collinear,1.272574290541118,1.272721812397845,0.47654669890062523,-0.21749081446413437,-0.5533399900873062,0.259524109520708,0.5797950672591572
149,collinear,1.4321962978433596,1.4307728997843965,1.7554092743828018,-1.1655905503618629,-0.815015275309576,0.5514861552324789,1.41516517134737
150,collinear,1.834324557879775,1.838891301497017,0.8628064548144525,-0.11565978881595505,0.13872203371401634,-0.3755099048235346,1.4303017168781593
151,collinear,1.1361111974193563,1.1354711956985575,0.232595615361327,-0.40226882914162937,0.6363267107898439,0.05731965855033611,1.2813469761085508
152,collinear,0.5190027185149141,0.520124754810876,-0.8632369985298569,-1.3364202079528802,0.5416305451045003,0.13048049738503806,-0.5547804004111747
153,collinear,-0.7203646212868389,-0.7191339325134601,1.0665870906406365,1.0256972689204513,-0.1359726981166524,-0.9740256766787824,-0.5932118984838985
154,collinear,-1.0347611379761283,-1.0329392421524497,0.5086829457815187,0.042681593466563444,0.7383514096613277,-0.6444184120172214,-1.0694748007236692
155,collinear,1.0504602910132679,1.0486176721442415,-0.7442973582884471,-1.347568824554128,0.34257568203034655,0.2373499787285712,-0.6075093896072842
156,collinear,-0.3716291932877518,-0.3710252291016224,0.6838199149947721,1.1222936972578703,-0.41509071302330597,-1.311012745989641,-0.3858331510257762
157,collinear,1.3227584460901365,1.324626588521221,-0.1073052917836201,0.14741143419043695,2.1734344684256937,0.6940245270060361,0.6154222303627793
158,collinear,-0.23021398898301929,-0.2302702351384302,-1.4613627447361954,1.7694994448781813,-0.6236505279065041,-0.07086014418075469,-0.9286733412327672
159,collinear,0.6518884093273211,0.6499812934623448,-0.2484393403658133,-1.4754231364019574,-2.505151718066957,-0.8359689384616912,-0.7321691569327822
160,collinear,-0.3528448537125852,-0.3525104720327098,-0.17681580819770373,0.46439337070079945,1.692770454295071,1.09289752436286,0.10081375963385346
161,collinear,-0.14360572516199693,-0.14509509162924267,-2.66497206412193,1.245889954779432,1.218306171376761,0.7804826661501761,-0.24325769117782314
162,collinear,-1.5927387634864503,-1.59027622868545,0.9204077744820461,0.11937338575622809,-0.7450714521297138,-0.8649813457685566,-0.9879575573056125
163,collinear,-0.4135167471611877,-0.4161167730252706,-2.0259719852973905,0.6417966174311931,-0.1931385948229985,0.4692566809523139,-0.7472371861296041
164,collinear,-0.8235719084498323,-0.8234380497884617,-0.7349031179531611,0.6124800257384563,-0.28526751243534365,-1.1881453230877066,-0.952791457610172
165,collinear,2.2553626473905335,2.2566528893250832,-1.3703547588357357,-0.24732653291249893,0.31590489748889045,0.2133962510779226,0.4243878425926059
166,collinear,0.6371584705869857,0.6358670339379205,0.35079433448501507,0.021548930509745528,-1.271256707147627,-1.3979721845555646,-1.1337522125313244
167,collinear,0.15665476195334502,0.15426081460360605,0.6009334210421738,1.4923613659660206,-0.407756219373379,-1.4040539914510877,-0.10146231677271776
168,collinear,-1.6141842944175264,-1.614306930778722,0.8986041176937023,-0.531839707720145,1.0373622565238265,0.9909423034653155,-0.7721889168838458
169,collinear,0.504201787115048,0.5084253378000976,0.22735199621990454,-1.1064017373019732,-0.06728003869622419,-0.9886540998874174,-0.6678202376250861
170,collinear,0.9311858479072486,0.9308697580100893,1.6228572542200175,-1.4329492118017784,-0.07126759684641946,-1.4150766874043812,0.615960543619564
171,collinear,-1.546289502446792,-1.5446627769849068,-1.281662808928383,1.1602273071991875,0.6144342189924357,-1.0971826501116022,-1.4924046438359664
172,collinear,0.019212345837738464,0.020122525583970954,0.03458320981810809,-1.4217063672692904,-1.1042159107031648,1.1125905978675026,0.03123792167926076
173,collinear,-0.5480067020521003,-0.548257795673539,-0.6144265313467574,-0.40627232542910985,0.10358228473906239,1.2783930649211774,-0.835207052998767
174,collinear,3.0399241197872646,3.039928584456895,1.0323746963329519,-1.6552956866473316,-1.5500068720550042,0.6004722107171769,1.3322325411608151
175,collinear,2.520940529395766,2.5219364893735543,0.6475282154449598,1.4691701044171825,0.49564803249926154,-0.3474405228440748,0.7439944758660358
176,collinear,-0.26809120027060707,-0.26468052200192177,0.0191149703364991,0.006282387357885706,2.300148645652408,-1.7448279727209104,-1.15243987616577
177,collinear,0.2832723978653574,0.2845563576122403,-1.0081976703204385,1.4848097523057462,-0.30371869386707434,-1.4086037552104163,-0.2279905917026277
178,collinear,1.620853536903055,1.6211297914782345,-0.8255460498517913,0.42530009188118506,0.9619615730306332,0.8785436628453555,1.7691057992205217
179,collinear,-0.9101275487029785,-0.9088001753529752,-1.3670043200552469,-0.8113178744064666,-1.7195346812229355,-0.42452149257354055,-2.19630602966817
180,collinear,1.2564576931619844,1.2552656608551265,-0.8728018821346175,-0.49591904097521516,0.4522826459685568,-0.714290886244127,0.0389693800480654
181,collinear,0.03764150117718258,0.03534058936888422,-0.2760077636722906,-0.27289487379965427,-0.0017251718146293745,-1.0681707519513821,-1.066703926921006
182,collinear,0.5776707651320673,0.5788820275807984,0.769509546187637,1.5165045747411834,-0.8014061051766331,-0.04601277189398198,-0.8230259896782108
183,collinear,-0.5465013526280532,-0.5483593031270528,-0.6326859446571531,-1.9400394368248908,0.6992572708481857,-0.18266872874590798,-0.300305840012357
184,collinear,0.19833129319509668,0.19494342472683013,-1.5264184790736155,-1.222666533795083,1.256985360124945,0.5281030813845571,-0.09552583272620896
185,collinear,0.9327124587992346,0.932869674393028,-1.2079388715423605,1.9357636040379045,-2.353137376065208,-1.2948467214045498,0.5174368384469439
186,collinear,1.679057747555646,1.6764715357014774,0.6433344410070013,2.128588049652721,0.744095731098559,1.2175549072601661,0.8151026583118537
187,collinear,0.2798598180259676,0.27970531101599844,0.4959671725334722,0.014272526639427695,0.7213895837744593,0.6564276712619441,0.7716465754102787
188,collinear,0.3519838792239325,0.3506872681683595,1.7722186304708762,0.8431622635192821,0.12692640048287174,-2.026749424198155,1.6272934884596832
189,collinear,1.1943362701806746,1.1943595565138567,0.7340070730143575,0.5868912540749948,0.05211277184832258,0.3683250728443201,1.539191722301715
190,collinear,0.1647710481079704,0.16295959529527904,0.045410529961069514,0.2373620828492649,-0.43965053896819284,-0.6877916001157306,0.752426240661229
191,collinear,0.4977696641006014,0.4992225111935042,0.27925022654870385,-1.0197594589958765,-0.2760625272343171,0.04320724686148898,0.2601295019042372
192,collinear,-1.4291117803005637,-1.4282793643364813,-0.7042599150713476,-1.1637792059578012,-0.6127569962153462,-1.6205509176181347,-0.9996465960705156
193,collinear,-0.1491340242600938,-0.14925069746933953,-0.28627209338223747,0.3328998945052979,-0.9465217206824478,-1.1734013001601444,0.02230186844030657
194,collinear,-1.4926632295606097,-1.4948394267432166,-0.29543143087697354,-0.7897716497223172,-1.7373552772099796,0.34780935172823385,-0.7026979349308948
195,collinear,-0.20882172950304984,-0.2119110318101208,-0.900956318480699,-1.7787460463994686,-0.12909072838814792,0.4033335442865015,-0.714696793596332
196,collinear,0.7413587477865589,0.7424082556617639,-2.061036625801723,0.3900723829558679,0.3105023607271212,-0.598725137536821,0.16005789707243845
197,collinear,-0.9715749758390522,-0.9714937352559746,0.8408725841395616,-0.3849679963092696,0.88652401254407,0.7178168807027261,-0.869809450056891
198,collinear,0.6810271865033964,0.6805442388472598,-0.22210342714789014,2.105025643446247,0.8649907002488115,0.2959636596764301,0.4530651420762215
199,collinear,-0.4928130677136463,-0.49380444480545366,-1.9740753014430825,-1.4420681921254839,0.4866083396034253,-2.0025870978568796,-1.0305844541822733
200,collinear,-1.3008794510457737,-1.3018911982331234,-0.16349242691462484,1.7933744563445038,1.594368599083243,1.9952956345882786,-0.8193533706640409
201,collinear,-0.6493597389825745,-0.6479027206097534,-1.5002155246407798,-0.3929218171475126,-0.34660893493540407,0.4686447326418835,0.19321135722469218
202,collinear,-0.07644121388895492,-0.07292651101856236,0.7728822731857483,-1.0954614818385167,0.7629223120856689,-0.33522940030985404,0.417233819788022
203,collinear,-0.8456916246893202,-0.845835315201376,-0.16318314800506192,1.7591951577720095,2.5624590348550536,-0.651470708906233,-1.0632548347821245
204,collinear,0.29149531596215494,0.2926199891123029,-0.7540905936667888,0.723867671203269,0.05101594171147713,-0.029412653316240964,-0.14342569547966405
205,collinear,0.05437473230357597,0.05305939437919622,-0.7419254780728436,0.3292176216896932,0.31876396164943543,0.07648163424412678,-0.6582084720980134
206,collinear,-1.1806189539296448,-1.1747476289943255,-0.4734025025081798,2.069588475402436,-0.056005181792492476,-0.16548143909717167,-0.12210885089649282
207,collinear,0.7099381893212213,0.7098897105027054,-0.32222244146854856,-0.9080899767565546,-1.2149137160889798,1.42617343388948,0.6363004790975914
208,collinear,-0.40256144614377254,-0.4049722112864818,-0.4057332181957538,0.23253964865887006,1.0468852298520557,1.93984954544313,-1.1413194427515665
209,collinear,0.2957318574980722,0.2970466272478081,1.2360131368907346,0.9799873311325958,-1.106599508760319,0.40226813865486033,-0.8543576531391474
210,collinear,-1.0471124074384914,-1.0443207312406595,1.1114749874983731,-0.24933595529285155,-0.9727410690715035,-0.13233637104098317,0.8943824198441797
211,collinear,-1.3788932466087434,-1.37858046417382,-0.5422986672956709,-0.3357885435853474,-0.15626285313929697,-1.443004757529279,-0.16658915791333784
212,collinear,-1.1099592810890562,-1.1110968977718567,0.2968980846417414,-1.0373911991735392,1.7077356319493509,0.22698094456585777,0.051442985607920155
213,collinear,-1.0646381044732853,-1.0677055404946632,0.09962690858686833,-0.12310680526151564,0.18732268098271665,0.09554731252386257,-0.616489088281436
214,collinear,0.49214728950614556,0.49067229030403436,1.247479789872427,0.7665776354151849,-0.06969289526122484,0.12750598139803968,1.8780195556244053
215,collinear,-1.4409833029946708,-1.4434994316704652,0.3774872887839621,0.27648896493781905,0.3814989678897827,-0.6289178000676637,-0.32984130934695033
216,collinear,0.06760363296032698,0.06721444716487042,-0.5314998518597343,0.09697054821772395,-0.7934725061041324,-0.638835633027427,0.25895987017350885
217,collinear,-0.005275638681710613,-0.007261572385648633,0.8508872633559464,1.717423609232221,-0.9099034514609786,-1.0460926866709976,0.3130869396198678
218,collinear,-0.7308688841570985,-0.7302227023625465,1.612889594236818,-0.6641660828682293,-1.214581166551412,-0.60166411580956,0.2390073481265683
219,collinear,-0.01598143458687253,-0.012389297387974379,-1.5631779144040472,0.6549676834159418,-0.13291007077129838,0.060814532586062196,-1.5139630418630592
220,collinear,1.528377151380419,1.5272937903747608,1.1870109602035988,0.698576188051225,-1.515497921571428,-0.18835049022732792,1.4702038138554157
221,collinear,0.37719717753743176,0.375370678714745,1.7413238304048755,-1.2523753369367712,0.8700363361049533,0.4921300907291757,1.258576818666699
222,collinear,-0.7991918118638102,-0.803448052341611,0.8870512496189571,0.11748911970521016,-0.2079574908700075,-0.11938402600028374,0.15977873627028655
223,collinear,0.0631504665849801,0.06599455451271397,0.16590205122595558,0.3194098599030375,1.4272105178710222,1.2025108065892989,1.5513155796181115
224,collinear,-0.3740986652375759,-0.3733135406090652,1.34209043317616,-0.6206116521277568,0.6635330144050097,1.383108021421175,0.7580555281130008
225,collinear,0.2877601732384226,0.287284941862416,0.10926384941249562,-0.00901488531078545,-0.29347368231413073,0.16007841509284912,0.4965464367832838
226,collinear,-0.2833327871090258,-0.2839167229339909,-0.4914715347578757,0.12807257286575477,1.1269767050555568,-0.19584638330084753,-0.27295453595555896
227,collinear,-0.7913901382778796,-0.790715391269098,1.1465025362648817,-2.176074493336271,0.5407072170954615,0.45978509919813615,0.06854762427814012
228,collinear,2.010648696869044,2.0126431031293563,2.1456677007467917,0.4811318888050821,-0.9796930163663681,-1.7063443975207975,1.886815198533755
229,collinear,-0.9916296336321306,-0.9877346298714256,0.4150556799261797,0.47298855092427533,-0.1689195963088434,-0.024352482830702543,-0.25098882636406444
230,collinear,1.1071001123974085,1.1077957672761214,1.4000656589053435,0.7019724665277,1.0191501254324076,-0.09514793550036464,1.3875909625872775
231,collinear,0.4992592361452832,0.49836033350106207,0.6204969148853036,-0.16246904908506507,-0.29937933337959466,0.531915638713196,-0.0669537302653147
232,collinear,0.14515940094976193,0.14707646306253844,-0.7290773626553126,-1.0304871321601927,0.9433525397427508,-0.16620116430740478,-0.7586034425434416
233,collinear,-0.22973943952693113,-0.22847155746813055,-0.21471467145313688,0.4353651967015374,-0.38636252003562105,-1.0467686954141178,-2.0739786599740953
234,collinear,-0.22321315891914595,-0.2263567561858644,0.12221760468978257,0.11865672832739205,0.4116436393027672,-0.702012485113876,0.1436657883000353
235,collinear,1.5816921950996379,1.5790265726564052,0.9032246809411599,0.33371064651278964,-0.6889521532316849,-2.6132625932529687,0.9332191873649686
236,collinear,-2.1147282786209427,-2.1153426553121624,-0.47541253154907037,1.634206560529164,0.36604321216892,-1.119918440200848,-0.5370309410024212
237,collinear,1.224842567028219,1.2235377653414474,0.8896861957562471,-1.7503542150870426,0.5564295051825991,1.3299283141971199,-0.12227892636103332
238,collinear,1.3723959509390782,1.3730152391030903,0.6352226539045206,1.019847268286402,-0.05588371840444129,-0.8129173400946659,1.434513490921505
239,collinear,-2.739314173528843,-2.7396007902165804,-1.092474002885188,-0.2897453673895935,0.3820489574828392,1.3515291319051548,-0.73558212381053
240,collinear,0.669537050376362,0.6705272687037384,0.33249226867510456,0.5912868865866434,-0.5581528393940278,1.391763418832299,1.5698213537896244
241,scaled,-0.7595661626555493,38.230314311235986,0.02713006663745823,4.4229569716946555,0.07836444772340403,2.7103627311098726,-1.2378657335187195
242,scaled,-0.6748243493138297,11.722892735575615,0.026620503545546223,1.9640050131150744,-0.04110041378815206,-12.257200691721057,-1.5128214037057122
243,scaled,1.4928242917862338,43.91520554438538,-0.007180383052574733,-1.7965078965556942,0.5333906714308964,-4.360190792261006,0.7216079663111407
244,scaled,-1.0580152087966728,4.867355425774,0.013530435752627747,8.286587362496023,-0.08852745052253681,-12.730537852909201,-1.1256719167792721
245,scaled,-0.5758166340332708,-70.99996930359544,-0.04333999781145893,3.224970902324233,-0.04594595236784763,-12.0164690502767,-1.032644288770452
246,scaled,0.3524566101350054,61.25218884494682,-0.012321398037110779,-1.4351847502314925,-0.08469207053022013,-11.027022529230255,-1.903037054865726
247,scaled,-0.4949226656222052,-65.1204081817649,-0.009694819632013437,-1.9079162985641094,-0.006793357778892802,-0.29771293768118345,0.5775246974745767
248,scaled,0.21274490467124857,-11.772452666685226,0.0063613822629640035,8.965299728466801,-0.17396931281511008,-3.0092272042682504,0.054595705955089946
249,scaled,0.012321843244918352,85.49586683162143,0.009910905724802825,2.674017597483202,0.06791443837807054,-20.862396465458012,-1.151714790176477
250,scaled,1.3509747567999537,13.489696082277824,-0.027226990387266996,-0.35185061716082155,-0.07324758919814177,31.380946824334536,3.1967921575826397
251,scaled,2.0163165284186295,-79.39807555505351,-0.010681344896984073,1.5477663137474034,-0.09431051701897208,-2.1032192930258793,2.804386267010737
252,scaled,-0.48635794256291986,-28.947833722104203,-0.049423082880256784,-1.7728192872616269,-0.20863368874928742,1.317356936542524,-0.7323386262351833
253,scaled,0.7727259665755305,17.217153954328413,0.014096345503362837,5.171065997178214,0.1793148227981956,13.046609757992766,1.553521260091682
254,scaled,0.4850304586045877,19.713211156024986,-0.01449217965756618,5.717782586979379,0.05296158355560944,-3.259960171647203,-0.7804341517123283
255,scaled,-0.03268741929494084,0.9987311841223941,-0.015458538830948181,-0.5880216700131539,-0.0017153208840612784,-3.1304367247310534,-0.19893891780150647
256,scaled,0.08443169951713896,104.70146936457807,-0.03912050000606275,5.0000969969388676,0.05610782473708196,8.408507846474723,-2.097901568726365
257,scaled,-0.8969418378074123,94.06397619347935,0.012130478993248792,3.544756975235871,0.22596753826763047,-1.2310331583520042,-1.9612318490460892
258,scaled,-0.40221907928791006,-27.64184402819237,-0.015504979500005992,4.3472724070276145,0.2946360074379794,16.022847563303007,0.9760441778665525
259,scaled,0.6647526702235821,50.40350537893904,-0.0010555186309944562,-6.838653319992067,0.11236515736706926,2.9142656574051093,-0.46933775823324964
260,scaled,0.5273907174749737,-22.05260436867842,-0.02070627351192443,7.846089228064476,-0.0052796398109239,-2.714033871967997,0.5241450864756152
261,scaled,0.5838367165888402,-11.659328772612438,-0.02078975999371544,11.904701323429585,-0.16222646959850995,7.896440347153122,0.735203694633366
262,scaled,-1.0865558547596283,-60.46298613673925,0.028498109990472954,1.1715426750843536,0.07077801243761227,-6.548517598377242,-1.0109043896566199
263,scaled,-0.2642582865425202,-17.859240102983264,-0.02521301765269949,2.433580868718152,-0.30866665409515276,-5.586483914003583,-0.7381979906124561
264,scaled,0.09841066853111988,-14.357919346990606,-0.0040024743229598045,4.6639713383378165,-0.09310398519209657,15.512850545435473,1.9543610511855896
265,scaled,-0.2186533770391666,-79.20690766676954,-0.031988422460461165,-8.566051600169285,-0.18409562584597636,-1.519581978290614,-0.004145881511427513
266,scaled,0.027362007157923477,-28.393916062165857,0.015202798199856343,4.555551255859124,-0.10663044639792743,-11.210939312185719,1.697708733728109
267,scaled,0.3103219939263802,28.38432055924059,-0.009192268648208586,4.961984131932791,0.261258264056343,7.947759058220205,-0.7586355542304467
268,scaled,0.13335678391319572,39.279855180465745,0.03982295318451201,-4.247256192860866,-0.2598303128477066,12.235233964478837,-0.6394376032666833
269,scaled,-0.6960475128178493,-19.51897907850921,0.003848256384869837,3.684331038135662,0.411043409469666,7.161921679296971,0.4091217399400442
270,scaled,2.874561767840078,-26.639300179100932,0.015166882753124247,-1.9620785247931563,0.02004801452096912,2.448615405051981,3.8958129085344844
271,scaled,-1.009607535673413,-54.39272627904309,-0.03515717375334318,9.459356476254325,0.06569566308710208,-8.843305144484244,-2.8984381886874377
272,scaled,2.5266186338226446,-40.33884523792713,-0.004229379148013444,7.343539609670594,0.2742231422626338,-5.330164762042672,2.9384351989668858
273,scaled,0.8191047209239545,-7.126743665350653,0.003543592402427344,-6.489800322309818,0.1182456185137386,9.242090210578995,1.780695886307199
274,scaled,-1.334508513236957,-45.38348260573101,0.02759834329762533,-0.20860656848897935,0.1316403714497933,5.034752275242851,-1.2009215239960815
275,scaled,-0.816320416726714,-60.78149926125798,-0.00337768648185857,0.6041805252280107,0.0957518316597587,10.493000390000095,0.04925850442798462
276,scaled,0.3814401911415848,-5.644967179222406,0.02958298786774492,3.6668149799344807,0.10603071801389737,-1.5888536804858633,0.693255689208825
277,scaled,1.7126813684422768,93.56504190393238,0.021908447801795527,-11.376621040515092,-0.34347261104587146,10.42003061705455,1.2520134030295273
278,scaled,-0.7539940323500224,-67.19283450622615,-0.01276398294880417,-11.34684822848578,-0.022342341612780856,4.802426866530755,-0.19635918757303172
279,scaled,-0.07695492639590769,-6.6525209582957405,0.0023161245189940146,-1.2041158831068863,0.19198738220943976,3.75122557374063,0.1754082686112451
280,scaled,0.1979288845936386,-29.324506628504494,0.016515287420861408,-2.2210846820855195,-0.07168108637891615,-2.610344199327489,0.5330115594120857
281,scaled,0.049420607627507294,38.87062033833097,-0.022114849717313107,0.9021324117456608,0.025568854645139832,0.7868342924370387,-1.7329330626207775
282,scaled,-0.33169499249212453,6.428458380222946,0.023619197073527505,9.283109649500988,0.1609272756456546,2.510176958613312,0.5380076764812026
283,scaled,-1.2094230547503158,8.265870681921474,-0.041504166357029026,4.782735481817903,0.048444523958305646,1.2799817113092251,-2.8226412615875156
284,scaled,-3.404202357911196,-26.24879675020713,-0.015047796469192022,5.190033060353045,0.06586718205831792,-2.6874201806750424,-4.453525114499601
285,scaled,-0.16070933555221611,-16.726142699880498,-0.022616503895935655,8.357724015114922,-0.034853878331606636,0.4553401937079601,-0.6410312947141853
286,scaled,0.7545034762294326,2.713766639529737,-0.01290732569810156,-0.7729527698163252,0.09633546760560324,-7.571861329929957,0.9544887626847454
287,scaled,-0.10370142020808129,2.8751635932677466,0.017776023853098538,-2.003465381887538,0.24140730362915586,8.027378109136466,1.4011510844122124
288,scaled,0.8124992190367487,-12.916309810276907,0.019487575996449638,4.2315072927919,-0.3415422743993155,10.912066364867847,3.2177344067086824
289,scaled,-0.5823839113605754,132.0215989790142,-0.0030383219045542944,-3.252428893729999,0.18373476227260446,4.886599242434089,-2.8491402118886544
290,scaled,0.8362039846270016,35.32808770188154,0.002019980311358334,-8.58140285104145,0.06773411254673488,6.405808971953501,0.38706043078814656
291,scaled,0.05342523709393777,-55.580954324847376,0.0033830148125990754,3.926812070956673,-0.33330562830952015,-9.695626332802036,0.7109681558650077
292,scaled,-1.348604597384116,56.570086479954554,0.010286284009279001,-4.588286115554104,-0.1187825797760544,3.1085188072571484,-1.8319990057169533
293,scaled,-0.07079178182566115,29.61366208548463,0.028513144245632636,0.7316956060666515,0.12149152110490594,-11.093553147872903,0.20887798633364585
294,scaled,-1.5972836008359703,19.72270713398624,-0.0019302539314358072,-0.7477782317958516,0.14929301664418385,4.439017897266231,-1.6243830373592254
295,scaled,-1.355302077741591,93.21067766533082,-0.045908332700311714,-1.9310395521633297,0.02375642415593177,-19.013848289322702,-4.602129443023652
296,scaled,-0.5086984463640648,21.093098151653287,0.02024631060122703,-1.136617506427583,-0.25406717086864083,24.770184471502613,-0.7091951638932165
297,scaled,-0.9076517243098082,35.18809519183669,0.01883739272756043,5.213459093893237,-0.11684899349358138,4.156519669553468,-0.603183224307527
298,scaled,-0.7267526114548715,-4.0378697429292005,-0.011064973040211864,-2.1850187293602676,-0.23724832861172113,-15.005039644205901,-1.6872183216830061
299,scaled,-1.3738897654336937,44.911611861022365,-0.009898693182346088,6.623327498201564,0.14785205195675363,14.314027396080443,-1.9760646774593689
300,scaled,0.21582734741227413,-52.50549221212045,-0.0028723595946830993,-0.08698443522551903,-0.40437175231928024,13.466146930901564,1.2549076949934557
301,scaled,-0.656812497770232,13.019726903773101,-0.03206150543589236,2.2583172978789485,0.1413110420229364,16.705137460446736,-2.1472278391333877
302,scaled,0.8520789116146282,11.67059442373216,-0.009860893238135555,1.9577587221160253,-0.10640836530672299,-14.31340714751985,0.7192086651391896
303,scaled,-0.6131657681580295,14.995755686662202,0.01378874877735828,1.3778100084345046,-0.13579533426878526,-7.004865147605751,-1.0660199302792914
304,scaled,-0.7256144002256806,129.04740758413308,-0.005546912640197568,9.474107608983305,0.12431500333294981,10.249521028657549,-2.6084151225602983
305,scaled,0.7801401102593923,36.695507229950294,0.012153245184882476,-8.894580259779117,-0.06644959323813118,-0.6650003948762613,-0.6592525702818989
306,scaled,-0.6295244471231974,-67.96043623345128,0.007021180441885106,-9.310300526631199,-0.23333592329082348,-10.675448859212903,0.6653483157613741
307,scaled,-0.3667236651321813,-17.67211102073903,-0.006002280837468807,-3.530155326856404,0.08999914084235257,9.700165903213968,0.6328277914838647
308,scaled,-0.7037623245974822,61.967963571734266,0.04580340218426646,3.5622286169982145,-0.08161386940405885,-7.130328671033394,-0.28113705286533325
309,scaled,-1.2467901291036658,14.5839997338853,-0.011732963156040608,7.515329158089898,-0.14540847149960678,-7.59544749556099,-3.002146386541127
310,scaled,0.31554294840010905,-19.862446412114,0.016389336118079398,-2.5927857390871285,-0.054343082188371784,-1.6187456687810744,1.173207967557915
311,scaled,0.592984530841784,-86.30818689576388,-0.01320523791559821,-4.7684554720162335,0.2503280805920457,3.547587110155901,1.473306665649497
312,scaled,-0.2873832998280766,-14.775296447958263,-0.014702757094149897,-0.29452220472525925,-0.06776432034334472,-3.9144666902782967,-1.1684737641091072
313,scaled,-0.47108778661480516,-59.18676637385543,0.020624032874110517,-0.3810633776148751,-0.26496423867751523,-10.493557244601192,-0.023848945183269132
314,scaled,1.6310510096026554,-17.677616956490432,0.011625896062904515,4.818912563190313,-0.09221221082214921,7.214170176915281,2.920522816477749
315,scaled,-1.0063817630165,-35.0548946487944,0.0278186848340232,3.412179861391932,0.026483585158349882,4.06785784930294,-0.13606245661234517
316,scaled,-1.3921105945872525,-22.399192890521697,0.012002892844801565,4.304696214050513,0.062457330057815154,-8.663039686952564,-1.76826172277088
317,scaled,-0.02491493275057552,13.072770828761099,0.01464430414044195,-2.129134719204329,0.15796084165836002,-2.6758457503766246,-1.3985165206633725
318,scaled,0.6246290101408324,-20.93937499547232,-0.004319815934006324,1.1950002257385122,0.0035065904304354373,-1.6679465154605146,1.0531359592540996
319,scaled,-2.454013363211453,-65.86625029197755,0.02681577401416057,-3.853354189213683,0.4165545408186418,13.189944127267117,-1.7351311536975458
320,scaled,0.0733790346738374,-26.163792406881086,-0.023699887076015013,-6.735073153680738,-0.16801010692165028,-6.427456136752544,-0.8617210152709489
321,scaled,-0.08287538063332005,-8.586420347229,0.013087878603726753,-0.3194988763932608,-0.12528294597260153,2.291977600936331,0.31972909968193675
322,scaled,0.3971531985582589,-31.740833725295886,0.019227704049942815,-0.8938053597918777,0.07098770447997947,2.4642601627225726,1.074707771727102
323,scaled,-0.8634056774248889,-12.337160907291754,0.03296726530810625,-3.8814544008310707,0.00943785145158056,4.047606971287558,0.5504339839055368
324,scaled,0.15488087882165658,-46.26361835788046,0.011750193189458052,3.179123989870258,-0.40083825765482706,-4.732952089535113,1.5653779533974432
325,scaled,1.2107566169143311,70.98719489261582,0.028515307256508304,-1.67578902094213,-0.18367792001639727,6.744568412894505,1.2722356897829152
326,scaled,-0.049944210276013055,-95.36324755586165,0.04593617370633767,-4.548190375676857,0.21641697128581022,-8.680981095564066,1.9177380489880644
327,scaled,0.169646371986362,42.08017058244038,0.028600449547981452,2.703393765096896,-0.14237798301900093,-16.016094989640838,-0.4500539252895241
328,scaled,-0.6360970228315066,-41.90023193596235,-0.007814058544032736,4.203734757098633,0.11948780522582042,-9.899655524936135,-0.24249930179690543
329,scaled,0.047505455244283026,18.55091232308187,-0.01777604949253814,0.48920757685430055,0.21718906811921757,-11.83598505724074,-0.7729558563239791
330,scaled,0.8348089276312496,56.37542769515919,-0.02823066213107637,4.005473506342721,0.14890992117352636,-12.691606304563,-0.41141149658174614
331,scaled,-0.19139348223902308,54.70817003623836,0.023760189805298832,-9.108936425176196,-0.1438863707708115,-1.4579082329410964,-0.6613537829449195
332,scaled,0.1455237379842761,-5.759659572982364,-0.002782217022802279,7.396666667985317,0.3119206369065599,-5.15589846736865,0.06925655385721176
333,scaled,0.26644228648100327,-8.96213682987651,0.006791266353926605,4.248446488716544,0.08657634714620242,-7.132354569428956,0.4716224125871368
334,scaled,0.44247114181908753,23.127718368745168,-0.02836692892982662,3.21206041244913,-0.17743239714949127,-6.685034444078942,-2.0817944355981384
335,scaled,0.15034671148585868,31.910612490884287,-0.02073794535860363,3.4629645813500263,0.28172610333347453,-21.782922563638124,-2.181593684713901
336,scaled,-0.07314601404644018,-30.27041835250018,0.03238965624804088,-2.9463968839785633,0.1014890202225532,11.299846593630418,1.879401838396928
337,scaled,-1.133356152804514,107.33096882302229,-0.0068660595828255715,5.240054606471141,-0.12581496619702567,-25.349330991970884,-3.753072481938758
338,scaled,0.7827890253932317,-22.173154586322198,0.02170330819960689,-2.4004756594349415,-0.04112218786496288,-18.42884293011942,0.8437378449876083
339,scaled,1.5917820188391794,3.2363499715387265,-0.005269693185807075,11.706475333996089,0.13026086168596968,-6.23586996460105,0.4808992292023866
340,scaled,-1.3371856496592585,-40.98170221707783,0.02130422965845336,-1.850914687420512,0.18901462470908614,-0.38845555798848896,-0.2583785034554176
341,scaled,-0.7594909148679831,17.99504409109117,-0.03247034699102887,-0.27931985989052255,0.47700241778015817,-5.748982397452743,-1.820645131543634
342,scaled,-0.5294555639925974,19.491216421731295,3.500058408627875e-07,-8.647891251284127,-0.05481959292510481,0.12029855957548836,-1.0816521738839213
343,scaled,0.22528814728223515,-20.097969087853386,0.002747520166022756,0.09150596457693738,-0.09226325333380322,-3.3851129003343523,0.20318348803243402
344,scaled,-1.3084147157689157,-41.63054378409111,0.003926618219294716,-6.8422074908910515,0.28249536339067194,-18.143351583128286,-1.589188144890573
345,scaled,0.6431370176677671,-51.14319443030365,0.02875324946939745,1.9305881849093942,-0.033952706363528144,-13.66128301274597,1.3043470956633545
346,scaled,0.7371610761915086,19.0760069142793,0.010408265542138638,-2.9870873936223714,-0.08752699302987965,-9.438290106798362,1.5367730298397277
347,scaled,0.10046414817312033,-22.780472547875792,-0.0339085576687047,7.629644171246418,-0.2030764307434134,10.977202854544172,-1.5598219359752181
348,scaled,0.7314375471104386,-20.287170121054864,0.009169259252395959,-4.27571112281389,-0.0024102984278696793,1.1715127921944366,1.2063353878453458
349,scaled,-0.816344290026101,13.124342244367401,-0.02245213367249021,-0.11663222984828633,-0.30511979063245986,11.739359262780763,-1.3198618599646759
350,scaled,0.026103165528704755,39.19384940416115,0.013955749808746476,-10.680270012081966,-0.3327006658670731,3.9590914286306544,-0.43081908012275305
351,scaled,0.5794945994960765,40.31223334573487,0.009984748804514915,3.393493330761154,-0.1287388893513913,-2.175067428939096,-0.9023421647650118
352,scaled,0.5651825862001287,71.53898791162476,-0.04177970610624038,-4.277191989170291,-0.0018112609633805623,-4.170838946560647,-1.1102775446157145
353,scaled,0.6565859576968822,13.96866804818637,-0.008017611657777271,1.014484726620944,-0.11985150248539543,6.93319797740358,0.2994098812716149
354,scaled,0.5820030218497094,-79.47975131813966,0.01773949071696443,-2.1074610613782103,-0.027648020197511343,7.376024779088136,1.4760066268219063
355,scaled,0.8756111384084279,-53.60393273345604,-0.0261474748279402,2.2524638768782466,0.6663294559946867,0.38839954540209437,1.586874270520622
356,scaled,-1.5887339640017566,-38.12875538782946,0.008587137685933045,-0.2434776309921116,-0.011616445223897614,13.227021267945904,-1.2139579667147355
357,scaled,-0.018700034367131604,72.0156261703223,-0.009265031732016161,2.7022384896986034,-0.034874184711222285,-2.1349673084840606,-1.4625807544762268
358,scaled,0.36274216802418874,-3.4048301690477554,0.005925861578724199,-1.0752529076134796,-0.213823943580264,-12.81834457137075,-0.8592032983688631
359,scaled,0.6559819600593604,-28.438723135437176,-0.011467351003509898,1.7268538890550909,0.07295897685152611,-4.288975035758839,0.9415577832815076
360,scaled,0.8155913132204207,-32.89847583507868,-0.002947054918874755,1.2770622904046536,0.03364956835784985,-0.6115792111093707,0.7223663213649149
