id,split,x1,x2,x3,x4,x5,x6,y
1,train,2.9544957499198037,6.701098563089722,0.26376743362208993,10.512271923220192,-0.04526992323117114,6.096168933982776,3.107576869301201
2,train,2.7374181444731933,5.575328079955795,0.20213613859527202,6.5562173111472015,-0.44270264514116564,1.9104312731578745,2.6095386288333984
3,train,2.3333443329112216,0.11399609612016759,0.366622407409694,3.378560418705515,-0.08485780669853098,2.311156522802953,3.3128834152740962
4,train,2.2623310908366916,1.0835374109676361,0.12100383596929797,6.076300119367515,-0.04682737998244247,3.57457871573784,0.9083945669531759
5,train,1.7484985796999561,-3.127441854292258,0.09322589398764039,3.4331380392934974,-0.2727073292785229,6.393603441011139,3.110060374885986
6,train,5.71546544049199,29.66241202963503,-0.21212903547173745,6.10559924319311,0.5083175744481097,2.044342065081382,3.9834670432703385
7,train,0.4578077268492706,-12.977896252429291,0.027297770239591814,5.016384399476051,0.127148014968857,3.4010285256590054,-0.8069849467697179
8,train,0.9690448459765395,-8.868338473814994,-0.0960409158870412,3.9753887752146397,0.356929362982272,1.5178335585778537,0.5424743474515148
9,train,0.8725121360354933,-10.920144892256213,-0.08496309221346332,7.413290327435677,-0.36319354070926974,2.127312669759839,0.8453555167669707
10,train,2.16477073393042,-0.14819264183753222,-0.2663557429911055,6.112351860554217,-0.07859013908303633,2.6416065491960365,1.0196748842289458
11,train,0.9857452922334411,-9.693326587978632,-0.4768661623517971,6.313079562555817,0.08024792709081957,1.0004650483660937,-2.2064217847627585
12,train,1.5744822108506284,-4.5687611204033605,-0.15188262950633116,4.327944800242741,0.062299047857075414,1.9382446193354974,0.5572968239951077
13,train,2.407727615676621,1.8805349162183678,-0.19137523885661312,4.872756164132203,-0.03116700544770132,2.8247418442759815,1.8297411526396754
14,train,2.696275539840739,5.3475747745699005,0.16027291351353484,2.8607021597818214,0.3407232130798172,2.7230538468771788,1.3390150697494476
15,train,2.7191626909323636,5.388265288614875,0.047245657869931346,-1.0885356979689726,-0.07324814505903746,0.5591911147391753,0.8541768716941099
16,train,1.44804050026642,-4.788505032039069,0.07266695179202388,-1.9299261267625631,-0.32759077059752795,1.0728278849509496,2.7874382472425783
17,train,1.1659353615584729,-7.852068105344912,0.042232924841511706,2.551048263288032,0.29162488276420995,3.070560529785905,0.3341159140129033
18,train,2.1478855580120966,0.7719746560431093,0.32784795972531455,-0.6011505548030307,-1.0062094307553968,2.8797851180210294,2.598123610408032
19,train,0.9203768014458686,-9.271695960693432,-0.2660395508593109,1.6216334540432462,-0.0473232441746848,5.136258394656397,1.721968406802316
20,train,2.494169301576078,0.947148083471975,0.13603680551025102,3.7658714300554084,0.43265192365449556,2.451869048304209,2.7457658404424317
21,train,1.936920921182459,-1.757868363087184,0.29285347417302166,-1.2653344192247857,-0.8208825871371408,2.7041639964774355,1.6675074969673838
22,train,1.3237427127999066,-6.128524694261446,0.11112803218145735,2.805323565902173,0.5825687930118364,4.717549596220017,2.2426207769517186
23,train,3.525645527890224,11.635680495361271,0.3273694407618444,1.7309842404742795,0.6064565886829089,5.169023490592506,2.5018924168555916
24,train,1.7899863874252027,-2.7033824022741944,0.0249534708907619,5.098093136705618,0.2431851037315797,0.28545317850760465,0.5449472999704946
25,train,0.8419145101316812,-10.355342772455616,0.0135911782698937,3.16574203672206,-0.9947217926318144,-0.29707760929490723,0.5346468502811944
26,train,-0.11313487223733798,-17.218566700893145,-0.11465569794255306,10.866201739427032,-0.24617019045459818,4.491881643415268,-0.7375588024881885
27,train,1.2747089330650403,-6.746860808099485,-0.19893613609748373,-0.8040243142489656,1.0896615548758846,4.105159387982036,1.4824500764637165
28,train,2.1131273513624693,-0.6305773089741173,0.2591295259238921,1.683015989592152,-0.9499738123829347,3.1232821844213734,3.2514190142162436
29,train,1.8192797128469995,-2.0087440082427324,0.35169394504058743,0.5755734700081625,0.3396501074031452,2.8492270188545588,2.357479925341485
30,train,1.49696235677717,-5.311693878433758,0.03586771020923126,5.921252758795554,0.015329277101977415,6.200331269751343,0.4882870573502276
31,train,3.1616786674751918,7.608759267533943,0.25899755203159186,8.20646635857047,-0.33868006070860546,4.77888768832534,3.217068734058254
32,train,1.8918788721547672,-1.598239264439737,0.14227185400734638,0.10956481687490172,-0.6757569520834019,3.823686794054652,1.882712178121553
33,train,2.7832480315170542,4.502024338238595,-0.07067199507717417,7.001941210970543,-0.2549478472497973,5.155368612720682,1.1096695124985554
34,train,1.583095612821651,-4.453529348596773,-0.21037722976238335,-0.02385196527592015,0.38563133638218844,-1.0323272515493498,-1.0277720762256595
35,train,1.3911033526810868,-6.65121051006219,0.07986814090769548,3.3220089005856206,0.2486811836285753,1.448191737718687,1.2451566252956965
36,train,1.8762155963541605,-1.9772498609092164,0.14695601937671857,3.908991760296968,-0.2805456836598318,2.174061167549495,2.2074718626463854
37,train,1.8343348942874145,-3.0330603464305406,0.003519876344753209,0.18558972931418172,-0.6340544713585732,3.43382046785895,1.7338185602339196
38,train,1.0544565925536176,-8.376320701687773,0.2103250764562896,8.882939668660663,-0.39736845977582613,2.473375674789306,0.2966069553616969
39,train,3.6994752600533607,12.52945400900117,-0.08414519245134587,0.9058419006459362,0.9918377651797227,1.002823139486875,1.1315091052003718
40,train,2.142276056896197,-0.45110598192498663,0.13484748508165909,6.203466984770666,-0.049882171839947156,6.359732078840597,1.4554689830377794
41,train,2.0933461624690692,0.04054949181026535,0.11964553294555796,3.5771351764225097,-0.12462837304936136,3.643806466373943,0.9065814308233497
42,train,1.762522895748468,-3.1253319251475813,0.08530023573431826,-2.393457910444484,0.2026712015724794,2.4041214613614312,1.8664587882793517
43,train,1.3711897016966597,-6.1769206986024106,0.019131411621990797,2.3480768472558036,0.012308396195448634,5.403049163333272,1.3401546616224225
44,train,0.36942317980171446,-15.2035083016166,0.14070922686773626,6.323403541951418,-0.2786628833535408,4.09177214443727,-0.8705678717040406
45,train,2.221297588411348,1.2288429987456921,0.12529580041061258,3.826535024645564,-0.1757968623820958,2.0846194161049527,2.3387167719241795
46,train,1.246918106174653,-7.880931514147609,-0.14942180392099422,0.6563737618316066,-0.4422727567884474,4.130162903201559,0.7717132089568963
47,train,1.2579276938190733,-6.7775619480779765,0.3985197361079247,4.266591553389418,-0.048852029908534565,2.282978665918513,3.1128780928021262
48,train,3.375287017151102,11.162366179903929,-0.1835460064940568,5.618323594867048,0.18251781917384433,1.8605925151713072,0.8412659925095634
49,train,4.010087519935331,15.591643530026335,0.026495019190450938,4.568747645496291,0.4472952081569223,0.45898216441757,2.670003911700474
50,train,2.8170780528572825,5.888912371678487,0.2540215359868879,4.462443050961585,1.101617697315342,3.680824348281373,2.5986248021573797
51,train,2.602919700364045,3.2223789229551336,0.007158836658017447,1.8584848627138277,0.7390139011283223,1.5447224874554006,1.0512728796022477
52,train,1.5897448176715654,-4.8012613297898845,-0.0069128867769099175,-0.07835695497962636,-0.6829165281410293,2.3422096268192614,1.849567942251842
53,train,2.614473436489318,3.3915635251127156,0.10621822131777577,1.17152975239856,0.4928301303595783,2.539461285606063,2.6273258345560095
54,train,1.277130114667548,-7.465981436641592,-0.28851413735749865,8.062118577285911,0.31763698473700447,0.23224221255330457,-0.19887389094463648
55,train,1.3952461587485296,-4.583084895581549,0.17489813412830602,5.325606578832745,0.16395391674389406,2.1386103125016933,0.43949308617216254
56,train,1.79337605046543,-3.5101597830561353,0.16778680080586617,-0.9387647289682208,-0.235458424517576,4.327253322429555,1.3812994640282676
57,train,3.781093565605084,12.374685819945883,-0.023576970179157716,5.175746679401853,-0.7655342188700299,1.0691363457306857,1.2071377362943483
58,train,1.4901180313201354,-3.7127560323921998,-0.15756646286945808,3.8446077402136614,-0.7075837475672238,1.7566237065749317,0.5009174337482466
59,train,2.8886459031619767,5.63222243442259,0.023112657969603604,7.813988132353272,0.2874254739470184,5.816103179780273,2.958984252874958
60,train,1.4215342834936464,-6.521926370897709,0.1844321482463338,6.381292698326736,-0.6397834220284092,5.461634335140547,-0.6760408617335099
61,train,2.596184838776142,3.785995766150636,-0.06635233293982436,2.3362322437980847,0.23537525690513358,3.024074110815188,1.148186865259408
62,train,2.2168291088208196,1.1870260790598257,-0.2365177366400364,-3.3779121775108347,0.6078087731455591,2.8907802673031853,0.4376168202323288
63,train,0.9966676181619667,-7.793579589301712,-0.10848362354922543,1.455909595032665,-0.8515299745012302,2.735555093005758,2.086501778941821
64,train,2.694209439647317,5.190497660677942,0.25801908624016445,3.884130523234522,-0.45036722115287803,5.405095220869368,2.3980993346555586
65,train,1.8919033764475497,-1.643041324233427,0.23069699931147902,7.8995202333906915,-0.7238347298998669,-0.4437309230035624,2.016531876034513
66,train,0.8770349193379723,-9.625770335371506,-0.25936792758096777,1.0168308125540815,-0.5650358888520549,2.2464966465260012,-1.2829488892421066
67,train,2.907531212121296,5.753605413431421,-0.1964494580724533,3.3253693661293156,0.1329318038255417,3.3738474486522967,2.724004066532597
68,train,1.5864538520957896,-5.283832027732144,0.38503502342296964,0.060837389170062206,-0.20726052037870613,1.4644569934048937,1.937992733674716
69,train,2.051608281572449,-0.9208438138091384,0.21686578230288067,8.5906321061364,-0.06365918240142909,3.956895360046926,3.1577524383974143
70,train,3.239543318364083,8.458478449422248,-0.0018628014549343045,3.077046716030245,-0.09244164237220624,0.5950765009945238,2.1001217790869586
71,train,1.7557753142389512,-2.9785703230286655,-0.1858163326470461,5.632003836014729,-0.015819320330792128,4.530765144845512,-0.2532128922778629
72,train,1.6117972515818542,-4.799322490499011,-0.14683746319021004,5.866182564339708,0.2241937969709135,1.9996450768124452,0.5020488122784539
73,validation,2.3211152261974553,1.070949324246968,-0.17121733916799148,0.4914189069272883,-0.2004318606665363,1.6672748187313957,1.944855905487155
74,validation,2.7888826361462664,4.797263542251624,0.14204180724342744,3.0908111172434487,0.5256485187252955,3.5069327632305187,3.1936052424224233
75,validation,0.036052875223443914,-16.798565156051207,0.47610189760899124,2.9223562800192617,0.6781668556664471,5.5037216275871526,0.9614042739879761
76,validation,2.257468652258141,1.230494663090668,0.003544097565781534,3.6484564592635764,-0.9555215092601509,1.7572272776534115,0.5751459947533083
77,validation,1.1101732838639005,-8.080948101183722,-0.33424017618711166,4.14368838397277,0.10406825965039933,4.908978494177493,1.8973203867710564
78,validation,2.385779999837169,1.883248455786624,0.04201736014501643,7.516290725237257,-0.4189248395058559,3.1242908070631445,1.4492666237895522
79,validation,3.764034150767631,12.014023133446267,0.1967280142724416,6.197615394812501,-0.029408824861464733,0.270317312099956,4.36228915899036
80,validation,0.6155606312983657,-12.428354935084858,-0.055287692468624,1.7730447917290295,-0.135330983720952,4.752523751000278,2.275471652327992
81,validation,1.9890264278306473,-1.622317655914585,0.12765975127400653,6.5795735999058405,-0.14866251494808091,4.09137070019502,2.4834578661985915
82,validation,1.6292042343772897,-2.744250192799715,-0.09846079647747324,6.463787753421736,0.22482442250162088,3.5753400024493374,0.4331663427232719
83,validation,1.0273060191613603,-9.35327237387594,0.23186992813474883,-0.7581166918092981,-0.6773884315919454,1.5788749250839982,0.17908766015794342
84,validation,2.5470529283184824,3.614108452596252,-0.268405655002355,2.6208966279711463,-0.1797632718133431,2.6181299447186435,-0.912717736512578
85,validation,1.4298330062209346,-6.02121772780298,-0.06174680562374575,3.7245044973699537,0.18893495032102198,4.04127111295351,1.3569049003573568
86,validation,3.5729649873293985,10.81136238441349,-0.031985434280339224,0.4809812441687398,-1.0570784235866049,4.347801347833878,3.528735571949139
87,validation,3.7619765135144583,12.7590102627923,-0.03763143726482344,5.093772437054165,-0.3310341560669291,4.684011866374481,3.193865679072114
88,validation,1.8827231932730697,-1.5180392117879706,0.012543008711231641,2.7676615762867423,0.034328345892534036,1.928937213696917,2.2170190341792195
89,validation,1.8962967880782564,-1.6458540050321746,0.12998364215970043,6.756832368560989,0.09866853621358156,4.486583878076343,1.7804823500177207
90,validation,3.2732802719843352,9.537037547525228,-0.09585891070218555,-1.4494454150467293,0.054072186410603046,4.5286787276689555,2.5950069467145522
91,validation,1.6835237312095634,-3.2024937807385006,-0.12032364973287508,7.742222671270824,0.49493281163906466,3.768726280942361,1.7510075177133944
92,validation,0.9352893673955962,-9.605663974350396,-0.17318310967857667,7.495067987666348,-0.22065777943366635,2.9570354312189484,-0.3687995583540001
93,validation,1.8255335515831386,-2.214815244186746,0.008872277042933268,-0.8451113172178415,0.6483730727997714,2.5811911399220038,1.8418891470272225
94,validation,1.775636922079892,-3.2199919449133922,-0.1744199802213281,2.467756149009472,-0.1280588717997258,1.6610416854585648,1.8581758853723693
95,validation,-0.6719871812366041,-22.770836202103624,-0.034291790456426094,4.307867135198311,0.2785216983076133,-0.03801683600189154,-1.539219582639016
96,validation,2.053073054641041,-0.8034015362873366,0.20682492941638397,0.6686821227084199,0.13892552315273404,2.719414851701131,1.098865523354578
97,validation,3.8578877448345663,13.950096906732538,0.11687789374130458,4.99412038988408,-0.5029483711153883,5.58116329007056,3.8142624343832088
98,validation,1.253873548929691,-6.921124343289565,0.2798843486534963,4.083905542275132,0.27259312508677885,6.589514019454999,0.8497786581097941
99,validation,2.9115137394315296,6.207512207264924,-0.034604756174338974,0.6424176168291096,-2.3458576473317065e-05,2.2623735953912343,3.1391405598708326
100,validation,3.1962976951956605,10.30714822859629,0.020119464235760637,3.4189510592331342,0.23094347470214052,4.342885896451108,2.6067684488771867
101,validation,1.6578332579284407,-3.790192816653083,0.17019406500879866,0.2707577262627767,-0.0833458750519019,1.6780842154068152,3.2539752684122663
102,validation,2.084278594695462,0.387820473361169,0.17404059588939058,-0.43806067928312853,-0.28620125113613615,2.805599333619806,1.1987896232442234
103,validation,0.5640727362336229,-12.681318830235766,0.34666809902158424,1.4546659318184605,0.019648195705862417,1.1595912849502317,-0.5471389341609865
104,validation,2.873189401060742,6.768814090010618,0.12531710618818878,3.648473494235622,0.023254339794942566,3.3043499480909,1.9037867945436346
105,validation,1.484196496599441,-4.5030049090479904,0.05419137565289542,4.321385900462192,-0.13712898982736507,5.969185756621833,2.3606111173324384
106,validation,2.560998613833224,3.361329108651425,-0.08563275761794209,-0.8918076564873179,0.22384161812887463,7.572595410713244,2.5484102751601925
107,validation,1.1758537840885463,-7.756102864636264,0.291810342817231,4.787888979655113,0.5499478221920033,2.4896154764203002,1.1720724361944463
108,validation,3.0034501399253233,6.926793613842529,0.15998896893706413,1.8686121238789997,0.27649372108966686,4.975628705951898,2.2590958993600494
109,validation,1.103954359616622,-8.17364300761396,-0.049178578220023264,2.330538477942488,0.5044993762662255,3.430450726319865,-1.0730228640319537
110,validation,3.249331898219536,8.723614145835224,0.2238814900666938,3.92168710379323,-0.2006017304073625,-2.4097587816591055,1.77551857448631
111,validation,2.388371099100828,2.3245874001742237,-0.493835863364616,-2.169160187574928,0.588626374856611,0.9456309752153933,0.9131352347809502
112,validation,3.9545740439098642,14.752947004797525,-0.012963739118632642,8.687719586846473,-0.08381828992596153,2.779733675478765,2.516402667361138
113,validation,2.2690760909019096,2.612186579534517,-0.05981833414618957,1.7619697911346357,-0.3652906727343022,3.532330984692318,2.5021076808046905
114,validation,2.4200781836475755,3.370289721693865,-0.07540704486218819,4.198783262756162,-0.622146512190025,-1.3505688613420626,1.539505978771539
115,validation,2.6584976646808887,3.7590904835860472,-0.16111298886582,2.8784631922332817,-0.18863217019388212,2.0934162610705664,2.5622512555153616
116,validation,0.4125004164597521,-13.800419130971738,-0.3138091191406835,-0.4229194329092225,-0.7323369247823137,0.14692496557695067,-1.5170382585186823
117,validation,2.0096514733145656,0.3377824684494941,0.06280320465032073,4.824546559137278,0.11186556731602126,2.419509425918422,1.0260527355197167
118,validation,1.6820411950545289,-3.936328327650671,-0.10179958421354302,3.1338106494786246,-0.08365695328463763,5.917986460796243,1.7221067987269087
119,validation,1.9262452152556433,-1.8405278699567709,0.06476896613314435,0.59027656765302,0.8867921979242344,4.915468617620169,1.0308748488000625
120,validation,1.7628739852659938,-2.3058975089389646,-0.11580530868245897,5.145242417597268,-0.611211816695198,5.246145917774579,1.3493407009067202
121,test,1.8800891320867046,-1.4530039474290208,0.44900066467144556,6.412997192510615,0.4487817637349739,-0.22879401461708282,2.7123610710182477
122,test,0.9752078930227741,-9.856827547252715,0.1037391729401862,5.717251901755745,0.1537703363497831,0.9007355868314519,0.40546507116421016
123,test,2.384708069424064,1.5225965212552741,-0.19595454359104655,8.146459325057219,-0.5982619078889778,1.5372960665832458,0.03774693114320371
124,test,1.0362407678480559,-8.700736698371266,-0.07270585528252475,1.645940065951324,-0.10593516665366845,2.963875501699997,-0.5137270686637291
125,test,0.3681108462862477,-13.751415028263557,-0.05010412083846392,8.042448132203171,0.310894026485095,0.2831114770037204,-0.3944914114739435
126,test,0.7253558063150569,-11.794289833029255,0.3844618123325334,5.359420692156217,0.377656238491646,-1.051645015912995,1.7848876368196813
127,test,2.006161387531264,-0.8321312782029762,0.11077333755056087,10.203287317730881,0.10508031352442301,2.2962134023230205,2.1534178396593817
128,test,1.897367604159427,-1.1628813023222992,0.2249848361876965,5.092614071654522,0.12875788927870171,5.908427522390735,2.9270194823063598
129,test,3.0796317966277584,7.8731265012037746,0.09106902260412725,3.5387584295532726,0.9899153902369052,-0.004246728058261873,3.35457203568975
130,test,2.8789896505852104,6.529268842749836,-0.06602042869640287,6.306019714408876,-0.13822807438762894,4.0931352055820005,0.0423724860766721
131,test,2.111848302911412,-0.7190222871046997,0.14105563812955924,4.643726070496339,0.30423725982890937,2.8351833417636323,3.0192560091508156
132,test,1.7352841961198557,-3.35483784267072,0.031159209977867048,3.4700402331703017,0.19729354321571138,3.487893654347537,2.2760814618172747
133,test,-0.7599480229287221,-22.898362786304954,-0.06925235551284041,0.9680728126437805,0.12750625751365932,1.1029068916010105,0.023564846140141427
134,test,0.8887001749955712,-10.600593336163842,0.2700942012624799,7.779966163619521,0.21081464765660332,4.405094895585821,1.1338380975368476
135,test,3.5108691659214206,11.452268120898712,-0.0784149855526628,6.8368746748756255,-0.03666310852482683,3.102685597391629,1.8857001401107567
136,test,0.4434408744453253,-13.57654829922759,0.10063531195542944,5.2336204001739945,0.27151734802520083,8.6246628568298,1.4098611308722253
137,test,1.6458108868956625,-4.6239933040903125,0.12625886609390985,5.5080633060181885,0.21196995811247413,1.0688413041858986,2.474598167978123
138,test,2.813616551991423,5.04249712793807,0.13594318461486193,3.295941776177589,0.31981588417986406,2.452883356339469,1.8103092528204656
139,test,1.6861860354983724,-4.319860261330497,-0.2692945203148157,5.464791366109342,-0.3775593959010036,-0.07877659776522572,-0.7177381898215204
140,test,0.6447535968700324,-11.636503861570578,0.08711701612227976,5.0803686242773205,0.6074495445110951,2.940256900257987,-0.4238758203953762
141,test,3.094660043998573,8.427168993589738,0.18516849368013946,8.230498747221022,0.6930053821891772,0.18961074431661196,2.646053767392176
142,test,2.0130229526263674,-1.2686554936613386,0.10831106020048782,4.885035004677794,0.43563112512879937,1.8211932419975578,0.7052499407223447
143,test,1.186212124605445,-7.8979552063097795,0.11695264868567151,-3.1397326139885937,0.31819200747568266,5.282819697158567,1.2908680757727566
144,test,-0.14087357800880085,-17.077783539661596,0.11066816817873326,4.112182176767617,-0.8275706035798418,-0.6167802117593686,-1.9584280703736077
145,test,2.722721754048907,4.128248910785493,-0.17570263741496495,6.493955409063438,-0.3208269063334438,2.351774774024889,1.0518593469448347
146,test,2.8537677797986545,5.977546833734817,0.18737880133948503,-0.11902388812902664,-0.4322406238371399,2.5635141598197815,1.6416668426476844
147,test,3.0634539219855297,7.39099273868905,-0.30382890114981914,1.9204801073888906,0.2900638649121581,2.0661693824003224,2.121730778598868
148,test,3.1509167953944743,8.291382463201483,-0.09272537474143416,-2.1307225208731495,0.35131607363465134,3.627774670390919,2.997675145635659
149,test,3.496879484533988,11.471728227247068,-0.2910829811513191,4.139398635126968,0.8036889863662381,-0.5138112253181384,1.2090323952398743
150,test,1.2907209681841683,-7.562955151989729,0.16563007043029934,2.9054525718165074,-0.45654671553863385,2.016085417055697,0.7483535050156243
151,test,1.5474161650736875,-3.191533561212498,-0.022779050882692303,5.144814615882634,0.38651373818376267,4.853488702581207,0.09965091890902034
152,test,0.5593479558469672,-12.70926742407613,-0.3764760964300917,0.6411867181573454,0.19661021384016827,4.920991899245157,-0.7297420144140746
153,test,3.6575208035758355,11.639188040105617,-0.06022977800006011,8.868774406717282,0.14830206816429511,3.6854725103491086,2.474272935752639
154,test,1.924586778071469,-1.3833166131027714,-0.29850592451592844,2.761293544475059,0.43811444292805574,4.070376493200214,-0.5008077579741834
155,test,3.565001259127068,11.29310250567566,-0.013101078415286955,9.220387383034264,0.08229074350659896,3.382769876622816,3.163578762436985
156,test,0.7566314130217293,-11.422379325416587,-0.2088223167006242,6.982874452106598,-0.5344765531158276,2.2126048515745826,0.14398287844422752
157,test,3.3167475128729764,10.288388443012796,-0.18133923752435288,3.8997330550734235,-0.2841987298481437,3.050398100218909,3.4922170035049054
158,test,1.8530806821962993,-2.8996757850728323,0.048869118717997796,2.847637790630727,-0.0020102205880113727,1.6996940439060622,0.7601947098731116
159,test,3.191972413966262,8.395501578338996,-0.1570557476092721,6.422633026790271,-1.1660765950726137,3.4898363281023945,2.5716848246204167
160,test,3.6199866240730225,11.377982578354057,0.27362416669034717,7.313879621039807,-0.04208680645771599,3.750354264975324,5.243974009862863
161,test,-0.10406441930857024,-17.544906655721988,-0.32119911614721075,9.630495250362479,-0.5381804872839578,5.20334472531485,-1.6639224980402845
162,test,2.301983404146537,1.8158301048120897,0.10243969578388652,6.2003012826603365,-0.28850016406978307,1.1758530314369584,0.91818623487847
163,test,3.034416628936584,7.018599976542335,-0.07991206072465595,1.995078817338006,0.07740385609391856,-0.7909450397573874,2.7572063947513765
164,test,1.759042985179155,-2.0017350083892365,-0.27813536440625475,3.5262160756697294,0.747235522477302,3.746889163585857,2.1334587233481974
165,test,2.273066861465286,1.748503179374541,0.15237498802129507,5.8147806477657955,-1.1023262486850722,0.6575721825331948,1.0401917198162915
166,test,2.076600703469417,-0.9159800629869995,0.1162002127586814,1.3416216134015029,0.5416209990004875,3.0933920380922157,1.873800632967899
167,test,0.6525772632619395,-11.740266070323669,-0.23292816109756065,0.5757861153586221,-0.13880565613885187,0.9146190191745354,-0.49427416832144677
168,test,3.3389280025504027,9.516227213526474,-0.028272135735688278,3.697099832580175,-0.17072957110872114,2.652840727265093,2.784337665693698
169,test,1.9955604249804892,-1.7501108984460902,0.08562150509396065,2.63848366623834,0.5938435134385271,3.9455162983624867,3.2449007366039337
170,test,0.4039600242280401,-14.028424725669073,0.2239607830422307,4.911523940613272,-0.44495905135573216,3.261877879027576,1.3774677686201489
171,test,1.5662389807861357,-3.404501235109527,0.34847153708960765,4.730534723233172,0.3439614613958855,8.974085533158458,1.739094355532086
172,test,0.9862129999850313,-8.97934342643958,0.0739583170840886,6.1658818178871035,-0.23544414326391916,1.8525661189360922,0.9841569498106869
173,test,1.160762742045277,-8.013974766241299,0.14022789646541867,3.1645929150088583,-0.46455787088362727,1.479945463104497,1.2323094216033057
174,test,1.2828617465845045,-6.985100496973635,0.032258527955138595,6.490767473268882,0.35311418083237284,2.437610064857674,0.01291354029423164
175,test,4.173656351088696,17.61953809161979,-0.141792972733377,5.466627146292796,-0.3457162613486606,5.891911918001483,2.1589405088714555
176,test,2.716330315076923,5.460477963896711,-0.2313354304400732,3.9340966969275426,-0.022828851279295154,2.7883266789964245,1.2904060172566323
177,test,1.7805405915442063,-0.959176178365752,0.11498352213511331,-0.7030563472255249,-0.48401997065626345,3.2718092374039354,1.333780131266963
178,test,1.4041695877106797,-5.447854405257371,-0.12530056623860417,4.096281840579921,1.1364336472896444,3.0788049942713704,0.7616260969438996
179,test,2.5841633335784966,3.853071620482087,-0.03187107025061262,5.734350375109089,-0.10091541423784538,1.4645292132588597,2.48352081004128
180,test,1.7388167119151672,-3.2702309698053864,-0.15274338183374758,4.22446110222,0.4083306355967208,0.5234323299805159,0.41631566102026374
181,test,2.6208855679204435,2.9285954725328622,-0.1788164704254701,3.2032936895937203,0.36300883229573244,5.150978388211495,2.4275387209614623
182,test,0.5681756724628431,-12.22959366431911,0.02303645399274967,4.960286302570386,0.6018870912911619,1.5937909721665928,-1.4932989823534648
183,test,0.7960394407863323,-9.773309662545078,0.0319967397031737,3.4911923333935033,0.021512718413693184,2.4172941941343264,1.613047481467598
184,test,1.1322890828374415,-7.97659119087589,0.08869970527339105,5.882348679982974,0.3473479090196881,2.6301351458273117,1.0628632221022247
185,test,2.715069023183776,4.676378628130119,0.3227490158505141,0.9663618679230543,0.42292427969373275,1.2288813848015296,1.617636915515456
186,test,2.789933989515519,5.079034982006163,0.24189334193781514,9.958231046869699,0.35884717609039624,2.57949986502741,2.4577577847585235
187,test,1.5815310661304651,-4.156313103531449,-0.15138307421921926,3.317989705407623,-0.4043078923987684,3.7564424693143947,0.10653471349298804
188,test,0.4497484976031054,-12.775637298841687,0.050301069954091907,0.3924366052904329,-0.3090991285720331,4.352606570452817,-1.0336042076016867
189,test,3.308943505692619,8.793480198667385,0.0404977398134527,3.9538404533436964,0.5974324307057288,1.6332766580168228,2.3199682974199374
190,test,2.290942960623892,1.6628847318806086,0.01496547485331201,-2.3325960193605493,-0.0696598642343407,0.0404154149954814,1.1904697081897038
191,test,2.1042391454950966,-0.32596279250564075,0.18608944000591912,1.2239133771055748,-0.4692411838526854,3.049222335752449,2.54170253143992
192,test,1.4976566561513767,-4.1030178479074975,-0.0128703788265432,2.8031555798305936,-0.13955597636534384,0.9812436772717983,1.8131031254496683
193,test,2.7710925831554114,5.706634818750233,-0.10548545105958103,1.230191669960135,0.08908346696602064,5.858340176170762,2.6006438298864647
194,test,2.5204033994872272,2.5069064294226395,-0.12459428503511832,2.5645700130676308,0.0813040982162068,4.053968888807419,1.2649048163788428
195,test,3.4692831743862715,11.166080917305667,0.16413821172578516,3.138842389011154,-0.24703186444464953,-0.8616063390043345,1.7162498541728466
196,test,2.394972378484105,2.384542232924667,0.08103842262349929,8.124970840343835,-1.2041380151652665,2.496045876481342,3.3668929406214403
197,test,2.270806042982362,3.1683752450533325,0.33805327649483485,3.104227392136091,0.08462197394863878,1.5984991102681767,2.1422307729888255
198,test,1.312625596035395,-7.002721416314297,-0.08202289502152338,6.948321694854391,0.2918942608713653,-1.8941132489361783,0.6641036877905369
199,test,0.9717924456530793,-9.26290520047438,0.1258179659421226,1.0230945083975862,-0.29963278582432223,6.258216278341468,0.6492309556263657
200,test,1.306962258969988,-6.26363144855332,0.23252889403731083,4.885190111220909,0.20088751004106606,5.687555973603252,1.6823166604681496
201,test,2.736134727706586,5.13935271362543,-0.0032167176822633613,2.1120057532142376,0.2583222514049698,3.2130700800754166,1.8157554514682206
202,test,2.848307807114347,5.962374861258059,0.08331860315222685,2.7785642189718986,0.15486991097796943,2.5370999844080773,2.4661490043252385
203,test,3.052802479122013,8.924378096152124,0.18335906972264754,2.8358808916896843,-0.35777080222960705,2.6116035386089695,3.286647389261163
204,test,1.7228436833056837,-3.508354969340602,0.06697620367896212,4.4851562972776335,-0.08671717688305328,6.551865280465778,1.2073874636231616
205,test,3.8492493924795737,13.676396322864804,0.27044104110193107,6.034934940475248,0.010148112540769359,-0.2203954411504152,3.011182837838347
206,test,1.486149076327393,-4.6292038448120465,0.2383662637611412,3.5682381589453667,0.6131936465243595,2.6102612073016807,2.959175174005592
207,test,2.28810349746807,2.0818666538596737,0.15409563142783816,3.656772914312933,-0.649101864589588,0.872265265863744,2.1170118849753443
208,test,1.4002018485155587,-6.235116689231712,-0.3904091370316807,12.235647451277913,0.018254386178985598,6.636974317988122,1.4340289780804922
209,test,0.5698769369237016,-12.090447568275449,-0.06934702316634156,4.556743798693843,-0.0384188529000722,4.743812426540568,-0.2881191626590395
210,test,2.812100385063031,5.457594492089116,0.15132800452212236,-0.9810240212522663,0.06416741893054627,4.29231303423985,3.7423922523793465
211,test,2.4479121807032245,1.9445744671336338,0.2292855691984649,3.4840009463705472,0.2548497260743927,2.370344814182484,2.410398752940703
212,test,1.0440861402631343,-8.44408466902678,-0.06163293535523448,3.681344655301767,0.929911176405806,2.4900319201241827,-0.21586878808801235
213,test,2.305469965335974,1.432380541494323,0.26303486809035986,3.558162612814295,-0.5506465653337107,6.341087675037533,2.1950848936258187
214,test,1.8060747896656535,-3.047369431105136,0.05465806112664803,3.864797107195205,0.6066933287418174,3.943445944609964,1.7275990025974135
215,test,2.4864728190683474,3.2864432909156642,0.13525835355843183,1.911239600889556,-0.12186570292471718,4.350985440688931,1.6236941154550302
216,test,2.4506841959727574,2.4286269085921286,-0.028473109554233513,4.224224054755916,0.1583401031048413,-1.741406381123638,0.6375744677088772
217,test,1.4039546820323792,-6.12584924456885,-0.05930239283380935,6.720064448976452,-0.08105750134363314,4.850385907374797,0.7324969563268522
218,test,1.0941401938106958,-9.746509772987292,-0.13030059597710705,-4.295726792335103,-0.06582987984785624,-0.44454332289311393,1.5947651271659264
219,test,1.9611492687348404,-0.4025735868768697,-0.017937855260491197,2.8511524552290117,-0.4054060993458012,1.0250933091288865,0.8542085003455293
220,test,1.9505198470141023,-0.6551781436837225,-0.2204116769958823,1.6570537828894065,-0.10266288176220185,2.549353228266446,1.138119740214987
221,test,1.3154909645632287,-6.545829884735933,0.17559782642849234,6.188512678336556,-0.47778827621778597,1.675937409006401,0.6636914935561082
222,test,2.0123395771163066,-1.6316397557909084,0.09803406698630816,5.253320289690592,-0.2402630466988425,7.877316738995497,0.6568163401442586
223,test,1.1137306736183483,-7.663540446087813,-0.20800500048959028,2.0953031572426446,0.018710434870407886,1.846274656347449,-0.027294614199138194
224,test,1.3512009697374059,-6.215927869773397,-0.4027144254972197,4.130122732221574,-0.0580976018832742,3.561067633549139,-0.35304419815425986
225,test,2.694254193158417,5.329190942118146,0.16666794423630066,5.744154604602723,0.32887973987627483,-1.3442591934174102,1.3878412847316663
226,test,1.3129760347012165,-5.729856050121601,-0.02117251676307385,3.5220406884765323,-0.16878190901441767,3.5985545010515514,0.4557089479449643
227,test,1.029309420591149,-8.397911396009803,0.05751693449187745,1.6266678274844688,1.0826722351800382,3.340702999801476,-0.5379523818347407
228,test,1.9416299871702234,-2.035298835023223,0.19269989036165522,3.336397682289774,0.6033295593150939,0.010584890559243387,3.325160242075306
229,test,1.845531951256201,-3.0585325161576717,0.15402973583550145,4.97329718569021,0.09970906371621101,1.522692239810779,0.6054648984610989
230,test,1.1658398174718179,-7.507855761843037,0.5002578064707034,-1.0901873886080784,-0.1753976014285883,2.4608346989652308,1.1340190920239306
231,test,1.6348376715940105,-3.634842406606924,0.007963453194902081,3.2445543229132534,-0.7193211301980628,-1.5434143200240467,-0.1777441182200553
232,test,1.4001812698231748,-5.6187017668868595,0.05942573499614909,5.389361919688625,-0.5930514679994653,1.7624187833694862,1.3321158847664776
233,test,0.6525909348678107,-12.639355100915505,-0.027827223983879035,9.258822518512504,-0.0889061462001352,2.8741481791167756,-1.446211896548415
234,test,1.6482714786256336,-3.5184076956615193,-0.09769971705867214,4.498899246795605,0.5912161817051941,5.057458903300166,1.86135555528728
235,test,2.6372474052063226,4.3284310597642754,-0.4013183378758203,4.08021924416558,-0.7894461338437248,1.6441317945216125,1.1867827185046869
236,test,2.5073982415106126,3.744509919623895,-0.058407505262926776,1.0730284588456085,0.4525446235794724,3.2051074289503947,2.8465705511002874
237,test,1.1853982400630292,-8.362469586776948,0.07820786280344241,8.461198321876843,0.11913591554397232,0.9773979367539058,0.777248654887857
238,test,1.5858657929849727,-4.913571611822719,0.11372314559889996,-1.3922465763475946,0.2662264174805867,0.27425021572464736,1.7911198950428369
239,test,1.5673606282615382,-4.956485193978143,-0.3236034090689842,3.2887307965458943,0.2813175023923027,4.591053766785411,-0.7384727249035006
240,test,2.429303595580486,2.5796655863943205,0.25365584540489305,1.7398316877538718,0.305516835674587,2.823312917333704,3.2883117575142515
