event_id,property_id,listed_at,district_code,area_sqm,list_price_wan
L001,H01,2026-01-02,N,50,100
L002,H02,2026-01-03,N,60,120
L003,H03,2026-01-04,S,80,160
L004,H04,2026-01-05,S,,180
L005,H05,2026-01-06,E,100,200
L006,H06,2026-01-07,E,70,140
L007,H07,2026-01-08,W,90,180
L008,H08,2026-01-09,W,110,220
L009,H09,2026-02-02,N,120,240
L010,H10,2026-02-03,S,未知,260
L011,H11,2026-02-04,E,130,260
L012,H12,2026-02-05,X,300,600
L013,H01,2026-01-20,N,50,110
L014,H02,2026-01-21,N , 60 ,118
L003,H03,2026-01-04,S,80,160
L009,H09,2026-02-02,N,120,240
