id,x0,x1,y_clean,y_noisy,flipped
train_0000,-1.5878082299020524,-2.351137582734959,-1,-1,0
train_0001,0.85627617753096352,0.44787103456804322,1,1,0
train_0002,-0.41422330256102491,-2.215368302125567,1,1,0
train_0003,0.9161105894216548,1.239113870818835,1,-1,1
train_0004,-0.83844117072656887,1.5159125290239643,-1,-1,0
train_0005,0.60609209135825104,1.6228470731439177,1,1,0
train_0006,-1.5691217267823354,0.18433031180021597,-1,-1,0
train_0007,1.0202203277534716,-2.0230826428252051,1,1,0
train_0008,-0.30754739741753756,-0.60623648911731109,-1,-1,0
train_0009,-0.61216599469773758,-1.4522599956787503,-1,-1,0
train_0010,0.31750353427153533,0.38706621351983017,1,1,0
train_0011,0.87139134806554042,1.7352594090006903,1,1,0
train_0012,-2.3931680981704559,0.76586509448874995,-1,-1,0
train_0013,-2.2479864720778742,0.89449353248637653,-1,-1,0
train_0014,1.2433474154246187,-1.3281051210808577,1,1,0
train_0015,-0.55518082852315365,1.2334676611457258,-1,-1,0
train_0016,0.86163933781575164,1.3154612180645433,1,1,0
train_0017,1.6185030795415498,1.6137694108515452,1,1,0
train_0018,0.8779994634466366,2.0696590551313019,1,1,0
train_0019,1.1610912094881058,-2.2798471663238984,1,1,0
train_0020,-0.2370364276936483,1.8414003082094297,-1,-1,0
train_0021,0.14896831537459132,-1.6435073904432134,1,1,0
train_0022,1.9507976425328808,2.4870966828117318,1,1,0
train_0023,-0.69980004924178218,1.6048270297737481,-1,1,1
train_0024,-0.76401976987147568,-0.092915460891630275,-1,-1,0
train_0025,-2.210220036575159,-1.5544808855116043,-1,1,1
train_0026,0.07536286321447383,-2.013231042000287,1,1,0
train_0027,-1.7960318129079362,-1.1108840725061202,-1,1,1
train_0028,-1.8310978267632376,-2.2690229031241334,-1,-1,0
train_0029,2.3355822798086061,0.55364326060363567,1,1,0
train_0030,0.78191667496440243,-1.5683000683448056,1,1,0
train_0031,1.2554867764897857,1.6338549794036474,1,1,0
train_0032,-1.5015148428071328,1.6788191989936827,-1,1,1
train_0033,-1.3502004536111252,-1.0041206007009396,-1,-1,0
train_0034,-1.5931246415551632,-0.39438901198482634,-1,-1,0
train_0035,1.5399162083335023,1.2056414189170943,1,-1,1
train_0036,2.1827741945531747,-1.5845752890189053,1,1,0
train_0037,-1.5631320118487757,-1.6568584459702334,-1,-1,0
train_0038,1.3976570696243984,1.5839015962139431,1,1,0
train_0039,-0.35196413596619358,0.034079465475873594,-1,-1,0
train_0040,0.34164281771635041,-0.17906712284076765,1,1,0
train_0041,-1.7054609846846418,2.1191861497837152,-1,-1,0
train_0042,0.59726127157945852,-1.1231814031513792,-1,-1,0
train_0043,0.95589736112010559,0.28478551588430223,1,1,0
train_0044,-1.7613922509176443,-1.5239656517457889,-1,-1,0
train_0045,2.2272900847218784,1.3639929010481291,1,1,0
train_0046,-1.7797054174705107,1.2480972010537164,-1,-1,0
train_0047,0.44740362242558085,-2.0156180297630488,1,1,0
train_0048,0.44367460313875107,1.4518270211377771,1,1,0
train_0049,2.3339043680676799,2.0625402619363102,1,1,0
train_0050,-1.1007023478895173,1.9860746576657977,-1,-1,0
train_0051,1.3017215104260247,0.75072295112696574,1,1,0
train_0052,-0.1555223164968238,-0.048679213399497989,-1,-1,0
train_0053,2.3239229906056371,0.4935692448146316,1,1,0
train_0054,2.481981131084865,0.92341280809848092,1,1,0
train_0055,1.7005892863649432,-0.9113820839556086,1,-1,1
train_0056,0.3536589629134026,0.019039749320612476,1,1,0
train_0057,-2.2566259236210646,1.2707153122590982,-1,-1,0
train_0058,0.43083297191982384,-0.976766837817995,-1,-1,0
train_0059,1.6300806912461487,1.8493987633105853,1,-1,1
train_0060,0.026953326133749567,-0.40028138750007169,-1,-1,0
train_0061,-1.4133805259368608,1.7467853413246752,-1,-1,0
train_0062,2.1276672962512153,2.0761573311064838,1,1,0
train_0063,-1.7595235411227927,-2.2544522434371932,-1,1,1
train_0064,-1.753026535656721,-0.71774776894742054,-1,-1,0
train_0065,1.32933104003591,0.81162635727465249,1,1,0
train_0066,2.1080509766112323,-1.4821609955071509,1,1,0
train_0067,0.42318559973638603,-0.12780785083215163,1,1,0
train_0068,2.4918148049823472,-2.1604016878061296,1,1,0
train_0069,0.44846318488609604,-0.56480234054208367,-1,-1,0
train_0070,2.3118347323598556,1.7484444345406231,1,1,0
train_0071,0.71597917538216427,0.51093859919158913,1,1,0
train_0072,1.4464794513069417,-2.1655937468199298,1,1,0
train_0073,-1.4770126641243841,-0.65485595602763613,-1,-1,0
train_0074,2.0154512502990123,2.0288875216827265,1,1,0
train_0075,0.54087908453752709,-0.98517525062829403,-1,-1,0
train_0076,-0.30558906102276895,0.10050894827768664,-1,-1,0
train_0077,1.422148447429989,-2.3202296218328273,1,1,0
train_0078,-1.8000888063794735,-1.5485165028357368,-1,1,1
train_0079,-0.088429135235120082,-1.6887619374758351,1,1,0
train_0080,0.15042654408295508,-1.2373418060816943,-1,-1,0
train_0081,1.7204592527445968,0.36216156786661058,1,1,0
train_0082,2.3158093039975327,-0.034285104842523673,1,1,0
train_0083,-0.1022135615998998,-2.4474664773351078,1,1,0
train_0084,-0.58729950075684823,1.2376209249013304,-1,-1,0
train_0085,1.3811870786310099,0.20231438404013513,1,1,0
train_0086,-1.8639948952706242,-0.76800017011135591,-1,-1,0
train_0087,2.0751455564030232,0.23604993789159767,1,1,0
train_0088,1.8348971606848794,1.013106799421112,1,1,0
train_0089,1.600872228037284,0.97323816859905055,1,1,0
train_0090,2.135728693396806,-1.9852116541419129,1,1,0
train_0091,-2.4295792627032728,-2.3239261885973841,-1,-1,0
train_0092,2.454360047771651,1.7317893715592776,1,1,0
train_0093,-0.56526650712791904,2.4744370003586482,-1,-1,0
train_0094,1.4050241471155061,-1.8073539753698864,1,1,0
train_0095,-1.9903125604646092,0.99292039936808063,-1,-1,0
train_0096,0.2265093840368495,0.55811595382556778,1,1,0
train_0097,-1.9368159201574038,-0.65109231234145293,-1,-1,0
train_0098,-0.89323355831451234,0.016295671230646125,-1,1,1
train_0099,-1.3192769715577102,-0.1156324364600767,-1,-1,0
train_0100,-0.73400059918205907,-0.42292081156666139,-1,-1,0
train_0101,-0.77110021155000763,1.4819470566325443,-1,-1,0
train_0102,-1.6863260104489202,-2.4560179491941097,-1,-1,0
train_0103,1.8877425517819297,1.7332714886445952,1,1,0
train_0104,0.012210256634920924,0.62947200763070965,1,1,0
train_0105,1.4865280175425988,0.94742208692266594,1,1,0
train_0106,-1.7241886696383961,0.62248834598569402,-1,-1,0
train_0107,-0.032335327115093015,1.9504601652618705,-1,-1,0
train_0108,1.2952047544099798,0.2925766935170051,1,1,0
train_0109,0.49454223713334855,0.51423306199199592,1,1,0
train_0110,-1.4619876452150788,-0.36171568315973435,-1,1,1
train_0111,-0.70148065225424006,-0.99786276864060053,-1,-1,0
train_0112,0.099526804957413173,0.57968361698346671,1,-1,1
train_0113,-0.94790488960642905,-0.18588864846352493,-1,-1,0
train_0114,-1.7354458140125728,-0.41904425633092846,-1,-1,0
train_0115,-1.9680451720943943,-0.26123905057252772,-1,-1,0
train_0116,-1.172337248239737,-0.92608577181025442,-1,-1,0
train_0117,0.92903890246742682,-2.4081676042743085,1,1,0
train_0118,1.760215031965072,0.87342105004387616,1,-1,1
train_0119,0.39484007176569458,-1.1359717778596861,-1,-1,0
train_0120,0.95965596472583492,1.6218511222934771,1,1,0
train_0121,0.50415829756974695,-1.4100367587321321,1,1,0
train_0122,-1.7943710998418956,1.7019844091828613,-1,-1,0
train_0123,2.2996018919557146,1.2460071869414295,1,1,0
train_0124,0.35481521345141243,1.316441143807821,1,1,0
train_0125,1.4622165818516391,0.55437855218782373,1,1,0
train_0126,1.7841641015538627,-0.18997045968423709,1,1,0
train_0127,1.8995315134782045,1.1477698945550809,1,1,0
train_0128,0.49091410455750895,-1.7997515072213717,1,1,0
train_0129,-2.035061895809791,2.486903644536878,-1,-1,0
train_0130,-2.2865378334183988,-0.016092529015195201,-1,-1,0
train_0131,-0.41810801888966243,0.92946697274789214,1,1,0
train_0132,1.529258944112442,-0.48029221971868497,1,1,0
train_0133,0.84483268437322412,-0.5462004622575849,1,1,0
train_0134,-0.15035850631189129,-0.53464437081932648,-1,-1,0
train_0135,-1.8791228930074133,0.33603297406583144,-1,-1,0
train_0136,2.3683989386327644,0.17218827759938282,1,1,0
train_0137,0.27180551545779785,-0.12599143287266212,1,1,0
train_0138,2.2373457945552309,1.5618068390932276,1,1,0
train_0139,2.136292791168807,1.5284540278716987,1,1,0
train_0140,-1.2462345958485717,-1.311424654817392,-1,-1,0
train_0141,-1.9024645775219544,1.5575081047735786,-1,-1,0
train_0142,-1.4818958995440008,-2.2463586026343685,-1,-1,0
train_0143,1.0444941046131144,-1.8428676368718184,1,1,0
train_0144,1.1858702446841782,1.220547791958229,1,-1,1
train_0145,0.69422084428919195,-0.13366049005097658,1,1,0
train_0146,2.1821172503127801,-1.3306379407124791,1,1,0
train_0147,-2.4462816484216994,0.46307685961154199,-1,-1,0
train_0148,-0.99838036483773318,1.3466473089400388,-1,-1,0
train_0149,1.2102538037241106,1.6576255623598799,1,1,0
train_0150,-1.7610834228494487,-1.6490988679526786,-1,-1,0
train_0151,-0.92445782807074384,-1.0983689583603913,-1,-1,0
train_0152,-1.4766160406116768,1.9247299994685196,-1,-1,0
train_0153,-1.4473275931435037,-1.8714256654068877,-1,-1,0
train_0154,0.18113195109021074,-2.4573237372756953,1,1,0
train_0155,0.71889980663844799,-2.151617144020225,1,1,0
train_0156,0.23588631568549134,1.416772909213722,1,1,0
train_0157,-2.054928942597456,-2.2118693937808693,-1,-1,0
train_0158,1.8920239985183063,1.632790637987342,1,1,0
train_0159,-0.69584659559172812,2.029031380491638,-1,1,1
train_0160,1.6861422115537392,-0.93998405109647964,1,-1,1
train_0161,-1.9771997875092233,-0.16368518637190421,-1,-1,0
train_0162,0.83255351835595715,-1.0822494071327711,1,1,0
train_0163,-0.25693927812272976,1.0674333332296326,1,1,0
train_0164,2.0502942454939781,1.6587962752959271,1,1,0
train_0165,0.51774754357575903,2.4279355948920243,-1,-1,0
train_0166,1.8629492451682808,2.4907387465949151,1,1,0
train_0167,2.0053679731500873,1.7008423489370825,1,1,0
train_0168,-1.2414345314022217,0.29377152803591855,-1,-1,0
train_0169,-0.030742317628274396,1.3175875985598391,1,1,0
train_0170,1.5029673928521223,0.75651766926059949,1,1,0
train_0171,2.0013794285084856,1.818822141432122,1,1,0
train_0172,1.628876252734389,0.76194872184032425,1,1,0
train_0173,-1.4407707730520947,-2.3672209205070267,-1,-1,0
train_0174,-0.35790863004437323,-0.814192900265998,-1,-1,0
train_0175,1.9297718691604606,2.2588335942076387,1,1,0
train_0176,-0.85638640258548726,-1.9512939478740559,-1,1,1
train_0177,0.57824849816731216,-0.72734613918786817,-1,-1,0
train_0178,-0.72205006083856871,-0.30314150096991987,-1,-1,0
train_0179,-0.2062059617337777,-1.5459640115947075,-1,-1,0
