row_id,category,y
0,C0,0.69294029071101937
1,C78,-0.56698245226038602
2,C107,0.48054245706291659
3,C65,0.2641760936168247
4,C62,1.7150506425697762
5,C47,-0.52401617975535852
6,C15,0.45567349079559483
7,C75,-0.90619438134339247
8,C61,-0.7511180869063242
9,C104,1.1591678510888097
10,C15,0.35160897483610648
11,C75,1.696845142396785
12,C83,0.62836201035814632
13,C31,0.2339794578352988
14,C117,0.86411629580240468
15,C68,0.28828632464185067
16,C82,-0.95275376733433537
17,C26,-0.28439239755890539
18,C48,1.0455698275272602
19,C11,1.111269222088654
20,C38,0.39443550055344739
21,C37,-0.43072864786465542
22,C41,0.95294910748244366
23,C109,-0.98351607467013025
24,C16,-0.30873885697238501
25,C59,-1.2683922349152403
26,C39,0.4411906994663003
27,C43,-0.10488545710917897
28,C88,-0.92298974509041565
29,C34,-2.2870214357016532
30,C77,0.53819401181689608
31,C86,1.2176386500268803
32,C68,1.8094776020045769
33,C105,1.009109546241592
34,C54,0.070094216185251954
35,C40,1.4761441564687388
36,C63,-0.34137698512697012
37,C12,1.4137249052081058
38,C52,-1.0201112385514082
39,C62,0.23457241492202519
40,C86,0.93053842122250552
41,C12,-0.85836546352087428
42,C34,-0.53100736717233221
43,C86,1.2260689050906941
44,C29,0.095751397936804747
45,C96,-0.32964371859014746
46,C57,0.42938886704690138
47,C69,1.3142743388237441
48,C70,-0.76824762819001835
49,C27,-0.9722132747120289
50,C5,-0.31842861007990181
51,C30,-0.15928175571858549
52,C9,1.2746825768172965
53,C35,0.23856364820751813
54,C65,-1.6921702223695667
55,C58,-0.054252931647217631
56,C14,-0.94025475061661934
57,C54,1.1303608545073525
58,C8,-0.85980753301066093
59,C100,0.62374651101229606
60,C88,-1.3731517153274237
61,C28,0.36057293180715383
62,C14,0.12345365871653689
63,C77,0.11910826902958804
64,C90,0.50599555269632779
65,C82,0.99120569086090282
66,C35,0.22258452894456637
67,C29,0.24751718167501394
68,C54,1.230767694401727
69,C108,-0.47103507276770873
70,C113,0.61169034474189632
71,C32,-0.06268368444655717
72,C10,0.53396753277367082
73,C7,0.58252438812468144
74,C15,0.20244713177540666
75,C118,0.54864610374249767
76,C58,-0.58181742748200382
77,C39,-0.38826414047699037
78,C93,-0.58773998250465398
79,C8,-1.47216164714147
80,C88,-0.70497114255317495
81,C60,-0.43026615866401507
82,C34,-1.0908083668270765
83,C41,-1.0179717327525795
84,C104,-0.25806111230023809
85,C19,-1.1350816502243213
86,C18,3.2858264144506366
87,C0,-0.5235254282311923
88,C15,-1.8056132569423891
89,C11,1.4709138889203952
90,C17,0.71614682834177956
91,C91,-0.087346299298729557
92,C19,1.1697980492729454
93,C106,0.54260536000838511
94,C3,1.5470145287828667
95,C60,-0.066900607839611256
96,C106,0.67015413057761863
97,C3,0.037832975460164557
98,C114,-0.96421953022390527
99,C58,-0.37258519471573698
100,C0,2.2523990090067243
101,C22,0.67416491015350655
102,C92,-0.9078922235065241
103,C50,-0.53858818141187426
104,C110,-0.29778611189269899
105,C116,0.32582197084724884
106,C38,-0.83565318374611564
107,C94,0.1150077823700628
108,C93,-0.61647723710299718
109,C110,0.10563085714845867
110,C12,-0.58430973657544805
111,C18,-0.26278702655452801
112,C19,-0.65682072588689344
113,C101,0.86228018149399754
114,C107,-0.295716973235504
115,C46,0.031857443645071482
116,C10,0.016642143889132238
117,C117,-0.26188502130616553
118,C89,2.0073714975021826
119,C90,-0.34767865567101719
120,C25,1.5435509945440642
121,C37,1.3295237119692689
122,C75,0.27867603728410945
123,C40,-0.87612376115818436
124,C5,-0.63145203980450781
125,C108,-0.0071287724976937753
126,C106,-1.5667420641051824
127,C20,-0.73840847675501697
128,C76,0.73789875944636973
129,C74,-0.95320423282882238
130,C14,-0.16499257248769017
131,C17,-0.21143401652780472
132,C5,-1.6390604703718126
133,C119,-0.21648097706313441
134,C30,0.93001642324348588
135,C89,-1.252746677902328
136,C40,-0.37141727540890013
137,C55,1.9238877163686057
138,C71,-0.28985089087436394
139,C87,1.4541459042898595
140,C91,0.58962675202101089
141,C94,0.23436023902076017
142,C108,0.57589234350437901
143,C61,0.01775791937057828
144,C72,-0.54981799250365948
145,C95,-0.46240865147812599
146,C17,0.90003845250707104
147,C28,-0.34411435446767852
148,C22,1.2667320301352554
149,C34,1.1458557797749442
150,C10,0.38069976084608353
151,C117,0.54416243706636347
152,C28,-1.0088044642973477
153,C104,1.1589883178479237
154,C50,0.049452562451607542
155,C103,0.069178883559195367
156,C50,0.54102107316067727
157,C18,-0.57440556006775301
158,C53,0.13790281214057454
159,C111,0.57149357607681783
160,C0,-2.0947218298784636
161,C18,0.51553376177270116
162,C84,0.12402623870200349
163,C23,0.4666144255243676
164,C116,0.7268920477626386
165,C74,1.2755292709177448
166,C97,0.17196664205651563
167,C104,-0.072280608316516434
168,C27,2.2763852128875519
169,C82,1.3332136667291667
170,C47,0.80827387008206275
171,C105,-0.054175985817187987
172,C86,-0.61946003434563224
173,C21,-2.0678763538877774
174,C43,1.8245263517420076
175,C118,-1.1542309827719908
176,C75,-0.49337760626147126
177,C55,1.0825417329923814
178,C8,-0.47436267890345529
179,C65,-0.9863242637631463
180,C55,-1.1662227592225476
181,C91,-0.37254551263715779
182,C29,0.7963320932210215
183,C42,-1.7265712430364861
184,C106,-0.64155829549049748
185,C76,-2.2484415537652747
186,C94,-1.862456467905846
187,C56,0.18828634494387222
188,C84,0.18982838210589226
189,C9,-0.56928668086234002
190,C47,1.7222748892260771
191,C118,-0.029007293670156857
192,C37,-1.3579839609653113
193,C68,0.6157643442081252
194,C14,-2.8757115600029204
195,C112,0.30725615850452126
196,C75,1.9770580180130548
197,C35,1.5405684960981803
198,C96,-2.7468982636237262
199,C49,-0.27823254549291843
200,C74,1.7310329175068646
201,C44,1.5631438837590923
202,C104,-0.40612200012293725
203,C20,-1.3722263823989687
204,C31,0.93463926197904712
205,C43,0.51599900921782871
206,C50,-0.52284550130383167
207,C102,0.39283086297000885
208,C91,-0.38759989408367496
209,C29,-0.23203384833790289
210,C9,-0.1909564468679269
211,C100,-0.23838832180307712
212,C93,-0.68778833881937329
213,C24,-0.6145416979966476
214,C7,-1.8877603129791047
215,C23,-1.1333582555272521
216,C8,-0.17084939091045903
217,C53,1.1403407315569465
218,C105,-0.37065091381713572
219,C72,0.028287814217603718
220,C42,0.35305377121388637
221,C14,0.98732680003459627
222,C9,-0.67168086797821536
223,C84,1.7464567324862437
224,C79,-0.16510748285982615
225,C61,0.67994248678421265
226,C63,-0.47895649225452513
227,C14,-0.31194471275956476
228,C69,-0.95249558188763739
229,C55,0.1878714770994406
230,C98,0.54147917706268311
231,C39,-1.2761144223016092
232,C114,1.6676904580182113
233,C78,-0.4617817744525774
234,C92,-0.92723175656765111
235,C106,-0.59340343918980964
236,C109,-1.2831899003791387
237,C34,-0.58388566073202453
238,C105,0.22352631088321365
239,C45,-1.015085801440812
240,C59,2.1510554242499542
241,C108,0.94152875658065438
242,C62,1.0734088124955603
243,C6,-1.6608950219260243
244,C97,-0.37756960400020317
245,C45,1.732495803561878
246,C90,-2.6290427702744816
247,C100,0.093567170759897997
248,C0,0.70214526251133758
249,C104,-0.58980605260518748
250,C77,0.53501924793600142
251,C85,-2.3084821510440912
252,C56,-0.92171101446888559
253,C57,0.48245324062158579
254,C110,-0.64248554280360981
255,C117,-0.30206349195960003
256,C65,0.74705936480098356
257,C33,2.1230146579818054
258,C87,-0.71748417241370266
259,C116,1.1033954002839272
260,C39,-1.6796499982738649
261,C9,0.66396795710434775
262,C24,1.2833531290597731
263,C108,-0.064730984901943331
264,C27,0.56037412294731215
265,C26,1.1283757360803484
266,C54,-0.9343004004373775
267,C40,-0.46988951400354928
268,C13,0.53313671408101615
269,C16,0.22671758870989614
270,C57,-0.29192388132194219
271,C10,0.41495905673034383
272,C80,-1.5586340608757612
273,C86,1.5713612005184872
274,C60,-0.2278761840803267
275,C111,-0.7745305838425387
276,C64,-0.19762021127777288
277,C49,0.27242698433153623
278,C6,-1.2780370202908418
279,C79,-2.3056982364749863
280,C21,-0.7063447144730689
281,C76,-1.5175028962698855
282,C86,-0.038011669985348766
283,C38,0.15679832912501815
284,C69,0.20012242295558288
285,C108,-0.16690054240940941
286,C87,-0.85359800006826658
287,C35,2.3257350149469378
288,C60,-0.03985931558740393
289,C101,-1.4251406157279003
290,C90,0.44902812355987332
291,C118,1.7465203891492223
292,C80,0.0080449160089643337
293,C31,0.99457578886394249
294,C33,1.1454175801958322
295,C95,-0.11525247269549931
296,C106,0.97684637061098856
297,C69,-0.038743865906662844
298,C105,-0.53256743986263089
299,C42,-0.91036272698253995
300,C46,0.27616748912881667
301,C85,0.77349090725702907
302,C26,0.4000095670652265
303,C9,-0.10685984349939423
304,C88,-0.68747768153852773
305,C109,0.79294312968594438
306,C32,-0.97125201251671622
307,C102,-0.21858109521626665
308,C27,-0.73325765290753431
309,C87,1.066706357677053
310,C6,-1.3856527686042936
311,C42,1.8401989101064475
312,C81,-1.4060237567367873
313,C119,-1.1060743536642161
314,C43,0.89567966478713013
315,C89,-0.32673786289439544
316,C90,-1.2726205865483489
317,C34,0.15628141823512468
318,C100,0.91494150628666304
319,C77,-1.5962947538634076
320,C62,-0.098631787659927098
321,C111,-0.3839347995298229
322,C24,-0.46015542236186424
323,C86,-0.037724207589177411
324,C73,-0.56737809813837703
325,C36,-1.4536395966053575
326,C5,0.061349532222135274
327,C106,1.0239735904970217
328,C22,0.5904452096508046
329,C53,-1.4305830180432586
330,C5,-1.0121298133129542
331,C6,-0.9891301407188049
332,C88,0.70482370769948344
333,C29,1.5763786577092367
334,C90,0.085941209965450419
335,C109,-0.72734550634374151
336,C86,-0.54171109661958172
337,C49,-0.074522874327276986
338,C0,-0.86091927274315883
339,C109,1.9921717777870478
340,C83,0.68715827492365711
341,C104,1.4268412098703891
342,C92,0.085262516019318169
343,C116,1.588722826907591
344,C67,-1.0848832183144463
345,C64,0.58344409688958632
346,C1,1.1989522299408231
347,C63,-1.5495938092164316
348,C79,-0.012438666228765015
349,C112,1.2127439889827027
350,C41,-0.030972566248470331
351,C71,0.13151832927007287
352,C76,0.15434634831388988
353,C116,0.63424533339779787
354,C26,0.53476910672102718
355,C23,0.77567259730770999
356,C115,-1.1371084240772369
357,C58,-1.3079279372021768
358,C7,1.3629319867571164
359,C35,-1.0653191693654942
