row_id,device,sensor_1,sensor_2,site,y
0,0,1.4128415979902498,0.18412122564373076,S0,2.3826780474629099
1,0,0.1019607175724009,,S0,0.36337367311751678
2,0,-0.35288334052056836,-0.24024875624706318,S0,0.36949306915443764
3,0,0.096412491700261616,-0.40151589361664625,S0,1.405552604170095
4,0,,-0.71380362432826783,S0,0.95922733155489426
5,0,,0.27229091497460567,S0,0.20896879976892446
6,1,-1.0248062956578334,-0.41570337989192979,S2,1.8936323967360531
7,1,0.071367065650946637,0.8243241613135206,S2,3.3358506711340281
8,1,,0.98999187734410188,S2,3.3956292432343518
9,1,1.279915400352025,-0.076568620343245436,S2,4.9008328628243838
10,1,0.21846520273398426,-0.66629549798914256,S2,3.2131485311359671
11,1,0.2213032492065167,,S2,2.9318589083458582
12,2,0.33327420590783419,0.39564386383433658,S3,2.8423147176107033
13,2,2.4624004746507402,-1.5361379072195558,S3,7.9398611477384371
14,2,0.6759190934947974,0.72564558071404095,S3,2.0980459215178486
15,2,-0.797498219130093,0.35626327427538274,S3,1.0114377008480782
16,2,-0.65410202022379649,11.77816827829678,S3,1.6743467679771988
17,2,,0.68622644181827519,S3,3.8874619925030296
18,3,0.60538650039458164,,S0,2.7123910037536154
19,3,-0.19344176205004726,,S0,0.61514596548375899
20,3,2.1176507779974316,0.58087927593070376,S0,2.5775496541811767
21,3,0.54911546367398634,-0.64031139565032469,S0,1.6297502699356456
22,3,0.35742494473566505,-0.45256581307722488,S0,1.4645618928490407
23,3,0.30899621994659726,-0.71819123464436885,S0,1.8562275791882836
24,4,2.3855925536364597,,S0,5.4867495729465823
25,4,0.30153708150250014,0.47929119410254112,S0,2.4695525267669689
26,4,-0.31241462363676825,0.58852249533001055,S0,1.2193095588199681
27,4,-1.6615246678932423,0.99550447168402401,S0,-1.3875107726161466
28,4,0.11683627000126298,2.0439352601928134,S0,0.12503842328366921
29,4,-0.095581692381147762,-0.35028075444963302,S0,2.2168023721776384
30,5,-1.4546316759599902,-1.970452487131847,S1,1.0370108079684108
31,5,,-0.1401662623440845,S1,1.361436355227857
32,5,,0.21732040777237077,S1,1.0399223623382607
33,5,-1.5637498725166763,0.60583140519732104,S1,-0.061143183581816141
34,5,-0.62084815346989342,-0.79938915093906038,S1,2.1619631295539956
35,5,,-0.091561970745530269,S1,3.4375196793778153
36,6,-0.28721907811302988,1.7533087301597703,S3,-0.084965965303832075
37,6,-0.20138959710403675,12.672983987672696,S3,0.76891620088484669
38,6,1.7205420510053431,,S3,3.1587216597944812
39,6,-0.89056026402173416,-0.12525722875775658,S3,1.0430928681606213
40,6,-0.095119642180348685,0.39959200092576769,S3,2.1888518004557365
41,6,,-1.4940047872027018,S3,1.1313867098884456
42,7,,-2.3812983909675092,S2,1.5401426586613314
43,7,,0.31291587125745862,S2,1.2923192913216424
44,7,,-0.020312868150933864,S2,3.227822276315151
45,7,0.78262642416635086,-0.73636426352885087,S2,3.9729176267992052
46,7,-0.60521684142435117,-1.7377289268348175,S2,3.4759519584080398
47,7,0.7348502652853548,0.8184687043373291,S2,3.6600060983221816
48,8,-0.54443827859716853,-0.47312825419955018,S0,0.22106593476849773
49,8,0.808612313654683,0.53977505337604759,S0,1.6843866318926044
50,8,-0.65899294104624007,14.050822129216508,S0,-1.3619998492871657
51,8,-0.32448769150735146,-0.65353603632050816,S0,0.75873966172602092
52,8,-0.93441733836030394,-1.0253967662423544,S0,-0.18853050166852053
53,8,-1.1449039222882118,1.249871007175823,S0,-0.94714665503581685
54,9,1.7080531606582408,0.49930566822659489,S3,4.376176980315563
55,9,0.67347985360190277,-2.7367177165893675,S3,5.8501874242576921
56,9,0.067953366019192385,0.79789678590309376,S3,1.9831758090640701
57,9,1.3453107276821985,0.097259077445490685,S3,4.0164490177310155
58,9,-2.6012673723932056,0.11679463430827519,S3,-2.0502160393553028
59,9,0.26266333539571501,0.9219413038526254,S3,2.1992715245152419
60,10,-0.36919652033699701,0.88121992481001954,S1,-0.61115677526224055
61,10,-0.47020794198292437,0.70587802204408912,S1,-1.7442038004249654
62,10,,1.6817555118626686,S1,-3.435477627551232
63,10,1.0703571704427273,,S1,0.033602324347522083
64,10,1.2014816600635947,-1.7019607004779367,S1,3.5955506482673347
65,10,0.38575529673150832,0.62093301472177354,S1,0.12277630890754999
66,11,-0.30648433677092357,,S3,0.7459020869243802
67,11,11.676485908559457,-0.12755702878731395,S3,1.122359075163907
68,11,-0.18909180094282607,0.9139488428993745,S3,0.88212852369836414
69,11,,-1.1973739205163123,S3,1.8140256358029672
70,11,-1.3132463372922185,0.57656394511457021,S3,-1.6936998162604335
71,11,0.075256153300244627,0.0081241398790607659,S3,1.5528831483686811
72,12,0.43983616256248215,-1.1060003556315701,S2,4.4641650944736524
73,12,0.27469758062790106,-0.45925478161609923,S2,2.405389471777978
74,12,-1.1846816864029297,-0.40235932291464704,S2,1.004569927697019
75,12,0.11419442983585937,-0.69298581460113373,S2,1.8597469015539638
76,12,0.17820536169726459,,S2,2.0946199521550035
77,12,1.745183792448842,-0.16968643576832082,S2,6.5525183302674801
78,13,1.4323415373895863,-0.85577754295677122,S0,3.8059218778860946
79,13,-0.17121344954588735,0.33618725470040356,S0,0.075318577117995389
80,13,1.2064848913672275,,S0,2.2471275635365489
81,13,2.1267072225632333,-0.43447184338428269,S0,5.00068177671222
82,13,0.43782742817538162,-0.3597309718231359,S0,3.2425983210466782
83,13,,-1.5076387055436855,S0,0.30843531917287037
84,14,,-0.47399244340770469,S0,2.0434406294495591
85,14,-0.42115786642475284,,S0,2.145099197142958
86,14,0.52269298342063264,,S0,2.0448507283564492
87,14,-0.80191945755965066,0.12953286117568691,S0,-0.89214274123799941
88,14,-1.1955983479453152,0.77129783344646741,S0,-1.8132003389346032
89,14,2.7540833297292324,-0.83308829936789175,S0,5.4382304162870092
90,15,,0.58941288378837975,S2,0.05991482767676054
91,15,0.65839272065146992,,S2,2.2857140466663162
92,15,,-1.1590320134378329,S2,1.5050108991714031
93,15,0.24998957909611949,-0.48696143257985586,S2,0.99354262487834544
94,15,-0.24575206669475574,10.417276509364326,S2,2.4836732738433351
95,15,,,S2,3.5134809287922417
96,16,-1.1900620452226718,2.0739481095521026,S1,-2.4970800897650753
97,16,,0.24495264051911425,S1,-0.50227478535537584
98,16,,0.44202571575794675,S1,0.13878571003666829
99,16,-1.4935077156993397,-0.009435004776112867,S1,-2.2309744922298389
100,16,0.55641301228209106,0.92501399007093432,S1,0.28836840834146965
101,16,1.0659272750532858,1.058322629977841,S1,1.8479776307366338
102,17,0.142746581937506,,S1,1.480521885232911
103,17,-0.69444052129900591,-0.0031285311078816241,S1,0.57274156378915897
104,17,0.49305428674094237,-1.4827751009369894,S1,3.1231316955597377
105,17,-0.0014476654328163183,1.2991792016173147,S1,-0.81530374086673851
106,17,-1.2127531857975118,0.20690467346127453,S1,-0.46825462431327952
107,17,,0.53591351969709011,S1,1.8067012615758897
108,18,0.70722120067449334,-0.71232524300531963,S2,3.000860568639466
109,18,0.77472375560996454,1.1528356331898388,S2,1.5097869635065195
110,18,-0.085783896727060674,-1.3582016196662954,S2,2.7735840561722052
111,18,-0.91365228235367502,,S2,2.3052699718216907
112,18,-0.087396384073093011,,S2,1.8392598632705481
113,18,,0.11187766564977014,S2,1.665637509174535
114,19,-0.72414882166335237,0.090925616165248538,S2,-0.15551352427658566
115,19,,1.7070224812702888,S2,0.55641003388630927
116,19,,1.5839827145287437,S2,-2.4575145288221001
117,19,0.96838784000809897,-1.5685961516318525,S2,3.7261670980315049
118,19,0.50284607935457826,-1.270552380483349,S2,2.0191823985768167
119,19,0.11908648421767573,1.2877683366501527,S2,0.55594655593820397
120,20,10.983161441151804,,S2,0.092685057132107229
121,20,-0.90205620709671697,0.64221958220317887,S2,-2.0716350377980133
122,20,,-1.924387202874835,S2,3.1379408513829188
123,20,-0.49216675230664619,-1.3912284429945438,S2,2.2677593232407176
124,20,11.710805442653697,,S2,0.29513550798801946
125,20,-1.3660278861377415,-0.5507451599867752,S2,-0.71537908937644623
126,21,-0.025260895772169955,,S2,0.65011296051885159
127,21,,-0.46497189632793973,S2,2.4383999828353278
128,21,0.76309659788787443,-1.3095767023938589,S2,4.908591676173538
129,21,,0.13863766059976218,S2,3.2323652224387662
130,21,,-1.112510224139061,S2,4.9717078954945668
131,21,-1.6078961779441951,-1.6079562649482013,S2,0.54904561508163197
132,22,-2.4066262292913918,,S0,-3.73340651777688
133,22,-1.2370148057653767,,S0,-1.0972919934368659
134,22,1.1806912394030222,-0.60744286326312869,S0,3.6210392387707415
135,22,-0.89989962958745906,-1.2966596470059226,S0,0.26544467257834575
136,22,0.32468423984277561,0.70770785104274303,S0,1.4688801997835226
137,22,-0.55876466485969001,0.46105881639144669,S0,-0.59589421761528982
138,23,0.18419562778545795,-0.7269121780496437,S3,2.6491369686005775
139,23,-1.0170181839134116,0.29960334906583896,S3,-0.1215438066914758
140,23,1.7206348412613415,0.013558874813432185,S3,5.7199423668100282
141,23,,-0.76713661173499736,S3,1.2473619531886855
142,23,-0.44872889943992827,,S3,1.883162928379905
143,23,0.3397388037101477,-0.91860253613367904,S3,3.5363725449306624
144,24,-0.63221406846329264,1.0814979522651869,S3,-1.3682840435208068
145,24,,-0.15237755673364267,S3,3.111435428334604
146,24,-0.049839816859243692,-0.55608771344057772,S3,1.6012133395050112
147,24,,0.13404742442485212,S3,1.1763475692441978
148,24,,-0.58382528293123714,S3,1.2150695088146604
149,24,1.3592265158187187,-0.91336376459157587,S3,3.0322382613507202
150,25,0.92217305489748491,,S2,2.0331261971866668
151,25,,1.5713082769940543,S2,-1.1629328581783447
152,25,-1.5437279640578476,-1.3854819985862912,S2,-0.41083613886028869
153,25,0.41726294107691753,-0.15984205212571209,S2,1.4807948066610521
154,25,0.56007670047406299,-0.22928565413519952,S2,0.82319145027478391
155,25,0.25244997829180166,1.9706247826717294,S2,0.52016129627235952
156,26,1.5187977921917712,11.686414388938847,S0,4.0412572840322563
157,26,0.31545423417984891,,S0,3.0528910980094843
158,26,-0.30986917181337115,-0.016193871852055897,S0,1.7060480378528404
159,26,12.547641883469259,-0.17999128499681882,S0,3.0750516560811247
160,26,1.7823000556016497,-0.2376818765654784,S0,4.6573182415553864
161,26,1.8849902161422571,-0.054525496187483882,S0,5.5698333493549352
162,27,,,S2,1.3163760138339524
163,27,,1.6604792546400275,S2,2.2615417149079451
164,27,,11.463870014125311,S2,2.4185377994147954
165,27,,1.7271394980387424,S2,0.35609400873706498
166,27,0.52421130070590294,1.0019178853381692,S2,1.1404561352584257
167,27,0.38490198358304784,1.6581436844528974,S2,1.3632652176549047
168,28,-0.32009846177476647,1.2055252977207742,S0,-0.22450522359332153
169,28,-0.29931344059955622,1.979903682193819,S0,-0.4843186125102516
170,28,-0.16000761912697806,0.8827270482515972,S0,2.0515394141368057
171,28,,0.50886972288728416,S0,-0.096842928781012916
172,28,-1.4897549884064405,2.3216191507164923,S0,-2.5397619381040628
173,28,-0.52130510394193341,-1.7107363028325486,S0,1.3940397545325436
174,29,,-0.56586991994819813,S3,3.1983374634091666
175,29,0.20077855966746933,,S3,1.9013781312810523
176,29,1.4189413533163333,,S3,2.2925765707844366
177,29,-0.72671250733799875,-1.0890315113381577,S3,1.3336179423771783
178,29,-0.96618117708089024,-0.53224184526839102,S3,-0.75704302675104462
179,29,1.9872135074506412,1.3188375377216977,S3,3.2070440370542648
180,30,1.5041642685172942,,S3,2.8261389673857655
181,30,0.40624650882486696,-0.094896878674937721,S3,2.579591286110301
182,30,0.39241267344759434,-0.15776468111945394,S3,2.3505607129513986
183,30,0.50339001697931385,,S3,1.7863848733091465
184,30,,1.5646791649648204,S3,2.6556447661135341
185,30,-1.8060369778528287,0.12241185856051566,S3,-0.73573832504562098
186,31,0.40541865450333836,0.64774083081524392,S3,2.6164347476057861
187,31,,0.85354873320110036,S3,-1.9861281125883707
188,31,-0.14830079537275667,1.7591610615240798,S3,-0.53719105179413973
189,31,12.431593565865708,,S3,1.3016322952951489
190,31,1.423755119082077,0.2718964673131013,S3,3.3983469940220905
191,31,-1.0192140145596862,0.58538341557752083,S3,-0.5050245022432629
192,32,,-0.54200544271680562,S3,0.72456436550921044
193,32,-0.46901458391427897,-0.10162749565681579,S3,0.83603391242178426
194,32,,2.1308846632024472,S3,2.2371964424094344
195,32,-1.0441035698977543,-1.1256576062928789,S3,1.4807391024809058
196,32,-0.44634152324594562,,S3,-0.87374466246466764
197,32,-0.15497275365267843,12.810444220162141,S3,1.5611306058334247
198,33,,,S2,1.2808508536454071
199,33,1.0912015375072575,0.11606915705859655,S2,2.8896786005569228
200,33,0.33961591912237216,-0.48753859632438046,S2,2.0485901719438182
201,33,,-0.8307104306295755,S2,-0.47713779858394334
202,33,-0.62804256372404088,-0.74387996635871256,S2,2.2307864775438637
203,33,-1.0965416175876799,12.702515264510506,S2,-1.0859265497733106
204,34,0.13131296682858021,-0.80840585584732694,S0,3.5296375463975833
205,34,-1.3455389140130587,0.1745343770735128,S0,0.64738849358572337
206,34,1.638699538284373,-0.78540382993832747,S0,4.4688672604074409
207,34,-0.66374634014992318,,S0,2.5318528350536624
208,34,-1.9062534398621289,-0.90590282419990686,S0,-0.47994356043860398
209,34,-0.88356699875296463,-0.73131252717372253,S0,0.96395759421796268
210,35,-1.5993995994510801,,S1,-3.0503153048247889
211,35,-0.68153288840012027,1.4943449363514858,S1,-1.7468802170259266
212,35,,0.79394931992442475,S1,0.095933475509515587
213,35,0.69714699248936229,-0.16570533991443412,S1,0.78223274032311418
214,35,0.62133030872977524,,S1,0.89912911870002998
215,35,-0.19844644473935072,-1.0561965658182788,S1,0.75516293675535118
216,36,-0.84289329047462935,-0.20964885146107384,S1,0.74232780909518858
217,36,-0.32520400758598789,-0.6604716531339978,S1,2.6251773272663419
218,36,-0.21445506126815739,,S1,0.64117351022413982
219,36,0.63880327017322835,0.11407666529754946,S1,3.7933221388637213
220,36,1.16250719777822,0.91170756751763837,S1,2.7608091839047431
221,36,,12.864485446769073,S1,-0.004590026684001991
222,37,-0.22841038567360508,-1.1806274442358731,S2,3.8922286510376476
223,37,-0.13842880991243653,0.20321633232437825,S2,2.2196019692954407
224,37,1.5138682239937122,-0.078289146084906489,S2,5.2512064938021297
225,37,-0.52520951516964531,-1.247197174343494,S2,2.5044700517671785
226,37,-2.099374892115943,-1.1832004699586214,S2,1.3325540159494085
227,37,-1.118472333503856,0.31319468287284724,S2,0.95767329055205885
228,38,-0.2323935202776547,-0.14391736301455674,S2,2.5004221273183482
229,38,0.28212550016318244,0.62909393500344513,S2,2.6970980025289988
230,38,11.803867855702295,-0.28329416171485666,S2,2.2745828871737226
231,38,-0.72985714168421956,-0.45176508877238891,S2,2.6507442380086315
232,38,,1.0964908656040424,S2,-0.21871104295596716
233,38,-0.94310276450823294,,S2,0.79738585237248061
234,39,-2.7806203335094981,1.4871409904321027,S3,-3.0822720953235381
235,39,,0.9823057709351195,S3,0.79390700120242674
236,39,0.72008059309203631,1.6631018911965167,S3,1.6195655343953561
237,39,0.97344148025444188,,S3,5.0974991695946308
238,39,9.8230327699699469,0.76665801174461268,S3,-0.49928904595971246
239,39,0.86760957328167621,-0.43085903532169717,S3,4.1631089767287239
240,40,-1.3451960287101612,,S3,-0.39743250323206358
241,40,-0.69950435798357458,-1.0611200976080684,S3,0.73538903757403462
242,40,,,S3,2.8252323420592802
243,40,0.066235968148433036,0.98138488907282462,S3,0.84490833867632331
244,40,-1.1030361149701011,-1.8711437458355491,S3,1.3547855183770108
245,40,1.5521584902041716,-0.37669062781541618,S3,4.0090649894410877
246,41,-0.82512932190256982,,S1,-0.73031580931841833
247,41,,1.2491699395931555,S1,-0.028041904426207243
248,41,0.59148890538805943,-0.42093917780549606,S1,3.0382442077818146
249,41,,1.0680331418178401,S1,-1.6088546744164318
250,41,0.65164060553954672,-1.4344649664923561,S1,3.1412210144409789
251,41,0.062146178712632026,-0.5793927599592934,S1,1.866975184973775
252,42,0.30220515632582773,-0.5053858564603525,S3,1.963636256967225
253,42,-0.78869008688395326,-0.31155225454785673,S3,1.2090528635162059
254,42,-0.27053978591733296,1.3083578084432823,S3,0.99689376390710494
255,42,,-0.53314439167391559,S3,2.652121276209686
256,42,-0.47343111807424954,0.16705299482364319,S3,1.2245579852153274
257,42,-0.37513666107713789,-1.2781530509053445,S3,1.866068638850398
258,43,-0.13949856880085948,-0.92823581657648002,S2,3.9388973905141831
259,43,0.72162848282822456,-0.42716383251666329,S2,4.6991564628721765
260,43,1.1496265243090924,0.36605266893035721,S2,4.8246747646373587
261,43,-1.2855264294271411,-1.1622481610656048,S2,2.6025243551366102
262,43,,0.18014855300395019,S2,0.94109397272576567
263,43,1.9592389036105367,-3.1689040708039116,S2,9.6195468770307837
264,44,,,S1,1.7491375310985759
265,44,0.80767656920458653,-0.13761759705091545,S1,0.41608568369651078
266,44,0.97573502435692161,-0.39611878178365889,S1,1.652133662630267
267,44,-0.74453934071918082,-0.20867801000163833,S1,-0.13060822183540313
268,44,,-0.5841589086652722,S1,-0.62876369398941356
269,44,-1.3282523721250163,-0.74688317261584536,S1,-1.2687247583447048
270,45,,0.95635556120292053,S0,-2.6587009146580169
271,45,,-1.8828959262242897,S0,1.4162063465855022
272,45,0.075002521146920728,-0.24714339980384245,S0,0.29149520596119738
273,45,1.3587624421696156,-0.57922610232884164,S0,3.0515205251637512
274,45,-0.44587716453221654,0.30016463306083746,S0,0.57894989154133736
275,45,-0.33111696317321537,-1.2273075531018345,S0,0.65779872248463489
276,46,0.75155136197893457,-0.84674334199327228,S1,2.3031685031288975
277,46,-1.0052896702486103,0.29515608060695886,S1,-1.6246692533167237
278,46,12.068676744259594,,S1,0.32526006317754663
279,46,-2.5285611204420504,0.97827371914443928,S1,-3.0142466069690861
280,46,,1.5432385677176805,S1,0.74298229196666354
281,46,,12.065498947538776,S1,0.18747701231516556
282,47,,,S2,1.8430910336108217
283,47,2.2067906047062289,,S2,6.8555977532055454
284,47,-0.7671929521267451,-1.5193233865793896,S2,2.8074800424799098
285,47,0.18794642918165685,0.16801488956923971,S2,2.4690576632784493
286,47,0.69090730828948232,-0.33732232452594024,S2,3.834141570375933
287,47,,1.2054727429620784,S2,3.0766207125556511
