mechanism,fold,role,row_id
group,0,train,0
group,0,train,1
group,0,train,2
group,0,train,3
group,0,train,4
group,0,train,5
group,0,train,6
group,0,train,7
group,0,train,8
group,0,train,9
group,0,train,10
group,0,train,11
group,0,train,12
group,0,train,13
group,0,train,14
group,0,train,15
group,0,train,16
group,0,train,17
group,0,train,24
group,0,train,25
group,0,train,26
group,0,train,27
group,0,train,28
group,0,train,29
group,0,train,30
group,0,train,31
group,0,train,32
group,0,train,33
group,0,train,34
group,0,train,35
group,0,train,36
group,0,train,37
group,0,train,38
group,0,train,39
group,0,train,40
group,0,train,41
group,0,train,48
group,0,train,49
group,0,train,50
group,0,train,51
group,0,train,52
group,0,train,53
group,0,train,54
group,0,train,55
group,0,train,56
group,0,train,57
group,0,train,58
group,0,train,59
group,0,train,60
group,0,train,61
group,0,train,62
group,0,train,63
group,0,train,64
group,0,train,65
group,0,train,72
group,0,train,73
group,0,train,74
group,0,train,75
group,0,train,76
group,0,train,77
group,0,train,78
group,0,train,79
group,0,train,80
group,0,train,81
group,0,train,82
group,0,train,83
group,0,train,84
group,0,train,85
group,0,train,86
group,0,train,87
group,0,train,88
group,0,train,89
group,0,train,96
group,0,train,97
group,0,train,98
group,0,train,99
group,0,train,100
group,0,train,101
group,0,train,102
group,0,train,103
group,0,train,104
group,0,train,105
group,0,train,106
group,0,train,107
group,0,train,108
group,0,train,109
group,0,train,110
group,0,train,111
group,0,train,112
group,0,train,113
group,0,train,120
group,0,train,121
group,0,train,122
group,0,train,123
group,0,train,124
group,0,train,125
group,0,train,126
group,0,train,127
group,0,train,128
group,0,train,129
group,0,train,130
group,0,train,131
group,0,train,132
group,0,train,133
group,0,train,134
group,0,train,135
group,0,train,136
group,0,train,137
group,0,train,144
group,0,train,145
group,0,train,146
group,0,train,147
group,0,train,148
group,0,train,149
group,0,train,150
group,0,train,151
group,0,train,152
group,0,train,153
group,0,train,154
group,0,train,155
group,0,train,156
group,0,train,157
group,0,train,158
group,0,train,159
group,0,train,160
group,0,train,161
group,0,train,168
group,0,train,169
group,0,train,170
group,0,train,171
group,0,train,172
group,0,train,173
group,0,train,174
group,0,train,175
group,0,train,176
group,0,train,177
group,0,train,178
group,0,train,179
group,0,train,180
group,0,train,181
group,0,train,182
group,0,train,183
group,0,train,184
group,0,train,185
group,0,train,192
group,0,train,193
group,0,train,194
group,0,train,195
group,0,train,196
group,0,train,197
group,0,train,198
group,0,train,199
group,0,train,200
group,0,train,201
group,0,train,202
group,0,train,203
group,0,train,204
group,0,train,205
group,0,train,206
group,0,train,207
group,0,train,208
group,0,train,209
group,0,train,216
group,0,train,217
group,0,train,218
group,0,train,219
group,0,train,220
group,0,train,221
group,0,train,222
group,0,train,223
group,0,train,224
group,0,train,225
group,0,train,226
group,0,train,227
group,0,train,228
group,0,train,229
group,0,train,230
group,0,train,231
group,0,train,232
group,0,train,233
group,0,train,240
group,0,train,241
group,0,train,242
group,0,train,243
group,0,train,244
group,0,train,245
group,0,train,246
group,0,train,247
group,0,train,248
group,0,train,249
group,0,train,250
group,0,train,251
group,0,train,252
group,0,train,253
group,0,train,254
group,0,train,255
group,0,train,256
group,0,train,257
group,0,train,264
group,0,train,265
group,0,train,266
group,0,train,267
group,0,train,268
group,0,train,269
group,0,train,270
group,0,train,271
group,0,train,272
group,0,train,273
group,0,train,274
group,0,train,275
group,0,train,276
group,0,train,277
group,0,train,278
group,0,train,279
group,0,train,280
group,0,train,281
group,0,valid,18
group,0,valid,19
group,0,valid,20
group,0,valid,21
group,0,valid,22
group,0,valid,23
group,0,valid,42
group,0,valid,43
group,0,valid,44
group,0,valid,45
group,0,valid,46
group,0,valid,47
group,0,valid,66
group,0,valid,67
group,0,valid,68
group,0,valid,69
group,0,valid,70
group,0,valid,71
group,0,valid,90
group,0,valid,91
group,0,valid,92
group,0,valid,93
group,0,valid,94
group,0,valid,95
group,0,valid,114
group,0,valid,115
group,0,valid,116
group,0,valid,117
group,0,valid,118
group,0,valid,119
group,0,valid,138
group,0,valid,139
group,0,valid,140
group,0,valid,141
group,0,valid,142
group,0,valid,143
group,0,valid,162
group,0,valid,163
group,0,valid,164
group,0,valid,165
group,0,valid,166
group,0,valid,167
group,0,valid,186
group,0,valid,187
group,0,valid,188
group,0,valid,189
group,0,valid,190
group,0,valid,191
group,0,valid,210
group,0,valid,211
group,0,valid,212
group,0,valid,213
group,0,valid,214
group,0,valid,215
group,0,valid,234
group,0,valid,235
group,0,valid,236
group,0,valid,237
group,0,valid,238
group,0,valid,239
group,0,valid,258
group,0,valid,259
group,0,valid,260
group,0,valid,261
group,0,valid,262
group,0,valid,263
group,0,valid,282
group,0,valid,283
group,0,valid,284
group,0,valid,285
group,0,valid,286
group,0,valid,287
group,1,train,0
group,1,train,1
group,1,train,2
group,1,train,3
group,1,train,4
group,1,train,5
group,1,train,6
group,1,train,7
group,1,train,8
group,1,train,9
group,1,train,10
group,1,train,11
group,1,train,18
group,1,train,19
group,1,train,20
group,1,train,21
group,1,train,22
group,1,train,23
group,1,train,24
group,1,train,25
group,1,train,26
group,1,train,27
group,1,train,28
group,1,train,29
group,1,train,30
group,1,train,31
group,1,train,32
group,1,train,33
group,1,train,34
group,1,train,35
group,1,train,42
group,1,train,43
group,1,train,44
group,1,train,45
group,1,train,46
group,1,train,47
group,1,train,48
group,1,train,49
group,1,train,50
group,1,train,51
group,1,train,52
group,1,train,53
group,1,train,54
group,1,train,55
group,1,train,56
group,1,train,57
group,1,train,58
group,1,train,59
group,1,train,66
group,1,train,67
group,1,train,68
group,1,train,69
group,1,train,70
group,1,train,71
group,1,train,72
group,1,train,73
group,1,train,74
group,1,train,75
group,1,train,76
group,1,train,77
group,1,train,78
group,1,train,79
group,1,train,80
group,1,train,81
group,1,train,82
group,1,train,83
group,1,train,90
group,1,train,91
group,1,train,92
group,1,train,93
group,1,train,94
group,1,train,95
group,1,train,96
group,1,train,97
group,1,train,98
group,1,train,99
group,1,train,100
group,1,train,101
group,1,train,102
group,1,train,103
group,1,train,104
group,1,train,105
group,1,train,106
group,1,train,107
group,1,train,114
group,1,train,115
group,1,train,116
group,1,train,117
group,1,train,118
group,1,train,119
group,1,train,120
group,1,train,121
group,1,train,122
group,1,train,123
group,1,train,124
group,1,train,125
group,1,train,126
group,1,train,127
group,1,train,128
group,1,train,129
group,1,train,130
group,1,train,131
group,1,train,138
group,1,train,139
group,1,train,140
group,1,train,141
group,1,train,142
group,1,train,143
group,1,train,144
group,1,train,145
group,1,train,146
group,1,train,147
group,1,train,148
group,1,train,149
group,1,train,150
group,1,train,151
group,1,train,152
group,1,train,153
group,1,train,154
group,1,train,155
group,1,train,162
group,1,train,163
group,1,train,164
group,1,train,165
group,1,train,166
group,1,train,167
group,1,train,168
group,1,train,169
group,1,train,170
group,1,train,171
group,1,train,172
group,1,train,173
group,1,train,174
group,1,train,175
group,1,train,176
group,1,train,177
group,1,train,178
group,1,train,179
group,1,train,186
group,1,train,187
group,1,train,188
group,1,train,189
group,1,train,190
group,1,train,191
group,1,train,192
group,1,train,193
group,1,train,194
group,1,train,195
group,1,train,196
group,1,train,197
group,1,train,198
group,1,train,199
group,1,train,200
group,1,train,201
group,1,train,202
group,1,train,203
group,1,train,210
group,1,train,211
group,1,train,212
group,1,train,213
group,1,train,214
group,1,train,215
group,1,train,216
group,1,train,217
group,1,train,218
group,1,train,219
group,1,train,220
group,1,train,221
group,1,train,222
group,1,train,223
group,1,train,224
group,1,train,225
group,1,train,226
group,1,train,227
group,1,train,234
group,1,train,235
group,1,train,236
group,1,train,237
group,1,train,238
group,1,train,239
group,1,train,240
group,1,train,241
group,1,train,242
group,1,train,243
group,1,train,244
group,1,train,245
group,1,train,246
group,1,train,247
group,1,train,248
group,1,train,249
group,1,train,250
group,1,train,251
group,1,train,258
group,1,train,259
group,1,train,260
group,1,train,261
group,1,train,262
group,1,train,263
group,1,train,264
group,1,train,265
group,1,train,266
group,1,train,267
group,1,train,268
group,1,train,269
group,1,train,270
group,1,train,271
group,1,train,272
group,1,train,273
group,1,train,274
group,1,train,275
group,1,train,282
group,1,train,283
group,1,train,284
group,1,train,285
group,1,train,286
group,1,train,287
group,1,valid,12
group,1,valid,13
group,1,valid,14
group,1,valid,15
group,1,valid,16
group,1,valid,17
group,1,valid,36
group,1,valid,37
group,1,valid,38
group,1,valid,39
group,1,valid,40
group,1,valid,41
group,1,valid,60
group,1,valid,61
group,1,valid,62
group,1,valid,63
group,1,valid,64
group,1,valid,65
group,1,valid,84
group,1,valid,85
group,1,valid,86
group,1,valid,87
group,1,valid,88
group,1,valid,89
group,1,valid,108
group,1,valid,109
group,1,valid,110
group,1,valid,111
group,1,valid,112
group,1,valid,113
group,1,valid,132
group,1,valid,133
group,1,valid,134
group,1,valid,135
group,1,valid,136
group,1,valid,137
group,1,valid,156
group,1,valid,157
group,1,valid,158
group,1,valid,159
group,1,valid,160
group,1,valid,161
group,1,valid,180
group,1,valid,181
group,1,valid,182
group,1,valid,183
group,1,valid,184
group,1,valid,185
group,1,valid,204
group,1,valid,205
group,1,valid,206
group,1,valid,207
group,1,valid,208
group,1,valid,209
group,1,valid,228
group,1,valid,229
group,1,valid,230
group,1,valid,231
group,1,valid,232
group,1,valid,233
group,1,valid,252
group,1,valid,253
group,1,valid,254
group,1,valid,255
group,1,valid,256
group,1,valid,257
group,1,valid,276
group,1,valid,277
group,1,valid,278
group,1,valid,279
group,1,valid,280
group,1,valid,281
group,2,train,0
group,2,train,1
group,2,train,2
group,2,train,3
group,2,train,4
group,2,train,5
group,2,train,12
group,2,train,13
group,2,train,14
group,2,train,15
group,2,train,16
group,2,train,17
group,2,train,18
group,2,train,19
group,2,train,20
group,2,train,21
group,2,train,22
group,2,train,23
group,2,train,24
group,2,train,25
group,2,train,26
group,2,train,27
group,2,train,28
group,2,train,29
group,2,train,36
group,2,train,37
group,2,train,38
group,2,train,39
group,2,train,40
group,2,train,41
group,2,train,42
group,2,train,43
group,2,train,44
group,2,train,45
group,2,train,46
group,2,train,47
group,2,train,48
group,2,train,49
group,2,train,50
group,2,train,51
group,2,train,52
group,2,train,53
group,2,train,60
group,2,train,61
group,2,train,62
group,2,train,63
group,2,train,64
group,2,train,65
group,2,train,66
group,2,train,67
group,2,train,68
group,2,train,69
group,2,train,70
group,2,train,71
group,2,train,72
group,2,train,73
group,2,train,74
group,2,train,75
group,2,train,76
group,2,train,77
group,2,train,84
group,2,train,85
group,2,train,86
group,2,train,87
group,2,train,88
group,2,train,89
group,2,train,90
group,2,train,91
group,2,train,92
group,2,train,93
group,2,train,94
group,2,train,95
group,2,train,96
group,2,train,97
group,2,train,98
group,2,train,99
group,2,train,100
group,2,train,101
group,2,train,108
group,2,train,109
group,2,train,110
group,2,train,111
group,2,train,112
group,2,train,113
group,2,train,114
group,2,train,115
group,2,train,116
group,2,train,117
group,2,train,118
group,2,train,119
group,2,train,120
group,2,train,121
group,2,train,122
group,2,train,123
group,2,train,124
group,2,train,125
group,2,train,132
group,2,train,133
group,2,train,134
group,2,train,135
group,2,train,136
group,2,train,137
group,2,train,138
group,2,train,139
group,2,train,140
group,2,train,141
group,2,train,142
group,2,train,143
group,2,train,144
group,2,train,145
group,2,train,146
group,2,train,147
group,2,train,148
group,2,train,149
group,2,train,156
group,2,train,157
group,2,train,158
group,2,train,159
group,2,train,160
group,2,train,161
group,2,train,162
group,2,train,163
group,2,train,164
group,2,train,165
group,2,train,166
group,2,train,167
group,2,train,168
group,2,train,169
group,2,train,170
group,2,train,171
group,2,train,172
group,2,train,173
group,2,train,180
group,2,train,181
group,2,train,182
group,2,train,183
group,2,train,184
group,2,train,185
group,2,train,186
group,2,train,187
group,2,train,188
group,2,train,189
group,2,train,190
group,2,train,191
group,2,train,192
group,2,train,193
group,2,train,194
group,2,train,195
group,2,train,196
group,2,train,197
group,2,train,204
group,2,train,205
group,2,train,206
group,2,train,207
group,2,train,208
group,2,train,209
group,2,train,210
group,2,train,211
group,2,train,212
group,2,train,213
group,2,train,214
group,2,train,215
group,2,train,216
group,2,train,217
group,2,train,218
group,2,train,219
group,2,train,220
group,2,train,221
group,2,train,228
group,2,train,229
group,2,train,230
group,2,train,231
group,2,train,232
group,2,train,233
group,2,train,234
group,2,train,235
group,2,train,236
group,2,train,237
group,2,train,238
group,2,train,239
group,2,train,240
group,2,train,241
group,2,train,242
group,2,train,243
group,2,train,244
group,2,train,245
group,2,train,252
group,2,train,253
group,2,train,254
group,2,train,255
group,2,train,256
group,2,train,257
group,2,train,258
group,2,train,259
group,2,train,260
group,2,train,261
group,2,train,262
group,2,train,263
group,2,train,264
group,2,train,265
group,2,train,266
group,2,train,267
group,2,train,268
group,2,train,269
group,2,train,276
group,2,train,277
group,2,train,278
group,2,train,279
group,2,train,280
group,2,train,281
group,2,train,282
group,2,train,283
group,2,train,284
group,2,train,285
group,2,train,286
group,2,train,287
group,2,valid,6
group,2,valid,7
group,2,valid,8
group,2,valid,9
group,2,valid,10
group,2,valid,11
group,2,valid,30
group,2,valid,31
group,2,valid,32
group,2,valid,33
group,2,valid,34
group,2,valid,35
group,2,valid,54
group,2,valid,55
group,2,valid,56
group,2,valid,57
group,2,valid,58
group,2,valid,59
group,2,valid,78
group,2,valid,79
group,2,valid,80
group,2,valid,81
group,2,valid,82
group,2,valid,83
group,2,valid,102
group,2,valid,103
group,2,valid,104
group,2,valid,105
group,2,valid,106
group,2,valid,107
group,2,valid,126
group,2,valid,127
group,2,valid,128
group,2,valid,129
group,2,valid,130
group,2,valid,131
group,2,valid,150
group,2,valid,151
group,2,valid,152
group,2,valid,153
group,2,valid,154
group,2,valid,155
group,2,valid,174
group,2,valid,175
group,2,valid,176
group,2,valid,177
group,2,valid,178
group,2,valid,179
group,2,valid,198
group,2,valid,199
group,2,valid,200
group,2,valid,201
group,2,valid,202
group,2,valid,203
group,2,valid,222
group,2,valid,223
group,2,valid,224
group,2,valid,225
group,2,valid,226
group,2,valid,227
group,2,valid,246
group,2,valid,247
group,2,valid,248
group,2,valid,249
group,2,valid,250
group,2,valid,251
group,2,valid,270
group,2,valid,271
group,2,valid,272
group,2,valid,273
group,2,valid,274
group,2,valid,275
group,3,train,6
group,3,train,7
group,3,train,8
group,3,train,9
group,3,train,10
group,3,train,11
group,3,train,12
group,3,train,13
group,3,train,14
group,3,train,15
group,3,train,16
group,3,train,17
group,3,train,18
group,3,train,19
group,3,train,20
group,3,train,21
group,3,train,22
group,3,train,23
group,3,train,30
group,3,train,31
group,3,train,32
group,3,train,33
group,3,train,34
group,3,train,35
group,3,train,36
group,3,train,37
group,3,train,38
group,3,train,39
group,3,train,40
group,3,train,41
group,3,train,42
group,3,train,43
group,3,train,44
group,3,train,45
group,3,train,46
group,3,train,47
group,3,train,54
group,3,train,55
group,3,train,56
group,3,train,57
group,3,train,58
group,3,train,59
group,3,train,60
group,3,train,61
group,3,train,62
group,3,train,63
group,3,train,64
group,3,train,65
group,3,train,66
group,3,train,67
group,3,train,68
group,3,train,69
group,3,train,70
group,3,train,71
group,3,train,78
group,3,train,79
group,3,train,80
group,3,train,81
group,3,train,82
group,3,train,83
group,3,train,84
group,3,train,85
group,3,train,86
group,3,train,87
group,3,train,88
group,3,train,89
group,3,train,90
group,3,train,91
group,3,train,92
group,3,train,93
group,3,train,94
group,3,train,95
group,3,train,102
group,3,train,103
group,3,train,104
group,3,train,105
group,3,train,106
group,3,train,107
group,3,train,108
group,3,train,109
group,3,train,110
group,3,train,111
group,3,train,112
group,3,train,113
group,3,train,114
group,3,train,115
group,3,train,116
group,3,train,117
group,3,train,118
group,3,train,119
group,3,train,126
group,3,train,127
group,3,train,128
group,3,train,129
group,3,train,130
group,3,train,131
group,3,train,132
group,3,train,133
group,3,train,134
group,3,train,135
group,3,train,136
group,3,train,137
group,3,train,138
group,3,train,139
group,3,train,140
group,3,train,141
group,3,train,142
group,3,train,143
group,3,train,150
group,3,train,151
group,3,train,152
group,3,train,153
group,3,train,154
group,3,train,155
group,3,train,156
group,3,train,157
group,3,train,158
group,3,train,159
group,3,train,160
group,3,train,161
group,3,train,162
group,3,train,163
group,3,train,164
group,3,train,165
group,3,train,166
group,3,train,167
group,3,train,174
group,3,train,175
group,3,train,176
group,3,train,177
group,3,train,178
group,3,train,179
group,3,train,180
group,3,train,181
group,3,train,182
group,3,train,183
group,3,train,184
group,3,train,185
group,3,train,186
group,3,train,187
group,3,train,188
group,3,train,189
group,3,train,190
group,3,train,191
group,3,train,198
group,3,train,199
group,3,train,200
group,3,train,201
group,3,train,202
group,3,train,203
group,3,train,204
group,3,train,205
group,3,train,206
group,3,train,207
group,3,train,208
group,3,train,209
group,3,train,210
group,3,train,211
group,3,train,212
group,3,train,213
group,3,train,214
group,3,train,215
group,3,train,222
group,3,train,223
group,3,train,224
group,3,train,225
group,3,train,226
group,3,train,227
group,3,train,228
group,3,train,229
group,3,train,230
group,3,train,231
group,3,train,232
group,3,train,233
group,3,train,234
group,3,train,235
group,3,train,236
group,3,train,237
group,3,train,238
group,3,train,239
group,3,train,246
group,3,train,247
group,3,train,248
group,3,train,249
group,3,train,250
group,3,train,251
group,3,train,252
group,3,train,253
group,3,train,254
group,3,train,255
group,3,train,256
group,3,train,257
group,3,train,258
group,3,train,259
group,3,train,260
group,3,train,261
group,3,train,262
group,3,train,263
group,3,train,270
group,3,train,271
group,3,train,272
group,3,train,273
group,3,train,274
group,3,train,275
group,3,train,276
group,3,train,277
group,3,train,278
group,3,train,279
group,3,train,280
group,3,train,281
group,3,train,282
group,3,train,283
group,3,train,284
group,3,train,285
group,3,train,286
group,3,train,287
group,3,valid,0
group,3,valid,1
group,3,valid,2
group,3,valid,3
group,3,valid,4
group,3,valid,5
group,3,valid,24
group,3,valid,25
group,3,valid,26
group,3,valid,27
group,3,valid,28
group,3,valid,29
group,3,valid,48
group,3,valid,49
group,3,valid,50
group,3,valid,51
group,3,valid,52
group,3,valid,53
group,3,valid,72
group,3,valid,73
group,3,valid,74
group,3,valid,75
group,3,valid,76
group,3,valid,77
group,3,valid,96
group,3,valid,97
group,3,valid,98
group,3,valid,99
group,3,valid,100
group,3,valid,101
group,3,valid,120
group,3,valid,121
group,3,valid,122
group,3,valid,123
group,3,valid,124
group,3,valid,125
group,3,valid,144
group,3,valid,145
group,3,valid,146
group,3,valid,147
group,3,valid,148
group,3,valid,149
group,3,valid,168
group,3,valid,169
group,3,valid,170
group,3,valid,171
group,3,valid,172
group,3,valid,173
group,3,valid,192
group,3,valid,193
group,3,valid,194
group,3,valid,195
group,3,valid,196
group,3,valid,197
group,3,valid,216
group,3,valid,217
group,3,valid,218
group,3,valid,219
group,3,valid,220
group,3,valid,221
group,3,valid,240
group,3,valid,241
group,3,valid,242
group,3,valid,243
group,3,valid,244
group,3,valid,245
group,3,valid,264
group,3,valid,265
group,3,valid,266
group,3,valid,267
group,3,valid,268
group,3,valid,269
selection,0,train,1
selection,0,train,2
selection,0,train,3
selection,0,train,4
selection,0,train,5
selection,0,train,6
selection,0,train,8
selection,0,train,10
selection,0,train,11
selection,0,train,12
selection,0,train,13
selection,0,train,14
selection,0,train,15
selection,0,train,16
selection,0,train,18
selection,0,train,19
selection,0,train,20
selection,0,train,22
selection,0,train,23
selection,0,train,25
selection,0,train,26
selection,0,train,28
selection,0,train,29
selection,0,train,30
selection,0,train,31
selection,0,train,32
selection,0,train,33
selection,0,train,34
selection,0,train,37
selection,0,train,38
selection,0,train,41
selection,0,train,42
selection,0,train,43
selection,0,train,44
selection,0,train,45
selection,0,train,48
selection,0,train,49
selection,0,train,50
selection,0,train,52
selection,0,train,53
selection,0,train,54
selection,0,train,55
selection,0,train,58
selection,0,train,59
selection,0,train,60
selection,0,train,61
selection,0,train,62
selection,0,train,63
selection,0,train,64
selection,0,train,65
selection,0,train,67
selection,0,train,68
selection,0,train,69
selection,0,train,71
selection,0,train,72
selection,0,train,73
selection,0,train,75
selection,0,train,77
selection,0,train,79
selection,0,train,81
selection,0,train,83
selection,0,train,84
selection,0,train,88
selection,0,train,89
selection,0,train,90
selection,0,train,91
selection,0,train,92
selection,0,train,93
selection,0,train,95
selection,0,train,97
selection,0,train,98
selection,0,train,99
selection,0,train,100
selection,0,train,101
selection,0,train,102
selection,0,train,103
selection,0,train,104
selection,0,train,105
selection,0,train,107
selection,0,train,108
selection,0,train,110
selection,0,train,111
selection,0,train,112
selection,0,train,113
selection,0,train,115
selection,0,train,116
selection,0,train,118
selection,0,train,119
selection,0,train,120
selection,0,train,121
selection,0,train,122
selection,0,train,123
selection,0,train,124
selection,0,train,125
selection,0,train,126
selection,0,train,127
selection,0,train,128
selection,0,train,129
selection,0,train,130
selection,0,train,131
selection,0,train,133
selection,0,train,134
selection,0,train,135
selection,0,train,136
selection,0,train,137
selection,0,train,138
selection,0,train,139
selection,0,train,141
selection,0,train,142
selection,0,train,143
selection,0,train,145
selection,0,train,146
selection,0,train,147
selection,0,train,148
selection,0,train,149
selection,0,train,150
selection,0,train,151
selection,0,train,152
selection,0,train,153
selection,0,train,154
selection,0,train,155
selection,0,train,158
selection,0,train,159
selection,0,train,160
selection,0,train,161
selection,0,train,162
selection,0,train,163
selection,0,train,164
selection,0,train,165
selection,0,train,168
selection,0,train,169
selection,0,train,170
selection,0,train,171
selection,0,train,173
selection,0,train,174
selection,0,train,176
selection,0,train,177
selection,0,train,178
selection,0,train,182
selection,0,train,183
selection,0,train,184
selection,0,train,185
selection,0,train,187
selection,0,train,189
selection,0,train,191
selection,0,train,193
selection,0,train,194
selection,0,train,195
selection,0,train,196
selection,0,train,198
selection,0,valid,0
selection,0,valid,7
selection,0,valid,9
selection,0,valid,17
selection,0,valid,21
selection,0,valid,24
selection,0,valid,27
selection,0,valid,35
selection,0,valid,36
selection,0,valid,39
selection,0,valid,40
selection,0,valid,46
selection,0,valid,47
selection,0,valid,51
selection,0,valid,56
selection,0,valid,57
selection,0,valid,66
selection,0,valid,70
selection,0,valid,74
selection,0,valid,76
selection,0,valid,78
selection,0,valid,80
selection,0,valid,82
selection,0,valid,85
selection,0,valid,86
selection,0,valid,87
selection,0,valid,94
selection,0,valid,96
selection,0,valid,106
selection,0,valid,109
selection,0,valid,114
selection,0,valid,117
selection,0,valid,132
selection,0,valid,140
selection,0,valid,144
selection,0,valid,156
selection,0,valid,157
selection,0,valid,166
selection,0,valid,167
selection,0,valid,172
selection,0,valid,175
selection,0,valid,179
selection,0,valid,180
selection,0,valid,181
selection,0,valid,186
selection,0,valid,188
selection,0,valid,190
selection,0,valid,192
selection,0,valid,197
selection,0,valid,199
selection,1,train,0
selection,1,train,1
selection,1,train,2
selection,1,train,4
selection,1,train,6
selection,1,train,7
selection,1,train,8
selection,1,train,9
selection,1,train,10
selection,1,train,11
selection,1,train,12
selection,1,train,13
selection,1,train,15
selection,1,train,17
selection,1,train,19
selection,1,train,20
selection,1,train,21
selection,1,train,23
selection,1,train,24
selection,1,train,25
selection,1,train,26
selection,1,train,27
selection,1,train,28
selection,1,train,29
selection,1,train,30
selection,1,train,33
selection,1,train,34
selection,1,train,35
selection,1,train,36
selection,1,train,37
selection,1,train,39
selection,1,train,40
selection,1,train,41
selection,1,train,43
selection,1,train,44
selection,1,train,45
selection,1,train,46
selection,1,train,47
selection,1,train,49
selection,1,train,50
selection,1,train,51
selection,1,train,52
selection,1,train,53
selection,1,train,54
selection,1,train,56
selection,1,train,57
selection,1,train,59
selection,1,train,66
selection,1,train,67
selection,1,train,68
selection,1,train,69
selection,1,train,70
selection,1,train,71
selection,1,train,72
selection,1,train,73
selection,1,train,74
selection,1,train,76
selection,1,train,77
selection,1,train,78
selection,1,train,80
selection,1,train,82
selection,1,train,83
selection,1,train,85
selection,1,train,86
selection,1,train,87
selection,1,train,90
selection,1,train,92
selection,1,train,93
selection,1,train,94
selection,1,train,96
selection,1,train,97
selection,1,train,98
selection,1,train,100
selection,1,train,101
selection,1,train,103
selection,1,train,104
selection,1,train,105
selection,1,train,106
selection,1,train,107
selection,1,train,109
selection,1,train,110
selection,1,train,112
selection,1,train,114
selection,1,train,115
selection,1,train,117
selection,1,train,119
selection,1,train,120
selection,1,train,121
selection,1,train,122
selection,1,train,124
selection,1,train,125
selection,1,train,126
selection,1,train,127
selection,1,train,129
selection,1,train,130
selection,1,train,131
selection,1,train,132
selection,1,train,134
selection,1,train,136
selection,1,train,137
selection,1,train,138
selection,1,train,140
selection,1,train,142
selection,1,train,143
selection,1,train,144
selection,1,train,146
selection,1,train,147
selection,1,train,149
selection,1,train,150
selection,1,train,152
selection,1,train,153
selection,1,train,154
selection,1,train,155
selection,1,train,156
selection,1,train,157
selection,1,train,158
selection,1,train,159
selection,1,train,160
selection,1,train,162
selection,1,train,163
selection,1,train,165
selection,1,train,166
selection,1,train,167
selection,1,train,168
selection,1,train,169
selection,1,train,170
selection,1,train,171
selection,1,train,172
selection,1,train,175
selection,1,train,176
selection,1,train,177
selection,1,train,178
selection,1,train,179
selection,1,train,180
selection,1,train,181
selection,1,train,182
selection,1,train,185
selection,1,train,186
selection,1,train,187
selection,1,train,188
selection,1,train,189
selection,1,train,190
selection,1,train,191
selection,1,train,192
selection,1,train,193
selection,1,train,194
selection,1,train,195
selection,1,train,196
selection,1,train,197
selection,1,train,199
selection,1,valid,3
selection,1,valid,5
selection,1,valid,14
selection,1,valid,16
selection,1,valid,18
selection,1,valid,22
selection,1,valid,31
selection,1,valid,32
selection,1,valid,38
selection,1,valid,42
selection,1,valid,48
selection,1,valid,55
selection,1,valid,58
selection,1,valid,60
selection,1,valid,61
selection,1,valid,62
selection,1,valid,63
selection,1,valid,64
selection,1,valid,65
selection,1,valid,75
selection,1,valid,79
selection,1,valid,81
selection,1,valid,84
selection,1,valid,88
selection,1,valid,89
selection,1,valid,91
selection,1,valid,95
selection,1,valid,99
selection,1,valid,102
selection,1,valid,108
selection,1,valid,111
selection,1,valid,113
selection,1,valid,116
selection,1,valid,118
selection,1,valid,123
selection,1,valid,128
selection,1,valid,133
selection,1,valid,135
selection,1,valid,139
selection,1,valid,141
selection,1,valid,145
selection,1,valid,148
selection,1,valid,151
selection,1,valid,161
selection,1,valid,164
selection,1,valid,173
selection,1,valid,174
selection,1,valid,183
selection,1,valid,184
selection,1,valid,198
selection,2,train,0
selection,2,train,1
selection,2,train,3
selection,2,train,4
selection,2,train,5
selection,2,train,7
selection,2,train,8
selection,2,train,9
selection,2,train,10
selection,2,train,11
selection,2,train,12
selection,2,train,13
selection,2,train,14
selection,2,train,16
selection,2,train,17
selection,2,train,18
selection,2,train,20
selection,2,train,21
selection,2,train,22
selection,2,train,23
selection,2,train,24
selection,2,train,27
selection,2,train,28
selection,2,train,29
selection,2,train,31
selection,2,train,32
selection,2,train,33
selection,2,train,35
selection,2,train,36
selection,2,train,38
selection,2,train,39
selection,2,train,40
selection,2,train,42
selection,2,train,43
selection,2,train,46
selection,2,train,47
selection,2,train,48
selection,2,train,49
selection,2,train,51
selection,2,train,55
selection,2,train,56
selection,2,train,57
selection,2,train,58
selection,2,train,60
selection,2,train,61
selection,2,train,62
selection,2,train,63
selection,2,train,64
selection,2,train,65
selection,2,train,66
selection,2,train,70
selection,2,train,72
selection,2,train,74
selection,2,train,75
selection,2,train,76
selection,2,train,78
selection,2,train,79
selection,2,train,80
selection,2,train,81
selection,2,train,82
selection,2,train,83
selection,2,train,84
selection,2,train,85
selection,2,train,86
selection,2,train,87
selection,2,train,88
selection,2,train,89
selection,2,train,91
selection,2,train,92
selection,2,train,93
selection,2,train,94
selection,2,train,95
selection,2,train,96
selection,2,train,97
selection,2,train,99
selection,2,train,102
selection,2,train,105
selection,2,train,106
selection,2,train,108
selection,2,train,109
selection,2,train,110
selection,2,train,111
selection,2,train,112
selection,2,train,113
selection,2,train,114
selection,2,train,115
selection,2,train,116
selection,2,train,117
selection,2,train,118
selection,2,train,119
selection,2,train,120
selection,2,train,121
selection,2,train,122
selection,2,train,123
selection,2,train,125
selection,2,train,126
selection,2,train,127
selection,2,train,128
selection,2,train,129
selection,2,train,130
selection,2,train,131
selection,2,train,132
selection,2,train,133
selection,2,train,135
selection,2,train,137
selection,2,train,138
selection,2,train,139
selection,2,train,140
selection,2,train,141
selection,2,train,143
selection,2,train,144
selection,2,train,145
selection,2,train,146
selection,2,train,147
selection,2,train,148
selection,2,train,149
selection,2,train,151
selection,2,train,156
selection,2,train,157
selection,2,train,158
selection,2,train,160
selection,2,train,161
selection,2,train,162
selection,2,train,164
selection,2,train,165
selection,2,train,166
selection,2,train,167
selection,2,train,170
selection,2,train,172
selection,2,train,173
selection,2,train,174
selection,2,train,175
selection,2,train,176
selection,2,train,178
selection,2,train,179
selection,2,train,180
selection,2,train,181
selection,2,train,183
selection,2,train,184
selection,2,train,185
selection,2,train,186
selection,2,train,188
selection,2,train,189
selection,2,train,190
selection,2,train,191
selection,2,train,192
selection,2,train,193
selection,2,train,197
selection,2,train,198
selection,2,train,199
selection,2,valid,2
selection,2,valid,6
selection,2,valid,15
selection,2,valid,19
selection,2,valid,25
selection,2,valid,26
selection,2,valid,30
selection,2,valid,34
selection,2,valid,37
selection,2,valid,41
selection,2,valid,44
selection,2,valid,45
selection,2,valid,50
selection,2,valid,52
selection,2,valid,53
selection,2,valid,54
selection,2,valid,59
selection,2,valid,67
selection,2,valid,68
selection,2,valid,69
selection,2,valid,71
selection,2,valid,73
selection,2,valid,77
selection,2,valid,90
selection,2,valid,98
selection,2,valid,100
selection,2,valid,101
selection,2,valid,103
selection,2,valid,104
selection,2,valid,107
selection,2,valid,124
selection,2,valid,134
selection,2,valid,136
selection,2,valid,142
selection,2,valid,150
selection,2,valid,152
selection,2,valid,153
selection,2,valid,154
selection,2,valid,155
selection,2,valid,159
selection,2,valid,163
selection,2,valid,168
selection,2,valid,169
selection,2,valid,171
selection,2,valid,177
selection,2,valid,182
selection,2,valid,187
selection,2,valid,194
selection,2,valid,195
selection,2,valid,196
selection,3,train,0
selection,3,train,2
selection,3,train,3
selection,3,train,5
selection,3,train,6
selection,3,train,7
selection,3,train,9
selection,3,train,14
selection,3,train,15
selection,3,train,16
selection,3,train,17
selection,3,train,18
selection,3,train,19
selection,3,train,21
selection,3,train,22
selection,3,train,24
selection,3,train,25
selection,3,train,26
selection,3,train,27
selection,3,train,30
selection,3,train,31
selection,3,train,32
selection,3,train,34
selection,3,train,35
selection,3,train,36
selection,3,train,37
selection,3,train,38
selection,3,train,39
selection,3,train,40
selection,3,train,41
selection,3,train,42
selection,3,train,44
selection,3,train,45
selection,3,train,46
selection,3,train,47
selection,3,train,48
selection,3,train,50
selection,3,train,51
selection,3,train,52
selection,3,train,53
selection,3,train,54
selection,3,train,55
selection,3,train,56
selection,3,train,57
selection,3,train,58
selection,3,train,59
selection,3,train,60
selection,3,train,61
selection,3,train,62
selection,3,train,63
selection,3,train,64
selection,3,train,65
selection,3,train,66
selection,3,train,67
selection,3,train,68
selection,3,train,69
selection,3,train,70
selection,3,train,71
selection,3,train,73
selection,3,train,74
selection,3,train,75
selection,3,train,76
selection,3,train,77
selection,3,train,78
selection,3,train,79
selection,3,train,80
selection,3,train,81
selection,3,train,82
selection,3,train,84
selection,3,train,85
selection,3,train,86
selection,3,train,87
selection,3,train,88
selection,3,train,89
selection,3,train,90
selection,3,train,91
selection,3,train,94
selection,3,train,95
selection,3,train,96
selection,3,train,98
selection,3,train,99
selection,3,train,100
selection,3,train,101
selection,3,train,102
selection,3,train,103
selection,3,train,104
selection,3,train,106
selection,3,train,107
selection,3,train,108
selection,3,train,109
selection,3,train,111
selection,3,train,113
selection,3,train,114
selection,3,train,116
selection,3,train,117
selection,3,train,118
selection,3,train,123
selection,3,train,124
selection,3,train,128
selection,3,train,132
selection,3,train,133
selection,3,train,134
selection,3,train,135
selection,3,train,136
selection,3,train,139
selection,3,train,140
selection,3,train,141
selection,3,train,142
selection,3,train,144
selection,3,train,145
selection,3,train,148
selection,3,train,150
selection,3,train,151
selection,3,train,152
selection,3,train,153
selection,3,train,154
selection,3,train,155
selection,3,train,156
selection,3,train,157
selection,3,train,159
selection,3,train,161
selection,3,train,163
selection,3,train,164
selection,3,train,166
selection,3,train,167
selection,3,train,168
selection,3,train,169
selection,3,train,171
selection,3,train,172
selection,3,train,173
selection,3,train,174
selection,3,train,175
selection,3,train,177
selection,3,train,179
selection,3,train,180
selection,3,train,181
selection,3,train,182
selection,3,train,183
selection,3,train,184
selection,3,train,186
selection,3,train,187
selection,3,train,188
selection,3,train,190
selection,3,train,192
selection,3,train,194
selection,3,train,195
selection,3,train,196
selection,3,train,197
selection,3,train,198
selection,3,train,199
selection,3,valid,1
selection,3,valid,4
selection,3,valid,8
selection,3,valid,10
selection,3,valid,11
selection,3,valid,12
selection,3,valid,13
selection,3,valid,20
selection,3,valid,23
selection,3,valid,28
selection,3,valid,29
selection,3,valid,33
selection,3,valid,43
selection,3,valid,49
selection,3,valid,72
selection,3,valid,83
selection,3,valid,92
selection,3,valid,93
selection,3,valid,97
selection,3,valid,105
selection,3,valid,110
selection,3,valid,112
selection,3,valid,115
selection,3,valid,119
selection,3,valid,120
selection,3,valid,121
selection,3,valid,122
selection,3,valid,125
selection,3,valid,126
selection,3,valid,127
selection,3,valid,129
selection,3,valid,130
selection,3,valid,131
selection,3,valid,137
selection,3,valid,138
selection,3,valid,143
selection,3,valid,146
selection,3,valid,147
selection,3,valid,149
selection,3,valid,158
selection,3,valid,160
selection,3,valid,162
selection,3,valid,165
selection,3,valid,170
selection,3,valid,176
selection,3,valid,178
selection,3,valid,185
selection,3,valid,189
selection,3,valid,191
selection,3,valid,193
encoding,0,train,1
encoding,0,train,2
encoding,0,train,3
encoding,0,train,5
encoding,0,train,6
encoding,0,train,7
encoding,0,train,8
encoding,0,train,9
encoding,0,train,10
encoding,0,train,12
encoding,0,train,13
encoding,0,train,14
encoding,0,train,16
encoding,0,train,18
encoding,0,train,21
encoding,0,train,22
encoding,0,train,23
encoding,0,train,25
encoding,0,train,26
encoding,0,train,27
encoding,0,train,28
encoding,0,train,29
encoding,0,train,30
encoding,0,train,31
encoding,0,train,33
encoding,0,train,34
encoding,0,train,36
encoding,0,train,37
encoding,0,train,38
encoding,0,train,43
encoding,0,train,46
encoding,0,train,48
encoding,0,train,49
encoding,0,train,50
encoding,0,train,51
encoding,0,train,52
encoding,0,train,53
encoding,0,train,54
encoding,0,train,55
encoding,0,train,58
encoding,0,train,59
encoding,0,train,61
encoding,0,train,62
encoding,0,train,63
encoding,0,train,67
encoding,0,train,68
encoding,0,train,69
encoding,0,train,70
encoding,0,train,71
encoding,0,train,72
encoding,0,train,73
encoding,0,train,75
encoding,0,train,76
encoding,0,train,77
encoding,0,train,78
encoding,0,train,79
encoding,0,train,80
encoding,0,train,81
encoding,0,train,82
encoding,0,train,83
encoding,0,train,85
encoding,0,train,86
encoding,0,train,88
encoding,0,train,89
encoding,0,train,90
encoding,0,train,92
encoding,0,train,93
encoding,0,train,94
encoding,0,train,96
encoding,0,train,97
encoding,0,train,98
encoding,0,train,100
encoding,0,train,101
encoding,0,train,102
encoding,0,train,104
encoding,0,train,105
encoding,0,train,106
encoding,0,train,108
encoding,0,train,109
encoding,0,train,110
encoding,0,train,111
encoding,0,train,112
encoding,0,train,113
encoding,0,train,114
encoding,0,train,115
encoding,0,train,116
encoding,0,train,118
encoding,0,train,119
encoding,0,train,120
encoding,0,train,121
encoding,0,train,122
encoding,0,train,123
encoding,0,train,124
encoding,0,train,125
encoding,0,train,126
encoding,0,train,127
encoding,0,train,128
encoding,0,train,129
encoding,0,train,130
encoding,0,train,131
encoding,0,train,132
encoding,0,train,134
encoding,0,train,135
encoding,0,train,136
encoding,0,train,137
encoding,0,train,138
encoding,0,train,139
encoding,0,train,140
encoding,0,train,141
encoding,0,train,142
encoding,0,train,143
encoding,0,train,144
encoding,0,train,145
encoding,0,train,146
encoding,0,train,147
encoding,0,train,149
encoding,0,train,151
encoding,0,train,152
encoding,0,train,153
encoding,0,train,154
encoding,0,train,156
encoding,0,train,157
encoding,0,train,158
encoding,0,train,159
encoding,0,train,160
encoding,0,train,161
encoding,0,train,162
encoding,0,train,163
encoding,0,train,165
encoding,0,train,166
encoding,0,train,167
encoding,0,train,168
encoding,0,train,169
encoding,0,train,170
encoding,0,train,171
encoding,0,train,172
encoding,0,train,173
encoding,0,train,174
encoding,0,train,176
encoding,0,train,177
encoding,0,train,178
encoding,0,train,179
encoding,0,train,180
encoding,0,train,181
encoding,0,train,182
encoding,0,train,183
encoding,0,train,184
encoding,0,train,185
encoding,0,train,186
encoding,0,train,188
encoding,0,train,189
encoding,0,train,190
encoding,0,train,191
encoding,0,train,192
encoding,0,train,193
encoding,0,train,194
encoding,0,train,195
encoding,0,train,196
encoding,0,train,197
encoding,0,train,198
encoding,0,train,199
encoding,0,train,200
encoding,0,train,201
encoding,0,train,202
encoding,0,train,205
encoding,0,train,206
encoding,0,train,207
encoding,0,train,208
encoding,0,train,209
encoding,0,train,211
encoding,0,train,212
encoding,0,train,213
encoding,0,train,216
encoding,0,train,219
encoding,0,train,220
encoding,0,train,221
encoding,0,train,222
encoding,0,train,223
encoding,0,train,224
encoding,0,train,225
encoding,0,train,226
encoding,0,train,227
encoding,0,train,232
encoding,0,train,233
encoding,0,train,234
encoding,0,train,235
encoding,0,train,237
encoding,0,train,238
encoding,0,train,239
encoding,0,train,241
encoding,0,train,242
encoding,0,train,243
encoding,0,train,245
encoding,0,train,246
encoding,0,train,247
encoding,0,train,248
encoding,0,train,249
encoding,0,train,250
encoding,0,train,251
encoding,0,train,252
encoding,0,train,253
encoding,0,train,255
encoding,0,train,257
encoding,0,train,260
encoding,0,train,262
encoding,0,train,263
encoding,0,train,264
encoding,0,train,267
encoding,0,train,268
encoding,0,train,269
encoding,0,train,270
encoding,0,train,271
encoding,0,train,272
encoding,0,train,273
encoding,0,train,276
encoding,0,train,277
encoding,0,train,279
encoding,0,train,280
encoding,0,train,281
encoding,0,train,282
encoding,0,train,284
encoding,0,train,285
encoding,0,train,288
encoding,0,train,290
encoding,0,train,291
encoding,0,train,293
encoding,0,train,296
encoding,0,train,297
encoding,0,train,298
encoding,0,train,301
encoding,0,train,302
encoding,0,train,304
encoding,0,train,305
encoding,0,train,306
encoding,0,train,307
encoding,0,train,308
encoding,0,train,309
encoding,0,train,310
encoding,0,train,311
encoding,0,train,312
encoding,0,train,315
encoding,0,train,316
encoding,0,train,317
encoding,0,train,318
encoding,0,train,320
encoding,0,train,322
encoding,0,train,324
encoding,0,train,326
encoding,0,train,327
encoding,0,train,328
encoding,0,train,329
encoding,0,train,330
encoding,0,train,331
encoding,0,train,332
encoding,0,train,337
encoding,0,train,338
encoding,0,train,339
encoding,0,train,342
encoding,0,train,346
encoding,0,train,348
encoding,0,train,349
encoding,0,train,350
encoding,0,train,351
encoding,0,train,352
encoding,0,train,353
encoding,0,train,354
encoding,0,train,355
encoding,0,train,356
encoding,0,train,357
encoding,0,train,358
encoding,0,valid,0
encoding,0,valid,4
encoding,0,valid,11
encoding,0,valid,15
encoding,0,valid,17
encoding,0,valid,19
encoding,0,valid,20
encoding,0,valid,24
encoding,0,valid,32
encoding,0,valid,35
encoding,0,valid,39
encoding,0,valid,40
encoding,0,valid,41
encoding,0,valid,42
encoding,0,valid,44
encoding,0,valid,45
encoding,0,valid,47
encoding,0,valid,56
encoding,0,valid,57
encoding,0,valid,60
encoding,0,valid,64
encoding,0,valid,65
encoding,0,valid,66
encoding,0,valid,74
encoding,0,valid,84
encoding,0,valid,87
encoding,0,valid,91
encoding,0,valid,95
encoding,0,valid,99
encoding,0,valid,103
encoding,0,valid,107
encoding,0,valid,117
encoding,0,valid,133
encoding,0,valid,148
encoding,0,valid,150
encoding,0,valid,155
encoding,0,valid,164
encoding,0,valid,175
encoding,0,valid,187
encoding,0,valid,203
encoding,0,valid,204
encoding,0,valid,210
encoding,0,valid,214
encoding,0,valid,215
encoding,0,valid,217
encoding,0,valid,218
encoding,0,valid,228
encoding,0,valid,229
encoding,0,valid,230
encoding,0,valid,231
encoding,0,valid,236
encoding,0,valid,240
encoding,0,valid,244
encoding,0,valid,254
encoding,0,valid,256
encoding,0,valid,258
encoding,0,valid,259
encoding,0,valid,261
encoding,0,valid,265
encoding,0,valid,266
encoding,0,valid,274
encoding,0,valid,275
encoding,0,valid,278
encoding,0,valid,283
encoding,0,valid,286
encoding,0,valid,287
encoding,0,valid,289
encoding,0,valid,292
encoding,0,valid,294
encoding,0,valid,295
encoding,0,valid,299
encoding,0,valid,300
encoding,0,valid,303
encoding,0,valid,313
encoding,0,valid,314
encoding,0,valid,319
encoding,0,valid,321
encoding,0,valid,323
encoding,0,valid,325
encoding,0,valid,333
encoding,0,valid,334
encoding,0,valid,335
encoding,0,valid,336
encoding,0,valid,340
encoding,0,valid,341
encoding,0,valid,343
encoding,0,valid,344
encoding,0,valid,345
encoding,0,valid,347
encoding,0,valid,359
encoding,1,train,0
encoding,1,train,1
encoding,1,train,2
encoding,1,train,3
encoding,1,train,4
encoding,1,train,5
encoding,1,train,8
encoding,1,train,10
encoding,1,train,11
encoding,1,train,12
encoding,1,train,13
encoding,1,train,15
encoding,1,train,16
encoding,1,train,17
encoding,1,train,18
encoding,1,train,19
encoding,1,train,20
encoding,1,train,21
encoding,1,train,22
encoding,1,train,23
encoding,1,train,24
encoding,1,train,25
encoding,1,train,26
encoding,1,train,27
encoding,1,train,28
encoding,1,train,29
encoding,1,train,30
encoding,1,train,31
encoding,1,train,32
encoding,1,train,33
encoding,1,train,34
encoding,1,train,35
encoding,1,train,37
encoding,1,train,38
encoding,1,train,39
encoding,1,train,40
encoding,1,train,41
encoding,1,train,42
encoding,1,train,43
encoding,1,train,44
encoding,1,train,45
encoding,1,train,47
encoding,1,train,50
encoding,1,train,52
encoding,1,train,53
encoding,1,train,54
encoding,1,train,56
encoding,1,train,57
encoding,1,train,58
encoding,1,train,59
encoding,1,train,60
encoding,1,train,61
encoding,1,train,62
encoding,1,train,63
encoding,1,train,64
encoding,1,train,65
encoding,1,train,66
encoding,1,train,68
encoding,1,train,69
encoding,1,train,71
encoding,1,train,72
encoding,1,train,73
encoding,1,train,74
encoding,1,train,75
encoding,1,train,77
encoding,1,train,81
encoding,1,train,82
encoding,1,train,84
encoding,1,train,86
encoding,1,train,87
encoding,1,train,88
encoding,1,train,89
encoding,1,train,90
encoding,1,train,91
encoding,1,train,92
encoding,1,train,93
encoding,1,train,95
encoding,1,train,96
encoding,1,train,97
encoding,1,train,99
encoding,1,train,100
encoding,1,train,101
encoding,1,train,102
encoding,1,train,103
encoding,1,train,104
encoding,1,train,105
encoding,1,train,106
encoding,1,train,107
encoding,1,train,108
encoding,1,train,110
encoding,1,train,111
encoding,1,train,113
encoding,1,train,114
encoding,1,train,115
encoding,1,train,116
encoding,1,train,117
encoding,1,train,118
encoding,1,train,119
encoding,1,train,120
encoding,1,train,121
encoding,1,train,122
encoding,1,train,123
encoding,1,train,124
encoding,1,train,125
encoding,1,train,126
encoding,1,train,127
encoding,1,train,128
encoding,1,train,129
encoding,1,train,130
encoding,1,train,131
encoding,1,train,133
encoding,1,train,135
encoding,1,train,136
encoding,1,train,137
encoding,1,train,138
encoding,1,train,139
encoding,1,train,140
encoding,1,train,141
encoding,1,train,143
encoding,1,train,146
encoding,1,train,147
encoding,1,train,148
encoding,1,train,149
encoding,1,train,150
encoding,1,train,152
encoding,1,train,153
encoding,1,train,155
encoding,1,train,157
encoding,1,train,158
encoding,1,train,160
encoding,1,train,161
encoding,1,train,162
encoding,1,train,164
encoding,1,train,165
encoding,1,train,167
encoding,1,train,170
encoding,1,train,171
encoding,1,train,173
encoding,1,train,175
encoding,1,train,176
encoding,1,train,177
encoding,1,train,178
encoding,1,train,180
encoding,1,train,181
encoding,1,train,182
encoding,1,train,183
encoding,1,train,185
encoding,1,train,186
encoding,1,train,187
encoding,1,train,188
encoding,1,train,190
encoding,1,train,191
encoding,1,train,193
encoding,1,train,195
encoding,1,train,196
encoding,1,train,197
encoding,1,train,198
encoding,1,train,199
encoding,1,train,200
encoding,1,train,203
encoding,1,train,204
encoding,1,train,205
encoding,1,train,206
encoding,1,train,207
encoding,1,train,209
encoding,1,train,210
encoding,1,train,212
encoding,1,train,214
encoding,1,train,215
encoding,1,train,217
encoding,1,train,218
encoding,1,train,219
encoding,1,train,220
encoding,1,train,221
encoding,1,train,222
encoding,1,train,226
encoding,1,train,227
encoding,1,train,228
encoding,1,train,229
encoding,1,train,230
encoding,1,train,231
encoding,1,train,234
encoding,1,train,236
encoding,1,train,237
encoding,1,train,240
encoding,1,train,241
encoding,1,train,242
encoding,1,train,244
encoding,1,train,245
encoding,1,train,247
encoding,1,train,248
encoding,1,train,249
encoding,1,train,252
encoding,1,train,253
encoding,1,train,254
encoding,1,train,256
encoding,1,train,257
encoding,1,train,258
encoding,1,train,259
encoding,1,train,260
encoding,1,train,261
encoding,1,train,262
encoding,1,train,265
encoding,1,train,266
encoding,1,train,267
encoding,1,train,268
encoding,1,train,269
encoding,1,train,271
encoding,1,train,272
encoding,1,train,273
encoding,1,train,274
encoding,1,train,275
encoding,1,train,276
encoding,1,train,278
encoding,1,train,279
encoding,1,train,280
encoding,1,train,283
encoding,1,train,284
encoding,1,train,285
encoding,1,train,286
encoding,1,train,287
encoding,1,train,288
encoding,1,train,289
encoding,1,train,290
encoding,1,train,292
encoding,1,train,294
encoding,1,train,295
encoding,1,train,297
encoding,1,train,299
encoding,1,train,300
encoding,1,train,302
encoding,1,train,303
encoding,1,train,305
encoding,1,train,309
encoding,1,train,310
encoding,1,train,311
encoding,1,train,312
encoding,1,train,313
encoding,1,train,314
encoding,1,train,315
encoding,1,train,316
encoding,1,train,317
encoding,1,train,319
encoding,1,train,321
encoding,1,train,323
encoding,1,train,324
encoding,1,train,325
encoding,1,train,326
encoding,1,train,329
encoding,1,train,330
encoding,1,train,333
encoding,1,train,334
encoding,1,train,335
encoding,1,train,336
encoding,1,train,338
encoding,1,train,339
encoding,1,train,340
encoding,1,train,341
encoding,1,train,343
encoding,1,train,344
encoding,1,train,345
encoding,1,train,347
encoding,1,train,349
encoding,1,train,350
encoding,1,train,351
encoding,1,train,353
encoding,1,train,354
encoding,1,train,356
encoding,1,train,357
encoding,1,train,359
encoding,1,valid,6
encoding,1,valid,7
encoding,1,valid,9
encoding,1,valid,14
encoding,1,valid,36
encoding,1,valid,46
encoding,1,valid,48
encoding,1,valid,49
encoding,1,valid,51
encoding,1,valid,55
encoding,1,valid,67
encoding,1,valid,70
encoding,1,valid,76
encoding,1,valid,78
encoding,1,valid,79
encoding,1,valid,80
encoding,1,valid,83
encoding,1,valid,85
encoding,1,valid,94
encoding,1,valid,98
encoding,1,valid,109
encoding,1,valid,112
encoding,1,valid,132
encoding,1,valid,134
encoding,1,valid,142
encoding,1,valid,144
encoding,1,valid,145
encoding,1,valid,151
encoding,1,valid,154
encoding,1,valid,156
encoding,1,valid,159
encoding,1,valid,163
encoding,1,valid,166
encoding,1,valid,168
encoding,1,valid,169
encoding,1,valid,172
encoding,1,valid,174
encoding,1,valid,179
encoding,1,valid,184
encoding,1,valid,189
encoding,1,valid,192
encoding,1,valid,194
encoding,1,valid,201
encoding,1,valid,202
encoding,1,valid,208
encoding,1,valid,211
encoding,1,valid,213
encoding,1,valid,216
encoding,1,valid,223
encoding,1,valid,224
encoding,1,valid,225
encoding,1,valid,232
encoding,1,valid,233
encoding,1,valid,235
encoding,1,valid,238
encoding,1,valid,239
encoding,1,valid,243
encoding,1,valid,246
encoding,1,valid,250
encoding,1,valid,251
encoding,1,valid,255
encoding,1,valid,263
encoding,1,valid,264
encoding,1,valid,270
encoding,1,valid,277
encoding,1,valid,281
encoding,1,valid,282
encoding,1,valid,291
encoding,1,valid,293
encoding,1,valid,296
encoding,1,valid,298
encoding,1,valid,301
encoding,1,valid,304
encoding,1,valid,306
encoding,1,valid,307
encoding,1,valid,308
encoding,1,valid,318
encoding,1,valid,320
encoding,1,valid,322
encoding,1,valid,327
encoding,1,valid,328
encoding,1,valid,331
encoding,1,valid,332
encoding,1,valid,337
encoding,1,valid,342
encoding,1,valid,346
encoding,1,valid,348
encoding,1,valid,352
encoding,1,valid,355
encoding,1,valid,358
encoding,2,train,0
encoding,2,train,1
encoding,2,train,2
encoding,2,train,4
encoding,2,train,6
encoding,2,train,7
encoding,2,train,8
encoding,2,train,9
encoding,2,train,10
encoding,2,train,11
encoding,2,train,13
encoding,2,train,14
encoding,2,train,15
encoding,2,train,17
encoding,2,train,19
encoding,2,train,20
encoding,2,train,23
encoding,2,train,24
encoding,2,train,25
encoding,2,train,26
encoding,2,train,28
encoding,2,train,29
encoding,2,train,30
encoding,2,train,32
encoding,2,train,33
encoding,2,train,35
encoding,2,train,36
encoding,2,train,37
encoding,2,train,39
encoding,2,train,40
encoding,2,train,41
encoding,2,train,42
encoding,2,train,43
encoding,2,train,44
encoding,2,train,45
encoding,2,train,46
encoding,2,train,47
encoding,2,train,48
encoding,2,train,49
encoding,2,train,50
encoding,2,train,51
encoding,2,train,53
encoding,2,train,54
encoding,2,train,55
encoding,2,train,56
encoding,2,train,57
encoding,2,train,59
encoding,2,train,60
encoding,2,train,64
encoding,2,train,65
encoding,2,train,66
encoding,2,train,67
encoding,2,train,68
encoding,2,train,70
encoding,2,train,71
encoding,2,train,72
encoding,2,train,74
encoding,2,train,76
encoding,2,train,77
encoding,2,train,78
encoding,2,train,79
encoding,2,train,80
encoding,2,train,81
encoding,2,train,83
encoding,2,train,84
encoding,2,train,85
encoding,2,train,87
encoding,2,train,90
encoding,2,train,91
encoding,2,train,92
encoding,2,train,93
encoding,2,train,94
encoding,2,train,95
encoding,2,train,97
encoding,2,train,98
encoding,2,train,99
encoding,2,train,100
encoding,2,train,101
encoding,2,train,103
encoding,2,train,105
encoding,2,train,106
encoding,2,train,107
encoding,2,train,109
encoding,2,train,110
encoding,2,train,112
encoding,2,train,115
encoding,2,train,117
encoding,2,train,119
encoding,2,train,121
encoding,2,train,122
encoding,2,train,125
encoding,2,train,126
encoding,2,train,127
encoding,2,train,129
encoding,2,train,130
encoding,2,train,131
encoding,2,train,132
encoding,2,train,133
encoding,2,train,134
encoding,2,train,137
encoding,2,train,138
encoding,2,train,141
encoding,2,train,142
encoding,2,train,143
encoding,2,train,144
encoding,2,train,145
encoding,2,train,147
encoding,2,train,148
encoding,2,train,149
encoding,2,train,150
encoding,2,train,151
encoding,2,train,154
encoding,2,train,155
encoding,2,train,156
encoding,2,train,158
encoding,2,train,159
encoding,2,train,162
encoding,2,train,163
encoding,2,train,164
encoding,2,train,165
encoding,2,train,166
encoding,2,train,168
encoding,2,train,169
encoding,2,train,171
encoding,2,train,172
encoding,2,train,173
encoding,2,train,174
encoding,2,train,175
encoding,2,train,179
encoding,2,train,180
encoding,2,train,184
encoding,2,train,186
encoding,2,train,187
encoding,2,train,189
encoding,2,train,191
encoding,2,train,192
encoding,2,train,194
encoding,2,train,195
encoding,2,train,197
encoding,2,train,198
encoding,2,train,199
encoding,2,train,200
encoding,2,train,201
encoding,2,train,202
encoding,2,train,203
encoding,2,train,204
encoding,2,train,207
encoding,2,train,208
encoding,2,train,210
encoding,2,train,211
encoding,2,train,213
encoding,2,train,214
encoding,2,train,215
encoding,2,train,216
encoding,2,train,217
encoding,2,train,218
encoding,2,train,222
encoding,2,train,223
encoding,2,train,224
encoding,2,train,225
encoding,2,train,226
encoding,2,train,228
encoding,2,train,229
encoding,2,train,230
encoding,2,train,231
encoding,2,train,232
encoding,2,train,233
encoding,2,train,234
encoding,2,train,235
encoding,2,train,236
encoding,2,train,237
encoding,2,train,238
encoding,2,train,239
encoding,2,train,240
encoding,2,train,241
encoding,2,train,243
encoding,2,train,244
encoding,2,train,246
encoding,2,train,250
encoding,2,train,251
encoding,2,train,253
encoding,2,train,254
encoding,2,train,255
encoding,2,train,256
encoding,2,train,257
encoding,2,train,258
encoding,2,train,259
encoding,2,train,260
encoding,2,train,261
encoding,2,train,262
encoding,2,train,263
encoding,2,train,264
encoding,2,train,265
encoding,2,train,266
encoding,2,train,267
encoding,2,train,268
encoding,2,train,270
encoding,2,train,274
encoding,2,train,275
encoding,2,train,276
encoding,2,train,277
encoding,2,train,278
encoding,2,train,279
encoding,2,train,281
encoding,2,train,282
encoding,2,train,283
encoding,2,train,284
encoding,2,train,285
encoding,2,train,286
encoding,2,train,287
encoding,2,train,289
encoding,2,train,290
encoding,2,train,291
encoding,2,train,292
encoding,2,train,293
encoding,2,train,294
encoding,2,train,295
encoding,2,train,296
encoding,2,train,298
encoding,2,train,299
encoding,2,train,300
encoding,2,train,301
encoding,2,train,303
encoding,2,train,304
encoding,2,train,305
encoding,2,train,306
encoding,2,train,307
encoding,2,train,308
encoding,2,train,313
encoding,2,train,314
encoding,2,train,315
encoding,2,train,316
encoding,2,train,318
encoding,2,train,319
encoding,2,train,320
encoding,2,train,321
encoding,2,train,322
encoding,2,train,323
encoding,2,train,324
encoding,2,train,325
encoding,2,train,327
encoding,2,train,328
encoding,2,train,329
encoding,2,train,330
encoding,2,train,331
encoding,2,train,332
encoding,2,train,333
encoding,2,train,334
encoding,2,train,335
encoding,2,train,336
encoding,2,train,337
encoding,2,train,338
encoding,2,train,340
encoding,2,train,341
encoding,2,train,342
encoding,2,train,343
encoding,2,train,344
encoding,2,train,345
encoding,2,train,346
encoding,2,train,347
encoding,2,train,348
encoding,2,train,350
encoding,2,train,351
encoding,2,train,352
encoding,2,train,354
encoding,2,train,355
encoding,2,train,356
encoding,2,train,357
encoding,2,train,358
encoding,2,train,359
encoding,2,valid,3
encoding,2,valid,5
encoding,2,valid,12
encoding,2,valid,16
encoding,2,valid,18
encoding,2,valid,21
encoding,2,valid,22
encoding,2,valid,27
encoding,2,valid,31
encoding,2,valid,34
encoding,2,valid,38
encoding,2,valid,52
encoding,2,valid,58
encoding,2,valid,61
encoding,2,valid,62
encoding,2,valid,63
encoding,2,valid,69
encoding,2,valid,73
encoding,2,valid,75
encoding,2,valid,82
encoding,2,valid,86
encoding,2,valid,88
encoding,2,valid,89
encoding,2,valid,96
encoding,2,valid,102
encoding,2,valid,104
encoding,2,valid,108
encoding,2,valid,111
encoding,2,valid,113
encoding,2,valid,114
encoding,2,valid,116
encoding,2,valid,118
encoding,2,valid,120
encoding,2,valid,123
encoding,2,valid,124
encoding,2,valid,128
encoding,2,valid,135
encoding,2,valid,136
encoding,2,valid,139
encoding,2,valid,140
encoding,2,valid,146
encoding,2,valid,152
encoding,2,valid,153
encoding,2,valid,157
encoding,2,valid,160
encoding,2,valid,161
encoding,2,valid,167
encoding,2,valid,170
encoding,2,valid,176
encoding,2,valid,177
encoding,2,valid,178
encoding,2,valid,181
encoding,2,valid,182
encoding,2,valid,183
encoding,2,valid,185
encoding,2,valid,188
encoding,2,valid,190
encoding,2,valid,193
encoding,2,valid,196
encoding,2,valid,205
encoding,2,valid,206
encoding,2,valid,209
encoding,2,valid,212
encoding,2,valid,219
encoding,2,valid,220
encoding,2,valid,221
encoding,2,valid,227
encoding,2,valid,242
encoding,2,valid,245
encoding,2,valid,247
encoding,2,valid,248
encoding,2,valid,249
encoding,2,valid,252
encoding,2,valid,269
encoding,2,valid,271
encoding,2,valid,272
encoding,2,valid,273
encoding,2,valid,280
encoding,2,valid,288
encoding,2,valid,297
encoding,2,valid,302
encoding,2,valid,309
encoding,2,valid,310
encoding,2,valid,311
encoding,2,valid,312
encoding,2,valid,317
encoding,2,valid,326
encoding,2,valid,339
encoding,2,valid,349
encoding,2,valid,353
encoding,3,train,0
encoding,3,train,3
encoding,3,train,4
encoding,3,train,5
encoding,3,train,6
encoding,3,train,7
encoding,3,train,9
encoding,3,train,11
encoding,3,train,12
encoding,3,train,14
encoding,3,train,15
encoding,3,train,16
encoding,3,train,17
encoding,3,train,18
encoding,3,train,19
encoding,3,train,20
encoding,3,train,21
encoding,3,train,22
encoding,3,train,24
encoding,3,train,27
encoding,3,train,31
encoding,3,train,32
encoding,3,train,34
encoding,3,train,35
encoding,3,train,36
encoding,3,train,38
encoding,3,train,39
encoding,3,train,40
encoding,3,train,41
encoding,3,train,42
encoding,3,train,44
encoding,3,train,45
encoding,3,train,46
encoding,3,train,47
encoding,3,train,48
encoding,3,train,49
encoding,3,train,51
encoding,3,train,52
encoding,3,train,55
encoding,3,train,56
encoding,3,train,57
encoding,3,train,58
encoding,3,train,60
encoding,3,train,61
encoding,3,train,62
encoding,3,train,63
encoding,3,train,64
encoding,3,train,65
encoding,3,train,66
encoding,3,train,67
encoding,3,train,69
encoding,3,train,70
encoding,3,train,73
encoding,3,train,74
encoding,3,train,75
encoding,3,train,76
encoding,3,train,78
encoding,3,train,79
encoding,3,train,80
encoding,3,train,82
encoding,3,train,83
encoding,3,train,84
encoding,3,train,85
encoding,3,train,86
encoding,3,train,87
encoding,3,train,88
encoding,3,train,89
encoding,3,train,91
encoding,3,train,94
encoding,3,train,95
encoding,3,train,96
encoding,3,train,98
encoding,3,train,99
encoding,3,train,102
encoding,3,train,103
encoding,3,train,104
encoding,3,train,107
encoding,3,train,108
encoding,3,train,109
encoding,3,train,111
encoding,3,train,112
encoding,3,train,113
encoding,3,train,114
encoding,3,train,116
encoding,3,train,117
encoding,3,train,118
encoding,3,train,120
encoding,3,train,123
encoding,3,train,124
encoding,3,train,128
encoding,3,train,132
encoding,3,train,133
encoding,3,train,134
encoding,3,train,135
encoding,3,train,136
encoding,3,train,139
encoding,3,train,140
encoding,3,train,142
encoding,3,train,144
encoding,3,train,145
encoding,3,train,146
encoding,3,train,148
encoding,3,train,150
encoding,3,train,151
encoding,3,train,152
encoding,3,train,153
encoding,3,train,154
encoding,3,train,155
encoding,3,train,156
encoding,3,train,157
encoding,3,train,159
encoding,3,train,160
encoding,3,train,161
encoding,3,train,163
encoding,3,train,164
encoding,3,train,166
encoding,3,train,167
encoding,3,train,168
encoding,3,train,169
encoding,3,train,170
encoding,3,train,172
encoding,3,train,174
encoding,3,train,175
encoding,3,train,176
encoding,3,train,177
encoding,3,train,178
encoding,3,train,179
encoding,3,train,181
encoding,3,train,182
encoding,3,train,183
encoding,3,train,184
encoding,3,train,185
encoding,3,train,187
encoding,3,train,188
encoding,3,train,189
encoding,3,train,190
encoding,3,train,192
encoding,3,train,193
encoding,3,train,194
encoding,3,train,196
encoding,3,train,201
encoding,3,train,202
encoding,3,train,203
encoding,3,train,204
encoding,3,train,205
encoding,3,train,206
encoding,3,train,208
encoding,3,train,209
encoding,3,train,210
encoding,3,train,211
encoding,3,train,212
encoding,3,train,213
encoding,3,train,214
encoding,3,train,215
encoding,3,train,216
encoding,3,train,217
encoding,3,train,218
encoding,3,train,219
encoding,3,train,220
encoding,3,train,221
encoding,3,train,223
encoding,3,train,224
encoding,3,train,225
encoding,3,train,227
encoding,3,train,228
encoding,3,train,229
encoding,3,train,230
encoding,3,train,231
encoding,3,train,232
encoding,3,train,233
encoding,3,train,235
encoding,3,train,236
encoding,3,train,238
encoding,3,train,239
encoding,3,train,240
encoding,3,train,242
encoding,3,train,243
encoding,3,train,244
encoding,3,train,245
encoding,3,train,246
encoding,3,train,247
encoding,3,train,248
encoding,3,train,249
encoding,3,train,250
encoding,3,train,251
encoding,3,train,252
encoding,3,train,254
encoding,3,train,255
encoding,3,train,256
encoding,3,train,258
encoding,3,train,259
encoding,3,train,261
encoding,3,train,263
encoding,3,train,264
encoding,3,train,265
encoding,3,train,266
encoding,3,train,269
encoding,3,train,270
encoding,3,train,271
encoding,3,train,272
encoding,3,train,273
encoding,3,train,274
encoding,3,train,275
encoding,3,train,277
encoding,3,train,278
encoding,3,train,280
encoding,3,train,281
encoding,3,train,282
encoding,3,train,283
encoding,3,train,286
encoding,3,train,287
encoding,3,train,288
encoding,3,train,289
encoding,3,train,291
encoding,3,train,292
encoding,3,train,293
encoding,3,train,294
encoding,3,train,295
encoding,3,train,296
encoding,3,train,297
encoding,3,train,298
encoding,3,train,299
encoding,3,train,300
encoding,3,train,301
encoding,3,train,302
encoding,3,train,303
encoding,3,train,304
encoding,3,train,306
encoding,3,train,307
encoding,3,train,308
encoding,3,train,309
encoding,3,train,310
encoding,3,train,311
encoding,3,train,312
encoding,3,train,313
encoding,3,train,314
encoding,3,train,317
encoding,3,train,318
encoding,3,train,319
encoding,3,train,320
encoding,3,train,321
encoding,3,train,322
encoding,3,train,323
encoding,3,train,325
encoding,3,train,326
encoding,3,train,327
encoding,3,train,328
encoding,3,train,331
encoding,3,train,332
encoding,3,train,333
encoding,3,train,334
encoding,3,train,335
encoding,3,train,336
encoding,3,train,337
encoding,3,train,339
encoding,3,train,340
encoding,3,train,341
encoding,3,train,342
encoding,3,train,343
encoding,3,train,344
encoding,3,train,345
encoding,3,train,346
encoding,3,train,347
encoding,3,train,348
encoding,3,train,349
encoding,3,train,352
encoding,3,train,353
encoding,3,train,355
encoding,3,train,358
encoding,3,train,359
encoding,3,valid,1
encoding,3,valid,2
encoding,3,valid,8
encoding,3,valid,10
encoding,3,valid,13
encoding,3,valid,23
encoding,3,valid,25
encoding,3,valid,26
encoding,3,valid,28
encoding,3,valid,29
encoding,3,valid,30
encoding,3,valid,33
encoding,3,valid,37
encoding,3,valid,43
encoding,3,valid,50
encoding,3,valid,53
encoding,3,valid,54
encoding,3,valid,59
encoding,3,valid,68
encoding,3,valid,71
encoding,3,valid,72
encoding,3,valid,77
encoding,3,valid,81
encoding,3,valid,90
encoding,3,valid,92
encoding,3,valid,93
encoding,3,valid,97
encoding,3,valid,100
encoding,3,valid,101
encoding,3,valid,105
encoding,3,valid,106
encoding,3,valid,110
encoding,3,valid,115
encoding,3,valid,119
encoding,3,valid,121
encoding,3,valid,122
encoding,3,valid,125
encoding,3,valid,126
encoding,3,valid,127
encoding,3,valid,129
encoding,3,valid,130
encoding,3,valid,131
encoding,3,valid,137
encoding,3,valid,138
encoding,3,valid,141
encoding,3,valid,143
encoding,3,valid,147
encoding,3,valid,149
encoding,3,valid,158
encoding,3,valid,162
encoding,3,valid,165
encoding,3,valid,171
encoding,3,valid,173
encoding,3,valid,180
encoding,3,valid,186
encoding,3,valid,191
encoding,3,valid,195
encoding,3,valid,197
encoding,3,valid,198
encoding,3,valid,199
encoding,3,valid,200
encoding,3,valid,207
encoding,3,valid,222
encoding,3,valid,226
encoding,3,valid,234
encoding,3,valid,237
encoding,3,valid,241
encoding,3,valid,253
encoding,3,valid,257
encoding,3,valid,260
encoding,3,valid,262
encoding,3,valid,267
encoding,3,valid,268
encoding,3,valid,276
encoding,3,valid,279
encoding,3,valid,284
encoding,3,valid,285
encoding,3,valid,290
encoding,3,valid,305
encoding,3,valid,315
encoding,3,valid,316
encoding,3,valid,324
encoding,3,valid,329
encoding,3,valid,330
encoding,3,valid,338
encoding,3,valid,350
encoding,3,valid,351
encoding,3,valid,354
encoding,3,valid,356
encoding,3,valid,357
