id,x1,x2,category,y
stop-0000,0.3653874440,1.0033917746,1,1
stop-0001,1.2502972098,nan,1,1
stop-0002,-0.4255360985,0.3285473556,0,0
stop-0003,1.7775028095,-1.8168860697,0,0
stop-0004,0.2668127493,-0.7408024162,1,1
stop-0005,-0.2032971366,-1.1964245491,0,0
stop-0006,0.9693405116,nan,0,1
stop-0007,1.4740497879,1.2651568146,2,1
stop-0008,0.9462027985,0.5342358444,0,1
stop-0009,0.1816554414,0.5140261862,1,0
stop-0010,0.3310384592,nan,0,0
stop-0011,-0.1593885214,1.0124093684,2,1
stop-0012,0.4357036752,-0.7803145927,0,0
stop-0013,0.6762454289,-1.3812575069,0,0
stop-0014,0.9242499494,-1.9466628726,0,0
stop-0015,-1.2550256245,-0.8301259849,2,0
stop-0016,0.3589012590,0.0024989765,1,1
stop-0017,0.9874339172,nan,1,1
stop-0018,0.5316493857,0.2058990525,0,1
stop-0019,-0.8050720441,-0.0080323206,0,0
stop-0020,0.8342112219,0.7116743725,2,1
stop-0021,-1.3144327805,-0.5737953185,2,0
stop-0022,0.5254032510,1.9674403260,0,1
stop-0023,-0.6481617660,-1.1457697614,0,0
stop-0024,-0.0967957364,0.6729293725,0,0
stop-0025,0.4422791264,-1.4559401923,2,0
stop-0026,1.6405557998,-0.9028049750,1,1
stop-0027,1.6836596476,nan,2,1
stop-0028,-0.5701330613,1.1829084425,0,1
stop-0029,1.0476027131,-0.6207900828,1,1
stop-0030,-0.0722970744,-1.5597010120,0,0
stop-0031,-0.0313868249,-0.7852909569,2,1
stop-0032,-0.1388690561,nan,1,1
stop-0033,-0.9524554048,nan,2,0
stop-0034,-0.8730342912,1.0646959435,0,0
stop-0035,-0.5662240890,0.1151594928,0,0
stop-0036,-0.1588955341,-1.9934219346,0,0
stop-0037,-0.9158060587,-0.9670295248,0,0
stop-0038,-1.2590259855,-1.7017581352,2,0
stop-0039,-0.3136300422,-1.8981990664,2,1
stop-0040,-0.5177178728,0.4058400080,0,0
stop-0041,-0.9776634333,-1.1310978290,2,1
stop-0042,0.7426029240,-0.9211663618,2,1
stop-0043,0.2822103218,-0.6547797866,2,1
stop-0044,1.7051633418,1.1178814197,0,0
stop-0045,0.4194592162,1.0349075446,1,1
stop-0046,-0.2114674873,nan,0,0
stop-0047,-0.1356002992,-1.7847516096,2,1
stop-0048,-0.0106511657,nan,1,0
stop-0049,0.4774508599,0.2315049128,0,1
stop-0050,0.5996199446,1.6196276466,1,1
stop-0051,-0.6036013474,1.2310501576,0,1
stop-0052,1.1975591772,0.1774011968,0,1
stop-0053,0.4325670762,1.9413749344,2,0
stop-0054,0.2061761263,-1.2211449662,2,0
stop-0055,0.4933794063,-1.9186842643,2,1
stop-0056,-1.6372542589,-1.7802012262,0,0
stop-0057,2.3921487115,-0.0190326550,1,0
stop-0058,0.2913173518,-1.0009592105,2,0
stop-0059,0.8805026429,0.9853133697,2,1
stop-0060,-0.0944523543,-0.5733217462,2,0
stop-0061,1.1706711932,1.2914889495,0,0
stop-0062,-1.2971366109,1.6339539798,1,0
stop-0063,-0.2814436190,-0.1051622273,0,1
stop-0064,-1.6506780415,0.3817263281,1,1
stop-0065,-1.1749165156,0.5434817879,1,0
stop-0066,-0.7046085307,-0.7928401473,0,0
stop-0067,0.0653890949,-1.8835139246,1,0
stop-0068,0.9319734615,1.3624987245,2,1
stop-0069,1.7567299740,0.6936602472,0,1
stop-0070,-0.0356777812,nan,2,1
stop-0071,1.1504553313,1.0964231100,2,1
stop-0072,-0.5054917094,-1.7540789470,0,0
stop-0073,0.6775318324,-0.2253400718,1,1
stop-0074,0.3732472673,-1.2589489407,2,0
stop-0075,-0.9738540194,nan,1,0
stop-0076,-0.8462818557,-1.8674032130,0,0
stop-0077,-1.5127201636,1.3611364361,0,0
stop-0078,0.3039289663,1.6705854968,1,1
stop-0079,1.2557700585,-0.7935844713,2,0
stop-0080,-0.3272695906,1.9496971743,1,1
stop-0081,-0.9718179396,0.4075659141,1,1
stop-0082,-1.1768693648,nan,1,1
stop-0083,1.1591753483,nan,0,1
stop-0084,-0.8132656348,0.5964894210,1,1
stop-0085,-1.0600660141,-1.1622103269,0,0
stop-0086,0.3328596072,0.9638196624,2,1
stop-0087,-2.2018087589,-1.0423073050,1,0
stop-0088,-0.9535405534,1.7082133415,1,1
stop-0089,0.0761983260,1.9009509903,1,0
stop-0090,-0.3046537018,-0.3374310778,0,0
stop-0091,1.1900830390,-0.7964174390,0,1
stop-0092,-0.9017668377,-1.5103830273,1,0
stop-0093,-1.3232579546,-1.9788523550,1,0
stop-0094,1.9053667772,-0.7772699847,2,1
stop-0095,-0.4658473539,-0.3761845774,2,1
stop-0096,0.6472254686,0.6491893955,0,1
stop-0097,-0.3050864731,0.1477425486,1,0
stop-0098,0.8635610158,-1.1675399242,2,1
stop-0099,1.1699786870,1.4964121635,1,1
stop-0100,-1.2758080671,0.8665677151,2,0
stop-0101,-0.8585113887,-1.3941353254,2,0
stop-0102,0.9974591114,0.5840560002,1,1
stop-0103,0.2071751424,1.5023505704,0,1
stop-0104,-0.6858122758,1.4102909242,0,0
stop-0105,-0.0494053267,0.0495770344,2,0
stop-0106,-0.5412563727,1.5390123453,0,0
stop-0107,-0.6127344729,nan,0,0
stop-0108,-0.9326468552,1.8343362959,2,1
stop-0109,0.6234875394,0.7839659202,0,0
stop-0110,-0.7126328303,nan,1,1
stop-0111,0.7216903363,0.8687537339,2,1
stop-0112,0.9039625053,0.8455789135,2,1
stop-0113,-0.1192037561,1.2336626877,1,0
stop-0114,0.4462161661,1.5875301333,0,1
stop-0115,-0.4350929588,-0.9903535897,0,0
stop-0116,0.3008028203,nan,2,1
stop-0117,0.6926641843,0.3822942363,0,1
stop-0118,-0.7509938534,-0.4430477360,1,0
stop-0119,-0.8479290677,0.4650563197,2,0
