group_id,x0,x1,x2,y
0,1.311496061798952,0.61008021275625146,2.8761799321979096,0
0,1.311496061798952,0.61008021275625146,2.8761799321979096,0
0,1.311496061798952,0.61008021275625146,2.8761799321979096,0
0,1.311496061798952,0.61008021275625146,2.8761799321979096,0
0,1.311496061798952,0.61008021275625146,2.8761799321979096,0
0,1.311496061798952,0.61008021275625146,2.8761799321979096,0
1,-0.82001086354423836,-0.043430586109768632,1.2277043039520601,0
1,-0.82001086354423836,-0.043430586109768632,1.2277043039520601,0
1,-0.82001086354423836,-0.043430586109768632,1.2277043039520601,0
1,-0.82001086354423836,-0.043430586109768632,1.2277043039520601,0
1,-0.82001086354423836,-0.043430586109768632,1.2277043039520601,0
1,-0.82001086354423836,-0.043430586109768632,1.2277043039520601,0
2,0.3017320345290278,1.2712378389316044,1.6043647401425758,1
2,0.3017320345290278,1.2712378389316044,1.6043647401425758,1
2,0.3017320345290278,1.2712378389316044,1.6043647401425758,1
2,0.3017320345290278,1.2712378389316044,1.6043647401425758,1
2,0.3017320345290278,1.2712378389316044,1.6043647401425758,1
2,0.3017320345290278,1.2712378389316044,1.6043647401425758,1
3,-0.38899947165780574,1.4724530747134834,-1.3334019315020895,1
3,-0.38899947165780574,1.4724530747134834,-1.3334019315020895,1
3,-0.38899947165780574,1.4724530747134834,-1.3334019315020895,1
3,-0.38899947165780574,1.4724530747134834,-1.3334019315020895,1
3,-0.38899947165780574,1.4724530747134834,-1.3334019315020895,1
3,-0.38899947165780574,1.4724530747134834,-1.3334019315020895,1
4,0.75136208399581328,0.21849696607090771,0.69474668043687737,0
4,0.75136208399581328,0.21849696607090771,0.69474668043687737,0
4,0.75136208399581328,0.21849696607090771,0.69474668043687737,0
4,0.75136208399581328,0.21849696607090771,0.69474668043687737,0
4,0.75136208399581328,0.21849696607090771,0.69474668043687737,0
4,0.75136208399581328,0.21849696607090771,0.69474668043687737,0
5,-0.28208019097914833,0.70724414415341219,0.84833851359647694,0
5,-0.28208019097914833,0.70724414415341219,0.84833851359647694,0
5,-0.28208019097914833,0.70724414415341219,0.84833851359647694,0
5,-0.28208019097914833,0.70724414415341219,0.84833851359647694,0
5,-0.28208019097914833,0.70724414415341219,0.84833851359647694,0
5,-0.28208019097914833,0.70724414415341219,0.84833851359647694,0
6,-2.122102906256885,0.53224000224888113,-0.084754267350661258,1
6,-2.122102906256885,0.53224000224888113,-0.084754267350661258,1
6,-2.122102906256885,0.53224000224888113,-0.084754267350661258,1
6,-2.122102906256885,0.53224000224888113,-0.084754267350661258,1
6,-2.122102906256885,0.53224000224888113,-0.084754267350661258,1
6,-2.122102906256885,0.53224000224888113,-0.084754267350661258,1
7,-1.324559585857765,-0.20979637461419742,0.24899641412030535,1
7,-1.324559585857765,-0.20979637461419742,0.24899641412030535,1
7,-1.324559585857765,-0.20979637461419742,0.24899641412030535,1
7,-1.324559585857765,-0.20979637461419742,0.24899641412030535,1
7,-1.324559585857765,-0.20979637461419742,0.24899641412030535,1
7,-1.324559585857765,-0.20979637461419742,0.24899641412030535,1
8,0.21481689573233406,0.31876702084628605,-1.0735641824278404,0
8,0.21481689573233406,0.31876702084628605,-1.0735641824278404,0
8,0.21481689573233406,0.31876702084628605,-1.0735641824278404,0
8,0.21481689573233406,0.31876702084628605,-1.0735641824278404,0
8,0.21481689573233406,0.31876702084628605,-1.0735641824278404,0
8,0.21481689573233406,0.31876702084628605,-1.0735641824278404,0
9,1.1159118825138967,0.65309461644142008,-0.60455561294134652,1
9,1.1159118825138967,0.65309461644142008,-0.60455561294134652,1
9,1.1159118825138967,0.65309461644142008,-0.60455561294134652,1
9,1.1159118825138967,0.65309461644142008,-0.60455561294134652,1
9,1.1159118825138967,0.65309461644142008,-0.60455561294134652,1
9,1.1159118825138967,0.65309461644142008,-0.60455561294134652,1
10,0.12891825092807269,1.1263877542532512,0.80885577141750287,1
10,0.12891825092807269,1.1263877542532512,0.80885577141750287,1
10,0.12891825092807269,1.1263877542532512,0.80885577141750287,1
10,0.12891825092807269,1.1263877542532512,0.80885577141750287,1
10,0.12891825092807269,1.1263877542532512,0.80885577141750287,1
10,0.12891825092807269,1.1263877542532512,0.80885577141750287,1
11,-0.0077886836193549582,-0.80231653962884386,-1.2310074931183099,1
11,-0.0077886836193549582,-0.80231653962884386,-1.2310074931183099,1
11,-0.0077886836193549582,-0.80231653962884386,-1.2310074931183099,1
11,-0.0077886836193549582,-0.80231653962884386,-1.2310074931183099,1
11,-0.0077886836193549582,-0.80231653962884386,-1.2310074931183099,1
11,-0.0077886836193549582,-0.80231653962884386,-1.2310074931183099,1
12,-0.23627756684047196,0.58557157765739254,-0.92347399375141792,1
12,-0.23627756684047196,0.58557157765739254,-0.92347399375141792,1
12,-0.23627756684047196,0.58557157765739254,-0.92347399375141792,1
12,-0.23627756684047196,0.58557157765739254,-0.92347399375141792,1
12,-0.23627756684047196,0.58557157765739254,-0.92347399375141792,1
12,-0.23627756684047196,0.58557157765739254,-0.92347399375141792,1
13,-1.1295469192964218,1.9929047880175306,0.12282406814685659,0
13,-1.1295469192964218,1.9929047880175306,0.12282406814685659,0
13,-1.1295469192964218,1.9929047880175306,0.12282406814685659,0
13,-1.1295469192964218,1.9929047880175306,0.12282406814685659,0
13,-1.1295469192964218,1.9929047880175306,0.12282406814685659,0
13,-1.1295469192964218,1.9929047880175306,0.12282406814685659,0
14,0.18760549336863414,0.10344357378901077,-0.94310998088349107,0
14,0.18760549336863414,0.10344357378901077,-0.94310998088349107,0
14,0.18760549336863414,0.10344357378901077,-0.94310998088349107,0
14,0.18760549336863414,0.10344357378901077,-0.94310998088349107,0
14,0.18760549336863414,0.10344357378901077,-0.94310998088349107,0
14,0.18760549336863414,0.10344357378901077,-0.94310998088349107,0
15,2.2779544720843887,-0.31756456268120992,0.087174810441842776,1
15,2.2779544720843887,-0.31756456268120992,0.087174810441842776,1
15,2.2779544720843887,-0.31756456268120992,0.087174810441842776,1
15,2.2779544720843887,-0.31756456268120992,0.087174810441842776,1
15,2.2779544720843887,-0.31756456268120992,0.087174810441842776,1
15,2.2779544720843887,-0.31756456268120992,0.087174810441842776,1
16,0.51302631150760902,1.6913160562326011,-0.78962272016790069,0
16,0.51302631150760902,1.6913160562326011,-0.78962272016790069,0
16,0.51302631150760902,1.6913160562326011,-0.78962272016790069,0
16,0.51302631150760902,1.6913160562326011,-0.78962272016790069,0
16,0.51302631150760902,1.6913160562326011,-0.78962272016790069,0
16,0.51302631150760902,1.6913160562326011,-0.78962272016790069,0
17,-0.21910901640802943,-0.97354182164948211,0.38544588868771668,1
17,-0.21910901640802943,-0.97354182164948211,0.38544588868771668,1
17,-0.21910901640802943,-0.97354182164948211,0.38544588868771668,1
17,-0.21910901640802943,-0.97354182164948211,0.38544588868771668,1
17,-0.21910901640802943,-0.97354182164948211,0.38544588868771668,1
17,-0.21910901640802943,-0.97354182164948211,0.38544588868771668,1
18,-0.44879886663858565,-0.25884636916088499,-0.91516712873393424,0
18,-0.44879886663858565,-0.25884636916088499,-0.91516712873393424,0
18,-0.44879886663858565,-0.25884636916088499,-0.91516712873393424,0
18,-0.44879886663858565,-0.25884636916088499,-0.91516712873393424,0
18,-0.44879886663858565,-0.25884636916088499,-0.91516712873393424,0
18,-0.44879886663858565,-0.25884636916088499,-0.91516712873393424,0
19,-0.33758093604403261,0.45569039485375956,-0.22116715905371487,0
19,-0.33758093604403261,0.45569039485375956,-0.22116715905371487,0
19,-0.33758093604403261,0.45569039485375956,-0.22116715905371487,0
19,-0.33758093604403261,0.45569039485375956,-0.22116715905371487,0
19,-0.33758093604403261,0.45569039485375956,-0.22116715905371487,0
19,-0.33758093604403261,0.45569039485375956,-0.22116715905371487,0
20,0.43143143856894367,0.54812060814965546,0.51256588268117265,1
20,0.43143143856894367,0.54812060814965546,0.51256588268117265,1
20,0.43143143856894367,0.54812060814965546,0.51256588268117265,1
20,0.43143143856894367,0.54812060814965546,0.51256588268117265,1
20,0.43143143856894367,0.54812060814965546,0.51256588268117265,1
20,0.43143143856894367,0.54812060814965546,0.51256588268117265,1
21,0.2149700324352567,1.1841806343232537,0.54921844595967406,1
21,0.2149700324352567,1.1841806343232537,0.54921844595967406,1
21,0.2149700324352567,1.1841806343232537,0.54921844595967406,1
21,0.2149700324352567,1.1841806343232537,0.54921844595967406,1
21,0.2149700324352567,1.1841806343232537,0.54921844595967406,1
21,0.2149700324352567,1.1841806343232537,0.54921844595967406,1
22,1.2193882980829831,-0.16464291672690048,-1.8954922720503866,1
22,1.2193882980829831,-0.16464291672690048,-1.8954922720503866,1
22,1.2193882980829831,-0.16464291672690048,-1.8954922720503866,1
22,1.2193882980829831,-0.16464291672690048,-1.8954922720503866,1
22,1.2193882980829831,-0.16464291672690048,-1.8954922720503866,1
22,1.2193882980829831,-0.16464291672690048,-1.8954922720503866,1
23,-1.6543958869636517,0.9330914083359082,-0.30686639239463825,0
23,-1.6543958869636517,0.9330914083359082,-0.30686639239463825,0
23,-1.6543958869636517,0.9330914083359082,-0.30686639239463825,0
23,-1.6543958869636517,0.9330914083359082,-0.30686639239463825,0
23,-1.6543958869636517,0.9330914083359082,-0.30686639239463825,0
23,-1.6543958869636517,0.9330914083359082,-0.30686639239463825,0
24,-0.34513784738291226,-1.283080373218336,0.31875404021554971,1
24,-0.34513784738291226,-1.283080373218336,0.31875404021554971,1
24,-0.34513784738291226,-1.283080373218336,0.31875404021554971,1
24,-0.34513784738291226,-1.283080373218336,0.31875404021554971,1
24,-0.34513784738291226,-1.283080373218336,0.31875404021554971,1
24,-0.34513784738291226,-1.283080373218336,0.31875404021554971,1
25,0.14593571925055077,0.14357828208707588,-1.4167929108234276,0
25,0.14593571925055077,0.14357828208707588,-1.4167929108234276,0
25,0.14593571925055077,0.14357828208707588,-1.4167929108234276,0
25,0.14593571925055077,0.14357828208707588,-1.4167929108234276,0
25,0.14593571925055077,0.14357828208707588,-1.4167929108234276,0
25,0.14593571925055077,0.14357828208707588,-1.4167929108234276,0
26,-0.56810444411651251,-1.4923521574422478,-0.56230332564044516,1
26,-0.56810444411651251,-1.4923521574422478,-0.56230332564044516,1
26,-0.56810444411651251,-1.4923521574422478,-0.56230332564044516,1
26,-0.56810444411651251,-1.4923521574422478,-0.56230332564044516,1
26,-0.56810444411651251,-1.4923521574422478,-0.56230332564044516,1
26,-0.56810444411651251,-1.4923521574422478,-0.56230332564044516,1
27,0.28836752814868399,1.5076725713153105,-0.29769816454702747,1
27,0.28836752814868399,1.5076725713153105,-0.29769816454702747,1
27,0.28836752814868399,1.5076725713153105,-0.29769816454702747,1
27,0.28836752814868399,1.5076725713153105,-0.29769816454702747,1
27,0.28836752814868399,1.5076725713153105,-0.29769816454702747,1
27,0.28836752814868399,1.5076725713153105,-0.29769816454702747,1
28,-0.34359210803795592,-0.01925675242640032,-0.45438389720804379,1
28,-0.34359210803795592,-0.01925675242640032,-0.45438389720804379,1
28,-0.34359210803795592,-0.01925675242640032,-0.45438389720804379,1
28,-0.34359210803795592,-0.01925675242640032,-0.45438389720804379,1
28,-0.34359210803795592,-0.01925675242640032,-0.45438389720804379,1
28,-0.34359210803795592,-0.01925675242640032,-0.45438389720804379,1
29,0.24394748251951229,0.023904713617977812,-0.18315128143598305,0
29,0.24394748251951229,0.023904713617977812,-0.18315128143598305,0
29,0.24394748251951229,0.023904713617977812,-0.18315128143598305,0
29,0.24394748251951229,0.023904713617977812,-0.18315128143598305,0
29,0.24394748251951229,0.023904713617977812,-0.18315128143598305,0
29,0.24394748251951229,0.023904713617977812,-0.18315128143598305,0
30,0.67368552556339434,-1.3343222713691176,3.0707582205473449,1
30,0.67368552556339434,-1.3343222713691176,3.0707582205473449,1
30,0.67368552556339434,-1.3343222713691176,3.0707582205473449,1
30,0.67368552556339434,-1.3343222713691176,3.0707582205473449,1
30,0.67368552556339434,-1.3343222713691176,3.0707582205473449,1
30,0.67368552556339434,-1.3343222713691176,3.0707582205473449,1
31,0.029395360913627742,-0.042438019063964452,1.8634659734880878,0
31,0.029395360913627742,-0.042438019063964452,1.8634659734880878,0
31,0.029395360913627742,-0.042438019063964452,1.8634659734880878,0
31,0.029395360913627742,-0.042438019063964452,1.8634659734880878,0
31,0.029395360913627742,-0.042438019063964452,1.8634659734880878,0
31,0.029395360913627742,-0.042438019063964452,1.8634659734880878,0
32,0.31140206434813178,0.6833860560302113,1.0447273497403005,0
32,0.31140206434813178,0.6833860560302113,1.0447273497403005,0
32,0.31140206434813178,0.6833860560302113,1.0447273497403005,0
32,0.31140206434813178,0.6833860560302113,1.0447273497403005,0
32,0.31140206434813178,0.6833860560302113,1.0447273497403005,0
32,0.31140206434813178,0.6833860560302113,1.0447273497403005,0
33,-0.93221529212600263,0.66122354817977402,-2.0879502401722694,1
33,-0.93221529212600263,0.66122354817977402,-2.0879502401722694,1
33,-0.93221529212600263,0.66122354817977402,-2.0879502401722694,1
33,-0.93221529212600263,0.66122354817977402,-2.0879502401722694,1
33,-0.93221529212600263,0.66122354817977402,-2.0879502401722694,1
33,-0.93221529212600263,0.66122354817977402,-2.0879502401722694,1
34,1.7000061445761145,-0.35498665710146238,-0.76998593439787022,1
34,1.7000061445761145,-0.35498665710146238,-0.76998593439787022,1
34,1.7000061445761145,-0.35498665710146238,-0.76998593439787022,1
34,1.7000061445761145,-0.35498665710146238,-0.76998593439787022,1
34,1.7000061445761145,-0.35498665710146238,-0.76998593439787022,1
34,1.7000061445761145,-0.35498665710146238,-0.76998593439787022,1
35,-0.25197478953845875,-0.80842938860459079,0.96266526485143411,1
35,-0.25197478953845875,-0.80842938860459079,0.96266526485143411,1
35,-0.25197478953845875,-0.80842938860459079,0.96266526485143411,1
35,-0.25197478953845875,-0.80842938860459079,0.96266526485143411,1
35,-0.25197478953845875,-0.80842938860459079,0.96266526485143411,1
35,-0.25197478953845875,-0.80842938860459079,0.96266526485143411,1
36,0.72652608347870051,2.2645564946335544,-0.4402213108601124,1
36,0.72652608347870051,2.2645564946335544,-0.4402213108601124,1
36,0.72652608347870051,2.2645564946335544,-0.4402213108601124,1
36,0.72652608347870051,2.2645564946335544,-0.4402213108601124,1
36,0.72652608347870051,2.2645564946335544,-0.4402213108601124,1
36,0.72652608347870051,2.2645564946335544,-0.4402213108601124,1
37,-0.054631296881209226,-1.6051182248377844,1.039443855271688,1
37,-0.054631296881209226,-1.6051182248377844,1.039443855271688,1
37,-0.054631296881209226,-1.6051182248377844,1.039443855271688,1
37,-0.054631296881209226,-1.6051182248377844,1.039443855271688,1
37,-0.054631296881209226,-1.6051182248377844,1.039443855271688,1
37,-0.054631296881209226,-1.6051182248377844,1.039443855271688,1
38,0.16971134330270329,2.2498921201787709,-4.1516350778052713,1
38,0.16971134330270329,2.2498921201787709,-4.1516350778052713,1
38,0.16971134330270329,2.2498921201787709,-4.1516350778052713,1
38,0.16971134330270329,2.2498921201787709,-4.1516350778052713,1
38,0.16971134330270329,2.2498921201787709,-4.1516350778052713,1
38,0.16971134330270329,2.2498921201787709,-4.1516350778052713,1
39,-0.60231485226284942,0.26488060469918978,0.38533169264471329,0
39,-0.60231485226284942,0.26488060469918978,0.38533169264471329,0
39,-0.60231485226284942,0.26488060469918978,0.38533169264471329,0
39,-0.60231485226284942,0.26488060469918978,0.38533169264471329,0
39,-0.60231485226284942,0.26488060469918978,0.38533169264471329,0
39,-0.60231485226284942,0.26488060469918978,0.38533169264471329,0
40,0.45074676249443463,-0.7127133553173044,-1.9050716525088747,1
40,0.45074676249443463,-0.7127133553173044,-1.9050716525088747,1
40,0.45074676249443463,-0.7127133553173044,-1.9050716525088747,1
40,0.45074676249443463,-0.7127133553173044,-1.9050716525088747,1
40,0.45074676249443463,-0.7127133553173044,-1.9050716525088747,1
40,0.45074676249443463,-0.7127133553173044,-1.9050716525088747,1
41,-0.10169476408667975,-0.54344814936425623,-0.75097204887557145,0
41,-0.10169476408667975,-0.54344814936425623,-0.75097204887557145,0
41,-0.10169476408667975,-0.54344814936425623,-0.75097204887557145,0
41,-0.10169476408667975,-0.54344814936425623,-0.75097204887557145,0
41,-0.10169476408667975,-0.54344814936425623,-0.75097204887557145,0
41,-0.10169476408667975,-0.54344814936425623,-0.75097204887557145,0
42,-0.054108057415390903,-1.0052777548284835,-2.4270294055028416,1
42,-0.054108057415390903,-1.0052777548284835,-2.4270294055028416,1
42,-0.054108057415390903,-1.0052777548284835,-2.4270294055028416,1
42,-0.054108057415390903,-1.0052777548284835,-2.4270294055028416,1
42,-0.054108057415390903,-1.0052777548284835,-2.4270294055028416,1
42,-0.054108057415390903,-1.0052777548284835,-2.4270294055028416,1
43,-0.76267492387803737,-0.14641167731732035,-0.86421482917389114,0
43,-0.76267492387803737,-0.14641167731732035,-0.86421482917389114,0
43,-0.76267492387803737,-0.14641167731732035,-0.86421482917389114,0
43,-0.76267492387803737,-0.14641167731732035,-0.86421482917389114,0
43,-0.76267492387803737,-0.14641167731732035,-0.86421482917389114,0
43,-0.76267492387803737,-0.14641167731732035,-0.86421482917389114,0
44,1.7572624387319407,0.37985261727017794,-0.82785247175298715,0
44,1.7572624387319407,0.37985261727017794,-0.82785247175298715,0
44,1.7572624387319407,0.37985261727017794,-0.82785247175298715,0
44,1.7572624387319407,0.37985261727017794,-0.82785247175298715,0
44,1.7572624387319407,0.37985261727017794,-0.82785247175298715,0
44,1.7572624387319407,0.37985261727017794,-0.82785247175298715,0
45,-0.021288135426993864,0.90812083964450863,-0.90948255012543644,0
45,-0.021288135426993864,0.90812083964450863,-0.90948255012543644,0
45,-0.021288135426993864,0.90812083964450863,-0.90948255012543644,0
45,-0.021288135426993864,0.90812083964450863,-0.90948255012543644,0
45,-0.021288135426993864,0.90812083964450863,-0.90948255012543644,0
45,-0.021288135426993864,0.90812083964450863,-0.90948255012543644,0
46,0.43851682555162214,-0.80041055585520438,-0.45657013428237031,0
46,0.43851682555162214,-0.80041055585520438,-0.45657013428237031,0
46,0.43851682555162214,-0.80041055585520438,-0.45657013428237031,0
46,0.43851682555162214,-0.80041055585520438,-0.45657013428237031,0
46,0.43851682555162214,-0.80041055585520438,-0.45657013428237031,0
46,0.43851682555162214,-0.80041055585520438,-0.45657013428237031,0
47,0.12481539468584245,-0.86935833638759707,-0.94616078997694952,1
47,0.12481539468584245,-0.86935833638759707,-0.94616078997694952,1
47,0.12481539468584245,-0.86935833638759707,-0.94616078997694952,1
47,0.12481539468584245,-0.86935833638759707,-0.94616078997694952,1
47,0.12481539468584245,-0.86935833638759707,-0.94616078997694952,1
47,0.12481539468584245,-0.86935833638759707,-0.94616078997694952,1
48,0.18313549792796854,0.073835846431705543,-0.20190187342384322,0
48,0.18313549792796854,0.073835846431705543,-0.20190187342384322,0
48,0.18313549792796854,0.073835846431705543,-0.20190187342384322,0
48,0.18313549792796854,0.073835846431705543,-0.20190187342384322,0
48,0.18313549792796854,0.073835846431705543,-0.20190187342384322,0
48,0.18313549792796854,0.073835846431705543,-0.20190187342384322,0
49,0.95798704942165214,-0.080215270714769027,0.45323162010315182,1
49,0.95798704942165214,-0.080215270714769027,0.45323162010315182,1
49,0.95798704942165214,-0.080215270714769027,0.45323162010315182,1
49,0.95798704942165214,-0.080215270714769027,0.45323162010315182,1
49,0.95798704942165214,-0.080215270714769027,0.45323162010315182,1
49,0.95798704942165214,-0.080215270714769027,0.45323162010315182,1
50,-0.14045559673059832,-0.15358434198168586,-0.56031673071534072,1
50,-0.14045559673059832,-0.15358434198168586,-0.56031673071534072,1
50,-0.14045559673059832,-0.15358434198168586,-0.56031673071534072,1
50,-0.14045559673059832,-0.15358434198168586,-0.56031673071534072,1
50,-0.14045559673059832,-0.15358434198168586,-0.56031673071534072,1
50,-0.14045559673059832,-0.15358434198168586,-0.56031673071534072,1
51,0.71799679049170884,-0.56361607362230359,0.38958887724404834,1
51,0.71799679049170884,-0.56361607362230359,0.38958887724404834,1
51,0.71799679049170884,-0.56361607362230359,0.38958887724404834,1
51,0.71799679049170884,-0.56361607362230359,0.38958887724404834,1
51,0.71799679049170884,-0.56361607362230359,0.38958887724404834,1
51,0.71799679049170884,-0.56361607362230359,0.38958887724404834,1
52,-2.1856489240875865,0.55391939835799642,-1.3008419776509228,0
52,-2.1856489240875865,0.55391939835799642,-1.3008419776509228,0
52,-2.1856489240875865,0.55391939835799642,-1.3008419776509228,0
52,-2.1856489240875865,0.55391939835799642,-1.3008419776509228,0
52,-2.1856489240875865,0.55391939835799642,-1.3008419776509228,0
52,-2.1856489240875865,0.55391939835799642,-1.3008419776509228,0
53,0.74161964769416655,-0.84130240816543134,0.064910048405878065,1
53,0.74161964769416655,-0.84130240816543134,0.064910048405878065,1
53,0.74161964769416655,-0.84130240816543134,0.064910048405878065,1
53,0.74161964769416655,-0.84130240816543134,0.064910048405878065,1
53,0.74161964769416655,-0.84130240816543134,0.064910048405878065,1
53,0.74161964769416655,-0.84130240816543134,0.064910048405878065,1
54,1.0610087750871542,1.7007483008956956,0.099531885312015109,0
54,1.0610087750871542,1.7007483008956956,0.099531885312015109,0
54,1.0610087750871542,1.7007483008956956,0.099531885312015109,0
54,1.0610087750871542,1.7007483008956956,0.099531885312015109,0
54,1.0610087750871542,1.7007483008956956,0.099531885312015109,0
54,1.0610087750871542,1.7007483008956956,0.099531885312015109,0
55,1.135148002874131,-1.5638586086269968,-1.2625414054528723,1
55,1.135148002874131,-1.5638586086269968,-1.2625414054528723,1
55,1.135148002874131,-1.5638586086269968,-1.2625414054528723,1
55,1.135148002874131,-1.5638586086269968,-1.2625414054528723,1
55,1.135148002874131,-1.5638586086269968,-1.2625414054528723,1
55,1.135148002874131,-1.5638586086269968,-1.2625414054528723,1
56,-1.6978914273660601,-0.58235274997769404,-1.6453561007814974,0
56,-1.6978914273660601,-0.58235274997769404,-1.6453561007814974,0
56,-1.6978914273660601,-0.58235274997769404,-1.6453561007814974,0
56,-1.6978914273660601,-0.58235274997769404,-1.6453561007814974,0
56,-1.6978914273660601,-0.58235274997769404,-1.6453561007814974,0
56,-1.6978914273660601,-0.58235274997769404,-1.6453561007814974,0
57,-1.6384531527196136,-0.41045469156755704,1.3666006027129733,0
57,-1.6384531527196136,-0.41045469156755704,1.3666006027129733,0
57,-1.6384531527196136,-0.41045469156755704,1.3666006027129733,0
57,-1.6384531527196136,-0.41045469156755704,1.3666006027129733,0
57,-1.6384531527196136,-0.41045469156755704,1.3666006027129733,0
57,-1.6384531527196136,-0.41045469156755704,1.3666006027129733,0
58,-0.089679707584300841,-1.198868997360991,0.22804660232428453,1
58,-0.089679707584300841,-1.198868997360991,0.22804660232428453,1
58,-0.089679707584300841,-1.198868997360991,0.22804660232428453,1
58,-0.089679707584300841,-1.198868997360991,0.22804660232428453,1
58,-0.089679707584300841,-1.198868997360991,0.22804660232428453,1
58,-0.089679707584300841,-1.198868997360991,0.22804660232428453,1
59,-1.4908256916937499,1.3026451096654412,0.78130358496914287,1
59,-1.4908256916937499,1.3026451096654412,0.78130358496914287,1
59,-1.4908256916937499,1.3026451096654412,0.78130358496914287,1
59,-1.4908256916937499,1.3026451096654412,0.78130358496914287,1
59,-1.4908256916937499,1.3026451096654412,0.78130358496914287,1
59,-1.4908256916937499,1.3026451096654412,0.78130358496914287,1
