id,x1,x2,generated_group
scale-0,-1.7352139882,0.9316427722,0
scale-1,-0.9964262356,-0.6486638868,0
scale-2,-2.0907394332,-0.1297870167,0
scale-3,-2.3538669604,-1.5338256883,0
scale-4,-2.2281613091,0.4275501096,0
scale-5,-1.9365699609,-1.0353108508,0
scale-6,-2.2396401901,-0.5626481531,0
scale-7,-1.9449151497,0.1510658833,0
scale-8,-2.0557160030,1.0192700208,0
scale-9,-1.8650451573,-0.4286183626,0
scale-10,-2.4297591333,-0.1470423431,0
scale-11,-2.5301096899,2.1261864835,0
scale-12,-1.8465353829,0.3207341666,0
scale-13,-1.6931916173,-0.5859590652,0
scale-14,-2.0396906823,-0.2097554449,0
scale-15,-1.5750462292,0.4723600727,0
scale-16,-1.6722652263,0.2290795530,0
scale-17,-2.0232435625,-0.9501393365,0
scale-18,-2.4114448738,-0.1346849170,0
scale-19,-1.5319670792,-0.7379721548,0
scale-20,-1.6003788822,0.3618305164,0
scale-21,-1.9496356985,-2.1792036541,0
scale-22,-1.9797268717,2.0192523678,0
scale-23,-1.2976746769,1.2922287862,0
scale-24,-2.1965382290,0.7598767499,0
scale-25,-2.2501801144,-1.5494493885,0
scale-26,-1.8828688217,-0.8561246718,0
scale-27,-2.0722443781,-0.7053447419,0
scale-28,-2.7670798940,0.7274265476,0
scale-29,-2.1243925648,-0.2957745939,0
scale-30,-1.9587382376,0.6313410680,0
scale-31,-1.9519322222,1.0816075117,0
scale-32,-1.8855848545,0.4512540665,0
scale-33,-1.6652893902,-2.3406505266,0
scale-34,-2.1300937233,1.6862983931,0
scale-35,-2.1030249532,-0.0439423289,0
scale-36,-2.3526071051,1.4392627417,0
scale-37,-2.4480867095,0.0344309967,0
scale-38,-1.6815749775,-0.8488673633,0
scale-39,-1.9445471892,-0.4886211360,0
scale-40,-1.9574692099,-0.0695270878,0
scale-41,-2.1302149627,0.3595315045,0
scale-42,-1.5844482806,-1.5705861532,0
scale-43,-2.1411059390,1.8699896120,0
scale-44,-2.2750793860,-1.1042059127,0
scale-45,-1.9824992469,-1.7488085230,0
scale-46,-1.6147964033,0.0009224711,0
scale-47,-2.6267548544,-0.4883657788,0
scale-48,-1.7030248996,-1.9456436954,0
scale-49,-2.0320488645,-0.2811288687,0
scale-50,-1.8568716704,0.4130555367,0
scale-51,-2.4838433797,-1.7421200870,0
scale-52,-1.9429910271,-0.4174877117,0
scale-53,-1.8525639908,-1.3728375520,0
scale-54,-2.2497204388,1.5332365234,0
scale-55,-2.0576088450,0.4937840044,0
scale-56,-2.3693368879,1.6928608009,0
scale-57,-1.1321484291,0.6018772581,0
scale-58,-1.5559132138,0.7515503738,0
scale-59,-2.0773178661,0.5606309919,0
scale-60,-1.9034912861,-1.4279185314,0
scale-61,-1.5776077260,-0.0811444996,0
scale-62,-2.9995607787,0.5247814012,0
scale-63,-2.0386014885,-1.1177486966,0
scale-64,-2.0350641865,-0.7994553922,0
scale-65,-1.7767183342,-0.6656148390,0
scale-66,-1.5248613576,0.5768940741,0
scale-67,-1.5988415744,2.0914147609,0
scale-68,-2.6741962756,0.4412719387,0
scale-69,-2.6111386201,-0.1905112580,0
scale-70,-1.4345242342,1.8650436644,0
scale-71,-2.2496239635,-0.0874726290,0
scale-72,-2.0862725506,-0.8576657362,0
scale-73,-1.5379078793,-1.1677478468,0
scale-74,-1.5382911219,0.6177131285,0
scale-75,-2.3105571267,-2.1235188498,0
scale-76,-2.0019366237,-1.2203514459,0
scale-77,-1.8260493091,0.8782094471,0
scale-78,-1.8603406966,0.3547619811,0
scale-79,-1.8962657421,0.9900113098,0
scale-80,-2.2071986894,0.3419701593,0
scale-81,-2.3965203787,0.6542520888,0
scale-82,-2.3072447350,0.8245593377,0
scale-83,-1.1285860578,2.0851190407,0
scale-84,-1.5305850667,-0.8173382780,0
scale-85,-2.1070018567,0.5082804659,0
scale-86,-2.1090522087,-0.7034563565,0
scale-87,-1.6296095570,-0.4460084932,0
scale-88,-2.2696114751,1.4982044653,0
scale-89,-2.3006413542,1.3788183667,0
scale-90,-1.8568547925,0.8693118593,0
scale-91,-1.9568267980,-1.0147290964,0
scale-92,-2.1616002549,1.5520614035,0
scale-93,-1.7447756048,0.2712808493,0
scale-94,-1.8918345150,-0.8578354765,0
scale-95,-2.3054300074,-1.4472472837,0
scale-96,-1.8900801859,0.8527315983,0
scale-97,-2.0668302520,-0.7634107033,0
scale-98,-1.4532109996,-1.1279680199,0
scale-99,-2.4619311340,1.2621994262,0
scale-100,-1.3626461658,0.2798149168,0
scale-101,-1.8437185099,0.4329250735,0
scale-102,-2.1628998256,-1.8057218386,0
scale-103,-1.8532094998,0.3169908297,0
scale-104,-2.0124510644,0.8245909780,0
scale-105,-1.8851149596,-0.3026100487,0
scale-106,-2.0405900176,-0.6752155340,0
scale-107,-1.7921265782,0.6645959707,0
scale-108,-1.7009605942,-0.6577524374,0
scale-109,-1.9504344442,-0.0523154628,0
scale-110,-1.8854118535,1.6848678556,0
scale-111,-1.9571186931,-1.2196639737,0
scale-112,-1.6279739682,-0.5761018265,0
scale-113,-2.4224417794,0.5946511913,0
scale-114,-2.0612420449,-0.2705746918,0
scale-115,-1.8573927133,-0.0714337440,0
scale-116,-1.6358870358,-0.5506676545,0
scale-117,-2.4009188974,-0.4683972141,0
scale-118,-1.7457779062,0.7508390184,0
scale-119,-2.6625064733,-2.6206557336,0
scale-120,1.7308268648,0.2262963468,1
scale-121,2.1259737885,-0.7057103260,1
scale-122,2.8343065468,1.0266928144,1
scale-123,1.7447363052,0.0128195002,1
scale-124,2.0499709571,-0.1033972380,1
scale-125,1.8060235511,-0.2293264176,1
scale-126,1.6636545814,0.4823989854,1
scale-127,2.0456552173,-0.2744338030,1
scale-128,1.9532622106,-0.1912618592,1
scale-129,1.7603129014,-1.2328626648,1
scale-130,1.9561511804,-1.5483418770,1
scale-131,2.1291199376,-1.2306835126,1
scale-132,1.8867828844,-0.2759290101,1
scale-133,2.4501974326,0.6981684846,1
scale-134,1.9329174129,1.2366424629,1
scale-135,2.1304731478,1.6558800474,1
scale-136,1.7114982832,1.0620845026,1
scale-137,2.4345002881,0.4488725086,1
scale-138,2.5716923210,-0.0805458536,1
scale-139,2.1260847494,1.3634896079,1
scale-140,2.0664822622,-0.4485316075,1
scale-141,2.0028136851,-0.3724554341,1
scale-142,1.9371811081,0.7014738952,1
scale-143,1.8099502524,0.5929868387,1
scale-144,2.1152215631,1.1267655044,1
scale-145,2.4772995605,-0.5815713702,1
scale-146,2.1628093877,-1.2117310465,1
scale-147,2.1132091112,0.9086868572,1
scale-148,2.4271765962,-1.8871859969,1
scale-149,1.8702493628,0.2226689229,1
scale-150,1.5423413824,0.6124088561,1
scale-151,1.7429522948,-0.1123171694,1
scale-152,2.1282125445,-0.2170318043,1
scale-153,2.0350471378,0.4893162565,1
scale-154,2.1616101369,-1.9952589585,1
scale-155,2.2879609677,-0.1419342124,1
scale-156,1.8623718501,-0.7202029441,1
scale-157,1.4502907438,0.1603027233,1
scale-158,2.1823526885,0.3229421551,1
scale-159,2.3861654630,-0.5807879820,1
scale-160,1.7795228163,1.3772898355,1
scale-161,2.7112904404,-0.1247541895,1
scale-162,2.0685864689,0.9685980935,1
scale-163,2.2446151253,1.1822852099,1
scale-164,2.6244295178,-0.3119793688,1
scale-165,2.1635462165,0.7779273354,1
scale-166,2.2188283858,0.6860611950,1
scale-167,1.9378943901,-0.4653158172,1
scale-168,1.8691006751,0.2318253087,1
scale-169,1.2380131157,0.3772941354,1
scale-170,2.3837175254,-0.1700626712,1
scale-171,2.0349186906,2.0373763847,1
scale-172,2.0666608006,-0.5473740025,1
scale-173,1.7763819643,-0.3053020413,1
scale-174,2.4202964700,-0.8877589672,1
scale-175,2.1872989431,-0.3956787046,1
scale-176,2.2571750206,0.4185244262,1
scale-177,1.5107424370,1.4759638339,1
scale-178,2.1170674887,0.1817895456,1
scale-179,2.2435298161,-0.1478431998,1
scale-180,2.2191621847,-1.0558256383,1
scale-181,1.7766601677,-0.5983697164,1
scale-182,1.9277567126,-1.2313308244,1
scale-183,1.6124769061,-1.3806450593,1
scale-184,1.3715740206,-0.2728476076,1
scale-185,2.1750198355,-1.1159737791,1
scale-186,2.4964385567,0.3650046878,1
scale-187,2.3732311426,0.3038938753,1
scale-188,2.5442777167,-1.8110730437,1
scale-189,1.9899342527,1.6541895567,1
scale-190,1.8150367451,0.0024646314,1
scale-191,2.4102140787,0.9703220327,1
scale-192,2.5127267147,0.5293157274,1
scale-193,2.0679039462,1.1968570752,1
scale-194,2.1504219412,0.2483893199,1
scale-195,2.2118260822,-0.6678980293,1
scale-196,1.8160900618,0.5966774512,1
scale-197,2.3493834377,-0.3759016535,1
scale-198,2.0274980825,-0.2611302994,1
scale-199,1.8365745828,-1.4368004277,1
scale-200,2.1142417690,-0.1750031307,1
scale-201,1.9951288048,1.1547463266,1
scale-202,1.9763019496,-2.3601002836,1
scale-203,1.8161841171,0.3618455278,1
scale-204,1.7553914912,0.9088765542,1
scale-205,2.0087420072,-1.1666193727,1
scale-206,1.8457587297,-0.2407849698,1
scale-207,1.8766221156,-1.5687470009,1
scale-208,1.9246978180,-0.0919201396,1
scale-209,1.3965840048,-1.0983543253,1
scale-210,2.0329260343,1.0694292157,1
scale-211,2.2015713949,0.8810570815,1
scale-212,2.0661543063,0.4113459193,1
scale-213,1.9189718461,-0.3547556416,1
scale-214,2.5192755379,-0.9235760434,1
scale-215,2.2454175406,-0.1131726702,1
scale-216,2.5212784986,-1.3248868216,1
scale-217,2.2299487950,1.8834036067,1
scale-218,1.9859451942,-0.0950146508,1
scale-219,1.6689552415,-1.3229780702,1
scale-220,1.9609833312,-0.8883630299,1
scale-221,1.8946491281,-1.0571625495,1
scale-222,2.1894502902,-0.3412908905,1
scale-223,1.9283440024,1.8565655878,1
scale-224,2.6082599109,-2.0201436291,1
scale-225,1.6307882751,0.6409487235,1
scale-226,2.2179618988,1.1074341098,1
scale-227,1.8481226794,-0.6372182330,1
scale-228,1.3009791350,-0.5757112099,1
scale-229,1.8704108973,0.0764834308,1
scale-230,1.7860023791,1.0208732463,1
scale-231,1.8254945845,-0.3916816422,1
scale-232,2.1649526035,-0.7840998418,1
scale-233,1.9226022101,-0.6942126403,1
scale-234,1.1968443288,-1.8374964996,1
scale-235,2.1837686481,1.1085082734,1
scale-236,1.8715517696,0.2357512204,1
scale-237,1.8961643877,-0.2097866477,1
scale-238,1.7670084028,-0.8857236822,1
scale-239,2.2808536632,1.2451144768,1
