raw_row_id,event_id,house_id,building_id,listed_at,area_sqm,area_available_at,list_price_wan,list_price_available_at,sale_at,sale_recorded_at,sale_price_wan,fee_wan,fee_available_at,views_30d,views_available_at,observed_through
R01,E01,H01,B01,2025-01-01,50,2024-12-31,120,2025-01-01,2025-01-10,2025-01-11,110,1.1,2025-01-12,80,2025-01-31,2025-01-31
R02,E01,H01,B01,2025-01-01,50,2024-12-31,120,2025-01-01,2025-01-10,2025-01-11,110,1.1,2025-01-12,80,2025-01-31,2025-01-31
R03,E02,H02,B01,2025-01-02,60,2025-01-01,140,2025-01-02,2025-01-20,2025-01-21,130,1.3,2025-01-22,75,2025-02-01,2025-02-01
R04,E03,H03,B02,2025-01-03,80,2025-01-02,180,2025-01-03,,,,,,35,2025-02-02,2025-02-02
R05,E04,H04,B02,2025-01-04,90,2025-01-03,210,2025-01-04,2025-02-10,2025-02-11,190,1.9,2025-02-12,42,2025-02-03,2025-02-03
R06,E05,H05,B03,2025-01-05,70,2025-01-04,170,2025-01-05,2025-01-25,2025-01-26,150,1.5,2025-01-27,90,2025-02-04,2025-02-04
R07,E06,H06,B03,2025-01-06,55,2025-01-07,135,2025-01-06,,,,,,20,2025-02-05,2025-02-05
R08,E07,H01,B01,2025-04-01,50,2025-03-31,130,2025-04-01,2025-04-15,2025-04-16,120,1.2,2025-04-17,70,2025-05-01,2025-04-20
R09,E08,H07,B04,2025-04-02,75,2025-04-01,180,2025-04-02,,,,,,65,2025-05-02,2025-04-20
R10,E09,H08,B04,2025-04-03,85,2025-04-02,200,2025-04-03,2025-04-10,2025-04-22,180,1.8,2025-04-23,78,2025-05-03,2025-04-09
R11,E10,H09,B05,2025-03-10,65,2025-03-09,155,2025-03-10,2025-04-09,2025-04-10,145,1.45,2025-04-11,62,2025-04-09,2025-04-09
