threshold,TP,FP,FN,TN,precision,precision_defined,recall,fpr,specificity,f1,accuracy
inf,0.0,0.0,3.0,9.0,0.0,False,0.0,0.0,1.0,0.0,0.75
0.95,1.0,0.0,2.0,9.0,1.0,True,0.3333333333333333,0.0,1.0,0.5,0.8333333333333334
0.9,1.0,1.0,2.0,8.0,0.5,True,0.3333333333333333,0.1111111111111111,0.8888888888888888,0.4,0.75
0.8,2.0,2.0,1.0,7.0,0.5,True,0.6666666666666666,0.2222222222222222,0.7777777777777778,0.5714285714285714,0.75
0.7,2.0,3.0,1.0,6.0,0.4,True,0.6666666666666666,0.3333333333333333,0.6666666666666666,0.5,0.6666666666666666
0.6,2.0,4.0,1.0,5.0,0.3333333333333333,True,0.6666666666666666,0.4444444444444444,0.5555555555555556,0.4444444444444444,0.5833333333333334
0.55,3.0,4.0,0.0,5.0,0.42857142857142855,True,1.0,0.4444444444444444,0.5555555555555556,0.6,0.6666666666666666
0.5,3.0,5.0,0.0,4.0,0.375,True,1.0,0.5555555555555556,0.4444444444444444,0.5454545454545454,0.5833333333333334
0.4,3.0,6.0,0.0,3.0,0.3333333333333333,True,1.0,0.6666666666666666,0.3333333333333333,0.5,0.5
0.3,3.0,7.0,0.0,2.0,0.3,True,1.0,0.7777777777777778,0.2222222222222222,0.46153846153846156,0.4166666666666667
0.2,3.0,8.0,0.0,1.0,0.2727272727272727,True,1.0,0.8888888888888888,0.1111111111111111,0.42857142857142855,0.3333333333333333
0.1,3.0,9.0,0.0,0.0,0.25,True,1.0,1.0,0.0,0.4,0.25
