id,x0,x1,source,outcome
development-000,-0.836191940088,2.555762465964,1,-4.661701269824
development-001,2.451120381332,-1.524233027390,2,7.374955027596
development-002,3.344744164223,-0.104006479943,2,5.812277199811
development-003,4.095622904795,-0.258865366481,2,9.558553502484
development-004,-0.064898549948,3.092312285992,1,-2.761101584646
development-005,4.155433546802,0.996874493437,2,8.666964964861
development-006,-2.187507452537,0.444761262565,0,-4.035419039926
development-007,0.654652156503,4.271026256764,1,-2.511750342079
development-008,-3.518808803873,0.008307254514,0,-6.607024363389
development-009,1.470743806064,3.493666813893,1,-0.661296955577
development-010,-3.753790163085,0.279452493208,0,-8.170790439361
development-011,2.657963568254,-0.457624824326,2,5.463036457057
development-012,-3.084521573518,0.843961043901,0,-6.227414675210
development-013,-2.705942691391,-0.624443542543,0,-5.185233738107
development-014,0.440522194742,3.848151933984,1,-3.075723125782
development-015,-0.175212279300,1.562344982274,1,-2.347263293293
development-016,-0.047374584351,3.606324517089,1,-3.610125326811
development-017,-0.379499606456,3.248772085928,1,-3.431864460042
development-018,3.479088445723,-0.173659147511,2,7.057554051988
development-019,-3.288802926300,-0.217612355116,0,-6.870132972632
development-020,-3.819585908028,0.721569236085,0,-9.003959582694
development-021,3.695611670244,-0.589332616439,2,8.233630825816
development-022,-2.583020650255,-0.013345509794,0,-5.569017089266
development-023,0.482097669032,3.792941573161,1,-3.346219310565
development-024,-1.964073507686,-0.291160145462,0,-3.405002510097
development-025,0.357025952735,2.757013928691,1,-2.612487430657
development-026,0.957115045174,3.130134168964,1,-1.487114200014
development-027,0.000058259930,2.915783475909,1,-2.705330825662
development-028,-1.331144755237,2.606953646186,1,-5.526060551184
development-029,-0.344135916770,2.491691396900,1,-3.260165053332
development-030,-1.237395443313,-0.515935245917,0,-2.488543888371
development-031,-2.913785081711,0.700146844621,0,-6.827093959029
development-032,0.858454768577,2.340835240853,1,-1.134145784639
development-033,3.160386706674,0.744777302651,2,5.226421368073
development-034,-4.881336026071,-0.088604647011,0,-9.243968193462
development-035,-3.398848371975,0.435716997571,0,-7.412559401987
development-036,3.544551430813,-0.556022504480,2,7.295296639215
development-037,-3.577929672965,0.718926369642,0,-6.469788646359
development-038,-0.742523564551,1.924077702358,1,-4.175280373738
development-039,3.365752746672,0.004360395601,2,7.364884099750
development-040,-3.604709094936,-0.541182611612,0,-5.763051677029
development-041,3.135341414420,0.323888559215,2,5.741240592059
development-042,-2.917552509302,0.141863455848,0,-5.537879808328
development-043,3.419492513720,0.462430816956,2,6.535464728688
development-044,3.869750609352,0.577936650659,2,6.870200677203
development-045,3.152894268250,0.012241597175,2,6.561268785957
development-046,3.197108297153,0.312860960709,2,5.320386113427
development-047,2.740675148338,-0.728708804847,2,6.825997025029
development-048,3.218450853925,-1.221876276864,2,7.967423546371
development-049,0.502829097066,3.155324101699,1,-1.791726258923
development-050,0.593446871378,3.338042308852,1,-1.859171609842
development-051,2.091387897847,-0.198541853915,2,4.858567848153
development-052,-3.644526516692,-0.211943621079,0,-7.447173907554
development-053,-3.336457134244,0.975443187459,0,-6.833399729489
development-054,-2.771277327622,0.283331997686,0,-5.769505512870
development-055,-2.736562604144,-0.567454487799,0,-4.991404987824
development-056,0.731730106001,3.418599918429,1,-2.651407023032
development-057,1.563465407655,0.805723046180,2,2.730171453319
development-058,2.671681935354,-0.361000373348,2,5.268917120877
development-059,2.145252437198,0.962064716928,2,2.679381197102
development-060,-3.160569117649,-0.243774788263,0,-5.777488990679
development-061,-2.603906205433,0.565748462737,0,-5.895743651842
development-062,0.662147635909,3.990527796800,1,-2.537713465876
development-063,-0.013385809390,2.253600269209,1,-2.440702251448
development-064,-0.472291660646,1.760167673589,1,-2.569105274396
development-065,2.391558962442,0.228584257583,2,5.224302078621
development-066,-2.399617159805,-0.133513731778,0,-3.897607850914
development-067,-3.847331228135,-0.587437979529,0,-7.166771851167
development-068,-3.163771731640,-0.636015578558,0,-5.261758688305
development-069,-2.718252546354,-1.308501139588,0,-4.686216126868
development-070,2.512074694315,0.343155145227,2,4.133351219056
development-071,2.616214523076,-0.645273985019,2,6.671847570873
development-072,-3.184968666671,-0.132445168482,0,-6.088321214101
development-073,-2.943666963489,-1.584001915907,0,-4.586064063225
development-074,0.720334578900,2.571300266966,1,-1.595431392532
development-075,-3.055748885916,0.210023839693,0,-5.727710383900
development-076,-2.611273354206,-0.423226650358,0,-4.274475041135
development-077,0.270632485863,3.401416391695,1,-2.907642442121
development-078,-2.346465066721,0.076570326785,0,-4.356860032291
development-079,-1.946859400042,-0.754402656671,0,-2.954335474087
development-080,-2.463873301921,-0.088722487813,0,-4.127671252063
development-081,2.671255842295,0.098529617480,2,4.937964330575
development-082,0.294115885351,4.195132987483,1,-3.075054139307
development-083,-2.036354955266,0.886204487403,0,-4.928029976841
development-084,-0.165266826306,3.370547372369,1,-3.828077834960
development-085,3.489712719164,-0.335539676452,2,6.666870090667
development-086,0.930993679017,2.849067065662,1,-1.241820699107
development-087,0.092428683070,2.856627723365,1,-2.614602755648
development-088,2.555208614253,-0.581822616779,2,5.384586912165
development-089,-4.262456274079,-0.950642092596,0,-7.731317696953
development-090,3.001620805035,0.964517067478,2,4.813251889330
development-091,3.538335345116,-0.078633532786,2,7.624490514497
development-092,0.143210512263,3.153143505781,1,-2.738540554723
development-093,-0.344238612573,1.953796381547,1,-2.697454214915
development-094,-3.051553254499,0.060202120482,0,-6.810589857612
development-095,-2.853052619094,-0.572635334755,0,-4.775764203697
development-096,3.387512725623,0.293049730250,2,7.244748908131
development-097,1.689394365925,-0.595820240768,2,4.637115253150
development-098,0.122329769668,2.416240807107,1,-2.124055350931
development-099,2.372712152368,0.041613064178,2,4.489463782227
development-100,-0.219349317184,3.026088987093,1,-3.565109183294
development-101,-0.375091720285,3.422638004142,1,-4.955895456273
development-102,3.411602371124,1.080348217117,2,5.751978173463
development-103,2.438281591833,0.038105989254,2,4.670294488908
development-104,0.138092421339,3.295556736041,1,-1.977078286093
development-105,-0.255616207131,2.639780042322,1,-2.634559349314
development-106,-0.632890718306,3.724133008190,1,-4.169426090992
development-107,-3.900382360802,0.607423104611,0,-9.054568189773
development-108,-0.284791977298,2.294120676283,1,-3.262540533193
development-109,-4.176159339026,-0.831816779345,0,-7.736356217980
development-110,0.660973893767,2.991223218388,1,-1.862923109920
development-111,0.456188462703,3.604020288830,1,-3.029913969900
development-112,2.400043575999,0.187860487989,2,4.031387796301
development-113,-3.316916732792,-1.373193988663,0,-4.962604430915
development-114,3.163630456536,1.691060087587,2,3.997373750201
development-115,2.794001417579,-2.167483355192,2,7.551295315385
development-116,-2.473360064805,-0.160937298477,0,-5.018368119895
development-117,1.224710993226,3.108161453132,1,-0.755113035927
development-118,1.733732054027,2.731164101868,1,1.690227782319
development-119,1.867544765028,0.033274007050,2,4.210280845006
development-120,2.937006045680,-1.456674627102,2,7.703860459478
development-121,4.016207930004,0.051396084245,2,7.646130570954
development-122,-3.471478687514,0.791189649502,0,-8.460421794052
development-123,2.722694628461,-0.546629300704,2,5.430636662807
development-124,-2.453602855757,-0.733521197781,0,-3.603244685653
development-125,-0.686964637356,3.784552626533,1,-4.743261408000
development-126,-3.683240756496,-0.957403080552,0,-5.893822293071
development-127,-2.083933389527,-1.456683138757,0,-3.208698977284
development-128,2.966720147892,-0.330776524116,2,5.816095236537
development-129,0.356702138718,2.960105501718,1,-3.007007739792
development-130,4.307741670756,0.208691677566,2,7.667396105926
development-131,0.046361854760,3.031228751948,1,-2.154510070052
development-132,-2.000132352147,-0.129972982987,0,-5.212040926145
development-133,-1.791868484966,0.015309938496,0,-4.133307996392
development-134,-2.263710793951,-0.803849713309,0,-4.671087302187
development-135,3.032170900816,0.350242589572,2,5.724446280343
development-136,-3.358587760533,-0.376880424947,0,-6.723470351220
development-137,-2.829268901486,0.294361507775,0,-5.951067991849
development-138,4.255418267056,0.357972183641,2,8.724558707484
development-139,-2.391188884402,-0.990745148089,0,-4.680305529216
development-140,3.019392557013,0.945145279278,2,5.973519341232
development-141,3.326991259169,-0.410810785326,2,6.699830207013
development-142,-1.908805468370,0.376476224942,0,-3.604777661656
development-143,0.460633232916,2.229850226385,1,-0.373601273839
development-144,2.873128516684,-0.225376921652,2,6.343860874106
development-145,0.644835490340,4.366454298335,1,-3.431806663393
development-146,-0.713103765561,3.338560330348,1,-4.970938110224
development-147,0.134896051145,3.733570791511,1,-2.801335553071
development-148,-0.497871747331,3.281650548937,1,-4.498661193673
development-149,-2.390554334297,-1.036714815950,0,-3.005609954750
development-150,-3.639175461605,-0.457440926037,0,-7.109277573630
development-151,0.206508843608,3.294291699830,1,-3.694111667324
development-152,-2.728671204255,-0.435242847768,0,-5.971451430486
development-153,2.902883466564,-0.018674083961,2,5.088216207230
development-154,2.812496938282,-0.302923384385,2,6.129863017615
development-155,3.748609548257,0.885096315645,2,6.150350625422
development-156,-1.549772537068,0.333854171462,0,-2.709689006111
development-157,1.508490600929,0.037735458688,2,3.309911224273
development-158,0.699390112263,2.635674900186,1,-1.559095560070
development-159,-2.638438917624,-0.336953706227,0,-5.108110611868
development-160,-0.998075667100,2.403400510869,1,-3.612615366270
development-161,1.261753719900,3.104796318599,1,-0.321554404943
development-162,-2.992260914942,-0.464345551034,0,-5.338458032868
development-163,3.682228599732,-0.246348852127,2,7.799788239641
development-164,1.194930999816,3.539867761725,1,-0.971722553867
development-165,0.452909730509,3.036345829047,1,-2.061858582483
development-166,-2.510796670962,0.646947212907,0,-5.410347100805
development-167,-0.242021720075,2.496567952126,1,-2.709917453145
development-168,0.514681690243,2.775039689373,1,-1.409891719897
development-169,3.556706898495,0.719393235528,2,6.765774051999
development-170,0.624475612120,3.312439909818,1,-1.747452485638
development-171,0.310503276457,3.964207625393,1,-3.694142644886
development-172,0.738127450449,1.640715813234,1,-0.593054543597
development-173,3.676524669646,0.860303321076,2,6.682542148769
development-174,-1.407383685231,-0.689812510414,0,-1.607604885250
development-175,0.469598606099,2.767714151382,1,-1.016680302797
development-176,-2.022435540790,0.832164040047,0,-4.989332752833
development-177,0.249003247982,3.880037516891,1,-3.556746490119
development-178,-0.204089025796,2.752522969160,1,-2.373474311548
development-179,0.902457172565,1.714765875421,1,0.790560736580
development-180,-3.471467262046,-0.394877876329,0,-5.521369017845
development-181,3.276477807490,0.093700863820,2,7.351606025120
development-182,-0.412068200881,3.061493855540,1,-4.153314534070
development-183,3.033736481910,0.307502083111,2,5.802975124305
development-184,-0.873183483011,3.740041615460,1,-5.228062163361
development-185,-3.408441742171,-0.223032430490,0,-6.470276400371
development-186,-0.580383055283,4.191904407157,1,-4.610737883293
development-187,0.878179192036,3.041097912337,1,-1.414926995689
development-188,-3.705815917301,0.476320746587,0,-8.315713280133
development-189,3.174493468256,-0.275253938641,2,6.263740935368
development-190,0.124607314509,3.137732827514,1,-3.977795758617
development-191,-0.569181427971,3.064925229415,1,-4.343787050566
development-192,0.829385066708,2.417852392991,1,-1.057033501822
development-193,-0.944051678058,1.803952445716,1,-4.482589732066
development-194,0.369172214855,2.531738018709,1,-0.780839248836
development-195,-2.234179144004,0.225003757854,0,-4.573235698512
development-196,-3.565365516851,-0.594693046643,0,-6.858334214651
development-197,3.075020529757,1.315848283819,2,4.411708939312
development-198,1.773265507322,-0.361140770589,2,3.961253695279
development-199,-1.667726972830,0.010468944718,0,-2.734570306724
development-200,2.524500951113,0.308656557172,2,4.736443839006
development-201,3.275002597959,0.766148352875,2,5.424543448298
development-202,-3.357052599491,0.071325957596,0,-6.180178463960
development-203,-2.722372596649,0.589380654306,0,-5.880225316253
development-204,2.756040503986,1.064069278588,2,5.639060118722
development-205,0.032229929799,2.704162293796,1,-2.944620445771
development-206,-2.431719343927,-0.453333358435,0,-4.747018881598
development-207,-2.951872390832,0.339497441262,0,-6.253260578017
development-208,-3.125911327746,-0.156068625401,0,-6.102184552765
development-209,3.356767286119,0.385149832137,2,6.591901691587
development-210,-2.575330032526,-0.333202971026,0,-5.471338464342
development-211,-1.065562795896,2.880051223370,1,-4.560351244285
development-212,2.918331758838,0.041689558580,2,5.754912710074
development-213,-0.265861111379,2.885832080351,1,-3.621477134387
development-214,3.286110816294,-0.329799686628,2,6.500253213950
development-215,-2.550979041713,-0.239880582486,0,-5.204921521890
development-216,3.872964775772,0.025573021917,2,7.560820571919
development-217,-2.867385392562,0.389183471377,0,-5.943251326981
development-218,1.133825871566,0.781708101201,2,1.537434482775
development-219,2.823842199994,-0.292963674676,2,6.008158453950
development-220,2.170205648351,-0.115799576407,2,3.969357756766
development-221,-0.171692434325,3.677836524182,1,-4.038628182634
development-222,0.091676437452,3.890478354910,1,-3.649497427888
development-223,-4.159314339512,1.220976828294,0,-8.821185625911
development-224,-0.810800952513,4.169284520754,1,-4.881296421887
development-225,2.972260136088,0.713827893096,2,4.909808033425
development-226,3.481762251330,-0.958820392833,2,7.802331035264
development-227,-0.342215267387,3.352325405043,1,-4.162314752893
development-228,0.355141765537,3.473908773570,1,-2.970239826170
development-229,-2.854405447856,-0.607852317703,0,-5.144251440707
development-230,-0.695737213100,2.961540082139,1,-4.093899858186
development-231,2.587574136405,0.650432583179,2,4.711049857288
development-232,4.288883876542,0.650920703673,2,8.071316944818
development-233,-2.717490906508,1.281724809899,0,-6.573835953739
development-234,-2.946623244244,0.453224506684,0,-6.518504183974
development-235,4.210250904586,-0.493865364052,2,8.828409229597
development-236,-0.787109375517,3.609902327243,1,-5.462914776593
development-237,-4.149966529780,-0.684561118492,0,-7.730008750710
development-238,0.311533640240,3.215491128612,1,-2.614483898623
development-239,-3.335542362312,-0.988829739961,0,-5.093519273329
