id,x0,x1,x2,x3,z0,z1
audit-000,1.755408595293,0.816056678017,0.453909112984,-0.661298525410,1.127672729137,0.316696791473
audit-001,0.269476842003,-0.677994107165,1.110853349920,0.371605161665,0.243550598929,0.892312380428
audit-002,-2.332388324559,-1.041872472665,0.027953420646,1.168500853962,-1.463398788476,0.176680675788
audit-003,-0.853258432289,-1.810928539871,2.288674106546,2.209282747722,-0.727639217279,1.974671119948
audit-004,1.617806352054,0.600704007695,0.926284771795,-0.484200321981,0.908218570167,0.534165713564
audit-005,0.605392132489,0.269676920046,0.886788757040,0.196925326460,0.417719375024,1.126199479232
audit-006,-0.078914098018,-0.944926024702,0.446718332880,0.437832948995,-0.439017704182,0.355280570043
audit-007,0.048681533031,0.900551473730,-0.392886412155,-0.222268099529,0.254042970108,-0.119844478784
audit-008,-1.565741417199,-1.842266369089,0.624281413723,2.037465455451,-1.222155463094,1.089947724761
audit-009,-3.907342764672,-2.101326381359,-0.651913479404,1.956689355014,-2.380744624583,-0.153929967485
audit-010,-0.587706822492,-1.109882229789,0.514903184527,0.915516774657,-0.348761153233,0.721852224792
audit-011,0.746105819839,1.077173337333,-0.755227666781,-1.341864787115,0.785779334007,-0.778849219196
audit-012,-2.047787441742,-1.013818790137,0.032314183322,1.229400848278,-1.395434721577,0.137691880927
audit-013,0.733721638387,0.037097119186,0.939258303925,0.116568942180,0.366873507216,0.457886946118
audit-014,-0.252547534117,0.912241563066,-1.693036228369,-1.271644311864,0.146558454651,-1.430595908547
audit-015,-2.028874573695,-2.164099476096,0.805701639555,1.693294102623,-1.373742541941,0.681101483334
audit-016,-1.686958562329,-1.967259808443,1.727543268632,1.925447433154,-1.238743228280,1.430926147062
audit-017,-0.061868738418,0.676255117548,-1.420003810285,-1.288816986556,0.278179158673,-1.038603882410
audit-018,-0.020422366699,-0.774012819414,0.787061493671,1.354617082000,-0.234384962072,1.169544049304
audit-019,-0.850883707496,-1.610186766708,0.610127075843,1.211093643517,-0.946826009321,0.618267758120
audit-020,2.372752866447,-0.186579948242,2.511177478665,0.505287414339,1.351520072966,1.625573930060
audit-021,-0.182907325037,-0.660297521671,1.160221783703,1.208608845963,-0.097954974160,1.172795816448
audit-022,0.270204894377,1.373853547811,-2.050717175646,-1.632070037849,0.379322875372,-1.796436325746
audit-023,2.471762984319,1.602422929848,-0.206975265327,-1.614786508541,1.871423053266,-0.355595177884
audit-024,0.299802067636,1.148598240423,-1.947896562098,-1.442804522775,0.308599484735,-1.357830061620
audit-025,0.612189614397,0.824338976497,-1.225421351949,-0.854759851504,0.298888853380,-0.688363753033
audit-026,1.089512588466,0.770110481051,0.722073569593,-0.248615923810,0.851235268272,0.344608082470
audit-027,-0.049517325042,-0.563818102547,0.606154201968,0.536539356395,-0.268577441289,0.486507344401
audit-028,-0.283980304150,0.487313048017,-0.713799697025,-0.709533275315,-0.072695590296,-0.621638753146
audit-029,-1.255684028118,-0.685623306812,-0.977764734393,0.455789087094,-0.973748471760,-0.567455682527
audit-030,-0.331173631273,0.207714336679,-0.658299534040,-0.507590661692,-0.137925696130,-0.487465096214
audit-031,-0.400411314074,0.939672037635,-1.448808676439,-0.996995603101,-0.107169189020,-1.261112465411
audit-032,0.782327328184,0.740652948682,0.047483138915,-0.762851167153,0.656957913155,0.226284642218
audit-033,0.829684495213,0.809735435079,-1.681756242485,-1.671306009819,0.800873277920,-1.100284464466
audit-034,-1.417544898130,-1.121336978765,0.520138985818,0.881293201550,-0.963437177250,0.465457529189
audit-035,-0.848475814306,-0.524946310282,-0.430837601979,0.610860296493,-0.891715410698,-0.086995473573
audit-036,0.159598301165,0.529367370654,-0.909062636346,-0.364838235044,0.331623095853,-0.790517519429
audit-037,-0.734002290722,-2.205812134914,2.698867359389,2.729711432647,-0.946931435025,2.280783327361
audit-038,-0.888114022269,-0.087764568498,-0.377676765612,0.174856829665,-0.566833904286,-0.257492771276
audit-039,-0.013508055409,-0.093172681488,-0.032599265990,-0.914730861480,0.195619976741,-0.089006858959
audit-040,0.605138690697,1.429967772682,-1.347780903093,-1.269412251151,0.417494032905,-1.507411584174
audit-041,3.973419023617,1.169024091258,2.720908750989,-0.461651053390,2.730006052413,2.085043128445
audit-042,-0.897049049796,-0.270435865377,-0.802926992184,0.246292412279,-0.487685654267,-0.385872905793
audit-043,1.741088803576,1.385468644082,-0.080758182899,-1.077358355268,1.146084721297,-0.101309904474
audit-044,-1.991677684107,-1.328086379104,-0.135372562494,1.346064829381,-1.404807919301,0.074752276737
audit-045,0.849422641674,0.538763683094,0.224468320961,-0.322876402371,0.442127980148,0.459277667233
audit-046,2.700474539899,2.935087292548,-1.328037882231,-2.573129723144,2.045815394976,-1.175764758838
audit-047,-0.548443656912,-1.269443931778,0.636128049804,1.628969674655,-0.711854968181,0.914265137210
audit-048,2.431109142008,1.575518807913,0.762853391815,-1.276444172540,1.997768541103,0.433583173098
audit-049,-1.450898409904,-1.875649790114,1.850061462832,2.348890142306,-1.126797958864,1.540017137104
audit-050,-1.171633909737,0.573802951507,-2.250570904873,-0.420906504166,-0.902758411705,-1.692686384603
audit-051,-0.696220743429,-0.971878889797,0.126405503381,0.239096921332,-0.370042802899,0.088117014771
audit-052,-1.191584186634,0.281013437294,-1.631751300190,-0.509634880306,-0.791239915725,-1.348315872327
audit-053,-0.422208036846,-0.241126791026,0.712989265165,0.946879248573,-0.276630338320,0.611554401690
audit-054,1.309255555260,1.432090316828,-0.796784228308,-1.284647295878,0.965705600492,-0.616965008512
audit-055,0.669742309458,0.853332832715,-1.003856663236,-0.753417362297,0.452132039060,-0.903142727197
audit-056,1.577825125828,1.684485536403,-1.080693861654,-1.851444397288,1.283863936719,-0.999137871809
audit-057,-0.052479122707,-0.706662466367,1.043876157724,1.144645594172,-0.008991184676,1.072491207468
audit-058,1.552621039810,1.178125495105,0.521525650453,-0.356363191310,0.983664497447,-0.008568756868
audit-059,-1.768063934919,-1.344808035211,0.413165236928,0.679755562293,-1.214039414338,0.256223729884
audit-060,0.353826914319,1.583912486879,-2.628246085059,-1.731228936032,0.411849312527,-2.235878971105
audit-061,1.926353829155,0.565471741224,1.209004363009,0.179710126458,1.183569426716,0.921575401858
audit-062,2.274736948463,1.775316389620,-0.546479766044,-2.176039167465,1.822242635766,-0.707401946338
audit-063,-1.794280272953,-2.176400587427,0.437366004496,1.780710265496,-1.608234036144,1.066823658115
audit-064,2.623582045902,1.798524214593,-0.565541022976,-1.887643337354,1.602174464994,-0.280733262939
audit-065,-1.531454972209,-0.555965366603,-0.845729499671,0.032397439958,-1.187089476239,-0.719298362998
audit-066,-1.806275868068,0.219741385820,-2.106993453898,-0.649983422651,-0.942450325832,-1.724733071396
audit-067,1.883266405947,1.538592702188,0.821020011986,-0.622808379306,1.564189474031,0.142960377560
audit-068,-0.897111420917,0.031772274562,-0.539567965471,-0.346188136350,-0.398095491791,-0.570906766866
audit-069,-1.194073770923,-0.600471575920,0.428678316061,0.513172832823,-0.684222740815,0.198336937074
audit-070,1.348366201541,0.688635941882,0.679705513510,-0.255577651071,0.976808230987,0.550873089553
audit-071,-0.272470380583,-0.127216875909,0.641239384548,0.260049057529,0.038235993047,0.513005165191
audit-072,-0.321015118873,0.411660303121,-0.907599618009,-0.479846158973,-0.229049606468,-0.648230581186
audit-073,-0.916832760679,0.188990061545,-0.968782609405,0.399186204777,-0.564739979665,-0.850534544898
audit-074,-0.337182735865,0.401073077726,-0.112769700248,-0.151167536743,-0.243692305912,-0.306238618600
audit-075,2.055238806676,1.101147841331,0.054350993729,-0.864286510395,1.412976219086,-0.194690721923
audit-076,-1.975312401491,-1.317188085805,0.063015488914,1.553362031438,-1.433635795423,0.208795679860
audit-077,-0.876446327477,-1.351622256866,0.710947797832,1.112847117603,-0.791092061819,0.509391132741
audit-078,3.208359015080,0.036202572623,2.961944199812,-0.246746516483,2.073361158405,2.127097169669
audit-079,1.258444426678,0.000913644221,1.434797537869,0.269028316467,0.661310421318,1.179850502310
audit-080,0.601337030659,0.629443434907,-0.102828694425,-0.558888235722,0.549434381188,-0.287526724849
audit-081,0.459130321104,-0.104014071348,0.726409559554,0.498600776434,0.275026446388,0.512157958877
audit-082,0.935013292247,-0.697874320379,2.746231094110,1.369968317390,0.379713948362,2.270238178529
audit-083,-1.131147080308,-0.677941773614,0.423011149116,0.303072271509,-0.824103398187,-0.244930287596
audit-084,-0.606293668824,0.534056132194,-2.075158329760,-1.237858665116,-0.228359777329,-1.734556443111
audit-085,-1.967518495097,-1.348613777719,0.645695787430,1.103352203130,-1.139871647731,0.692694560005
audit-086,-1.482326033726,0.193422794841,-2.114150467878,-0.705557608600,-0.600270669785,-1.547917837210
audit-087,-1.693996102791,-0.446071926991,-1.178905026747,0.073495552012,-0.988630310092,-0.853162692726
audit-088,-0.093385093065,-0.702007420291,0.818974242020,1.152674159092,-0.317110477007,1.081234324376
audit-089,-2.628206566423,-3.637793784202,2.411990844005,3.605401600378,-2.373724544697,1.933832102734
audit-090,-0.064378699192,-0.407812159738,0.988808888671,0.133952000390,0.172540221678,0.616711944328
audit-091,0.275893071573,0.676846251770,0.148962171111,-0.170039522186,0.262255984720,-0.173939360341
audit-092,0.046654412723,-1.072938692763,1.612626829824,0.824696392702,-0.300386155819,1.219618627543
audit-093,-0.800936265757,-0.664570846775,-0.371199235973,0.556467479636,-0.981513628473,-0.190117549768
audit-094,1.426121020877,0.816338510124,-0.358984157723,-1.350973737993,0.900375150321,-0.416642034990
audit-095,2.662417136331,1.426309275191,0.264197871790,-1.510851141772,1.932019241430,0.131621234808
audit-096,-0.235489553837,-1.085454573501,1.616218821626,1.313266230012,-0.382977787647,1.172862966992
audit-097,0.079894810770,-0.182833259644,-0.393725675368,-0.341129637198,0.014801992972,-0.235043673626
audit-098,-0.636778645663,-1.357467738793,0.505688749339,1.111740970646,-0.652268461658,0.765877333734
audit-099,0.043890261721,-0.597957676945,1.403686528305,1.374648291126,-0.228251556851,1.207079476605
audit-100,2.533150059163,1.157872971676,0.410766266073,-1.341772592028,1.899104429222,0.288089907121
audit-101,0.539217345696,-1.210487999511,3.750087966580,2.429181347278,0.002507321143,2.850129652850
audit-102,0.453548078155,0.926502401724,0.042528363743,-0.603322832060,0.681191884995,-0.156455619210
audit-103,-4.992139023347,-3.603524123654,0.293575902224,3.145695701858,-3.840987156054,0.649946384326
audit-104,2.811651381430,0.048581494263,2.250737441357,-0.586446269564,1.656580428510,1.463942334742
audit-105,-0.925539176890,-2.101726384055,2.426169986816,2.402269623019,-0.974833979317,2.363248261330
audit-106,-0.306454495657,-0.515877907348,0.505642785043,0.859354870194,-0.430752831371,0.640660699453
audit-107,0.478124118399,0.061739081170,0.289968119521,-0.065689548752,0.393968529066,0.110651012997
audit-108,0.641262549670,0.056584321554,0.112724654191,-0.288468877270,0.193094238115,0.210787275433
audit-109,-0.718156559907,-0.728224453459,0.927704782330,0.712731482787,-0.429353740358,0.554398983905
audit-110,1.017400018245,1.690134846674,-1.536942073009,-0.892033943889,0.807125198922,-1.044412091376
audit-111,-2.720548057081,-0.436284777773,-2.704581494085,-0.568654679443,-1.630375511839,-2.050874175878
audit-112,-1.724708969295,-1.722010710903,0.891456069098,2.117046726655,-1.561453289805,1.067957954723
audit-113,1.119471108019,0.098946754745,1.363464930448,0.341834669183,0.689412576359,1.008740879391
audit-114,1.797752254440,0.212202981720,1.368099363928,0.203417781439,1.059744387379,1.228761514386
audit-115,-1.687158079254,-1.552580434065,0.645403995201,1.413482920594,-1.357586278145,0.783735361324
audit-116,0.049235183297,-1.259613655797,1.512032374491,1.674304586595,-0.102971175564,1.651083754355
audit-117,-0.911011240846,0.832572426360,-1.092214097610,-0.105096364562,-0.175293824516,-0.760949575120
audit-118,-0.835313333460,-0.367050785098,-0.651354906250,-0.004824853857,-0.736240668155,-0.623465854121
audit-119,0.925031086399,0.282967098227,0.744990844515,-0.094934554464,0.768036344302,0.765639351876
audit-120,-2.713625712879,-1.112385234470,-1.040295786852,0.768544485385,-1.955281399952,-0.740152175478
audit-121,2.295934834232,0.811928651151,0.701932673862,-0.157572737008,1.370211245476,0.781790034587
audit-122,5.592446955224,3.770844413599,0.157391814751,-2.735663481885,3.794886982772,-0.155887375176
audit-123,0.671832930121,0.146691546185,0.859373629682,-0.194325370863,0.356980309650,0.384159811884
audit-124,1.346406225976,1.723945498554,-1.572437059561,-1.445883618624,1.074355322003,-1.120746069379
audit-125,3.157312942005,1.201006156152,1.209205948578,-0.553738581954,2.039180212998,0.821129434304
audit-126,-0.737886225913,-0.716963558834,-0.265358647909,0.587225399394,-0.666445826005,0.274007919380
audit-127,-0.338759245638,0.297645461313,-0.385400929635,0.003895156872,-0.205964955764,-0.172461428072
audit-128,-0.054452581437,-0.950551593730,1.160826132854,1.024603605244,-0.152785254440,1.041956927701
audit-129,-0.808264449675,-0.049534213575,-0.950581057531,-0.141690319434,-0.654893999932,-0.792682569116
audit-130,0.272265951724,0.407256647483,-0.877609507231,-0.926355403156,0.186846992658,-0.501024560562
audit-131,-1.396586599595,0.469361117073,-2.415947994747,-0.576782103875,-0.701345438065,-1.930312613649
audit-132,1.815877244994,1.120242296718,-0.326079856533,-1.211152147884,1.312527395852,-0.379314967878
audit-133,-2.246192271636,-0.318490027018,-1.528654013044,0.014182331320,-1.156358964819,-0.971944293197
audit-134,0.638286749560,1.196835709837,-1.503843037223,-1.214063570175,0.712574151343,-1.103876016474
audit-135,-0.355586084329,-0.598839796988,0.689926158958,0.957062824670,-0.424995674198,0.694415741360
audit-136,-0.461762681442,0.247220938480,-0.678782723385,-0.238031963410,0.022359165519,-0.592121907654
audit-137,-0.163121201517,0.303089458316,-1.303155969852,-0.666976471586,0.087031712958,-0.654374044761
audit-138,-1.692386446586,-0.978012135481,-0.490504104054,0.706591449920,-1.285149710918,-0.384037462701
audit-139,-2.465762591583,-3.182696929818,1.156448365076,2.818909916015,-2.157775427549,1.269126263746
audit-140,0.569994064979,-0.756639731364,1.709334059741,1.162032863475,-0.081369529116,1.275353980099
audit-141,-1.522133696698,-0.588302751891,-1.270335924041,0.121255022532,-1.112080745320,-0.690448784334
audit-142,-0.983245267108,-1.363691763180,1.007534715021,1.256532196460,-0.857871569673,1.103479944386
audit-143,-0.176290984004,-0.007279792760,-0.214679420236,-0.297991920581,-0.130440447863,-0.247740873374
audit-144,0.678173664371,0.540318795228,-0.410680950544,-0.644336090366,0.474934893583,-0.341796158077
audit-145,2.254445290312,0.702198081437,0.710315295144,-0.610981849427,1.224591590259,0.401599365606
audit-146,0.497423687882,0.526208715208,-0.760682122369,-1.250435588590,0.734844693119,-0.593467506910
audit-147,1.052870490972,0.503854558483,0.653097142696,-0.315401887990,0.697644887555,0.324546182146
audit-148,0.960222678842,1.773184525339,-2.025523951605,-1.713117629381,0.910158117450,-1.775388866778
audit-149,-1.718576454535,-1.975821401716,1.780030758080,2.371856011662,-1.405851258452,1.576160744755
audit-150,-0.094335279787,-1.006107375559,1.660282447164,0.652046335030,-0.053863601622,1.220272660754
audit-151,0.651717885673,-0.472607495326,1.569211919946,0.958676849387,0.119885349661,1.550481646834
audit-152,-0.174066150113,0.951011311779,-1.643543944182,-0.809527325235,0.048748173713,-1.423063412318
audit-153,-2.395864658335,-1.024630892227,-0.220238534166,1.306210912487,-1.614057266727,-0.246584110040
audit-154,1.713477154580,2.561995180240,-1.957515290015,-2.176093691602,1.262016779516,-1.693605623225
audit-155,1.702943181259,0.892481908352,0.741293216427,-0.865906107173,1.641259183688,0.489107126166
audit-156,0.455278292122,0.500041185000,0.043623376090,-0.401639003104,0.408788646542,-0.271073826716
audit-157,2.083622007546,1.686311221068,-0.651667104276,-2.097238138571,1.546340682913,-0.908344266450
audit-158,-1.549455150933,0.619444933127,-2.770782013729,-1.117498958045,-0.926487431803,-2.126580963592
audit-159,-0.944001147734,-0.458110834092,0.073364750745,0.803936573707,-0.533822879919,0.274919611346
audit-160,-1.130186337731,-1.112838541806,1.489900599882,1.562451154466,-0.778338705307,1.469997986424
audit-161,-1.685971916608,-1.472596410596,1.173727948565,1.866066611599,-1.251864590029,0.888044790891
audit-162,-1.580793232172,-1.332811592420,0.835892866980,1.490770681766,-1.101798566786,0.636075178518
audit-163,-0.493414064781,-0.717463391136,-0.689582673502,-0.233989538527,-0.232050841591,-0.465946390962
audit-164,1.390440945285,2.719651144329,-2.433267119317,-3.051249841677,1.759498664186,-2.132576984611
audit-165,-0.504924393067,-2.768871831152,4.267193358078,2.902938454886,-0.663684730504,3.389818284988
audit-166,2.855213968895,2.690279333582,-1.065376006880,-2.069854689081,1.914235360142,-1.089244453517
audit-167,0.288134461135,-0.482352517877,0.401287148261,-0.185251344537,0.377523079497,0.290094594786
audit-168,1.091373962382,1.059212300558,-0.724218325543,-1.164320710262,0.902218583548,-0.440436844526
audit-169,0.798433876023,0.217200893117,0.527183830389,-0.155887397268,0.789034071136,0.453661035515
audit-170,-0.873378877358,0.071403524005,-1.810334195680,-1.122478492590,-0.500155395903,-1.372323254802
audit-171,-0.524846156771,-0.408119888630,-0.361191242363,0.019841662133,-0.487600367018,-0.221841673675
audit-172,-0.915861394057,0.107304724622,-1.848960360735,-0.675154438784,-0.431009923870,-1.043175780131
audit-173,1.085263759533,-0.100605535138,1.845607929298,0.638677654222,0.922959569805,1.310956811545
audit-174,0.038268534781,1.350088508158,-1.740214006068,-1.227161574142,0.446760330410,-1.395543817853
audit-175,2.613372662766,2.919036764802,-1.344063726772,-2.799553044883,2.160922364701,-1.464212248366
audit-176,-0.825439643094,-0.126655646715,-0.480585877477,-0.070395473873,-0.523266549599,-0.460501063719
audit-177,-0.653949947578,0.331472985814,-1.820895859380,-0.588912167025,-0.384735171546,-1.191744734595
audit-178,-1.231483144012,-1.475853630684,1.329754203925,1.716376503626,-0.996598524157,1.076667941984
audit-179,1.049469690333,2.038639191020,-1.516670553526,-1.730780077877,0.888228491287,-1.770991001621
audit-180,1.614235176575,-1.219159290922,3.148936168861,1.652875614527,0.725219876673,2.705994518664
audit-181,-1.124626515323,-0.515254693844,-0.390082421153,0.776865563858,-0.914964610833,-0.372714457873
audit-182,1.566546907316,1.015097976238,0.152734996281,-1.186631269616,1.179107404671,-0.027149827942
audit-183,1.031199444265,0.325997113341,0.603819464067,-0.309919762954,0.593101193558,0.332185882407
audit-184,-0.612824610559,-0.361952583853,-0.642021508507,0.257036219059,-0.369117382869,-0.199545642685
audit-185,1.395993473279,1.179533919676,-0.916958432298,-1.214483953993,1.166348602819,-0.800765512252
audit-186,2.119256842318,1.520205710093,0.504879987632,-0.853397377101,1.531299112687,-0.153099619064
audit-187,0.855300239804,0.853688391494,-0.955330209527,-1.021988348422,0.429929648722,-1.166144067924
audit-188,2.735772436817,1.896858718022,0.519482184393,-1.037289199399,1.903144023674,0.279288995443
audit-189,0.529600909708,-0.044063823993,0.037905732070,0.074932171154,0.178530963603,0.159580146700
audit-190,-0.197203032601,0.038970946342,0.370403470856,-0.655495852564,0.001341820021,-0.028915638582
audit-191,-0.300283075885,-0.571741229749,0.376841213013,0.662069129833,-0.352652664292,0.322288354369
audit-192,1.850537968327,0.582538568980,1.003872429133,0.129354920593,1.013830162550,0.915307784994
audit-193,4.084222351798,0.694334405162,2.985178662007,-0.018962925439,2.441615706800,2.055950788687
audit-194,0.347811407112,-0.456258551695,0.147554357201,0.139264641863,-0.087850579529,0.321941916644
audit-195,-1.065773482917,-0.746823475736,1.006619595735,0.972175336781,-0.642226488189,0.868974061112
audit-196,1.660798622635,1.550401434919,-0.060961981842,-0.893391658604,1.177601927760,-0.277659679179
audit-197,1.285540159076,1.555119858033,-1.299633243875,-1.893040893379,1.162769159756,-1.213276869144
audit-198,0.039532609317,0.612870122956,-0.544515772069,-0.502462854479,0.192237724493,-0.576251398272
audit-199,-0.726458645316,-0.776990523924,0.367917252534,0.545552316158,-0.541393858315,0.101926348118
audit-200,1.126327535465,0.901003648305,0.139479718673,-0.948045676295,1.122556644969,-0.148806760298
audit-201,-3.067513536410,-0.558055178209,-1.697779824152,0.168504406788,-1.702443450097,-1.414676075614
audit-202,-2.695935467349,-1.739995254359,-0.359329700831,0.986776047638,-1.750591721678,-0.329620713016
audit-203,1.293058005693,0.898575336761,-0.798184673597,-1.020639646463,0.500814981355,-0.700638197488
audit-204,-0.758847438262,-0.251855008406,-0.067910021419,0.473341158267,-0.607687455237,0.029108914186
audit-205,-0.042479691034,-0.659482326002,1.138692768715,0.892442260246,-0.331795164242,0.971901745008
audit-206,-0.771234093535,-0.051795654055,-0.861646742402,-0.026370472339,-0.527160158704,-0.653804488476
audit-207,-2.370400958804,0.083200741187,-2.116236129224,-0.118350928944,-1.118393509694,-1.593761293477
audit-208,2.624788811209,0.575746880268,1.713773493450,-0.484802689521,1.538550797166,1.017163366470
audit-209,-0.606688191799,0.222481796908,-1.095931782284,-0.472524415535,-0.339503701594,-0.727661974773
audit-210,1.342815822308,0.876526091532,0.973902427383,-0.212830703322,1.067549957297,0.624379965273
audit-211,-2.262181108998,-1.198183417233,-1.211566886108,1.013041527200,-1.614308004341,-0.598298269394
audit-212,1.780738684249,1.484013660183,-0.975877403303,-1.438201238615,1.130796353468,-1.091234677567
audit-213,2.797124103724,1.579469105206,0.189114867517,-1.531085765738,1.922244931314,0.020007488958
audit-214,-0.563346704551,-0.303311687705,0.393620090992,0.035325542847,-0.103373640019,0.495913733563
audit-215,-1.240874420004,-0.892314521472,0.263758466384,0.834442479337,-1.055009087182,0.276865122895
audit-216,-3.114260924476,-3.337454709505,1.914686887156,3.813011218825,-2.653008875660,1.785879506627
audit-217,-1.356641135803,-0.863117391499,0.779525717691,0.671565088417,-0.942487035318,0.195151807477
audit-218,-2.838636904295,-1.650065106852,-0.227922589397,1.379724732591,-2.036567620361,-0.228816024808
audit-219,-2.046574976463,-0.935369889814,-0.339014581447,0.690531206910,-1.086045731280,-0.001626098152
audit-220,0.915006238448,1.724343864144,-1.020424535931,-1.846115667909,1.082241287776,-1.080601827033
audit-221,-0.112144870184,-1.404468362554,3.111993944806,2.049658839100,-0.150909013135,2.441388633104
audit-222,0.548683128992,0.899421790144,-0.898895957173,-0.754789020362,0.700255864379,-0.477417786143
audit-223,-0.661901533338,0.281231734725,-1.738936846757,-0.586238669193,-0.487405106544,-1.441145658490
audit-224,-0.519694112940,0.059551305998,-1.587100417641,-0.549451175469,-0.230280142067,-1.039594679150
audit-225,0.005483014085,-1.184068225932,1.157327955197,0.718379131654,-0.431599645743,0.871451801671
audit-226,0.486614793981,0.772433237267,-0.336732217112,-0.900156754145,0.609134298126,-0.189414701113
audit-227,-0.620023436876,-0.492741205208,-0.476157719310,-0.114869168801,-0.486119019980,-0.497359139597
audit-228,-2.598427304965,-1.263951208540,-0.444179596035,1.012371993290,-1.712438126172,-0.118245808665
audit-229,-0.109907894994,-0.929790164326,2.244460726322,1.203718106555,-0.323333716791,1.507674497028
audit-230,-1.220535896159,-1.690521481150,0.319927044523,1.418896890088,-1.232755917951,0.523006836437
audit-231,-0.363172431833,-0.877296516711,0.073621684641,0.683902474743,-0.482074132560,0.208283313557
audit-232,-0.739067490437,-0.809684322436,-0.219591237336,0.109979720177,-0.619796426070,-0.069831630929
audit-233,0.833594168071,0.214666075529,0.277091029786,0.016859460403,0.555320697121,0.354809911771
audit-234,1.486860351911,1.525268984283,-0.516016326762,-1.239808653150,0.987321459277,-0.578856962163
audit-235,-1.053662079387,-0.354048900182,0.182533727121,1.240332204888,-0.689163369486,0.272008871259
audit-236,-0.699937667571,-1.402463050048,0.655759364895,1.140100243492,-0.892341587298,0.755165958532
audit-237,0.797489527054,0.319766515034,-0.033530796125,-0.993449939506,0.255766931109,0.058402788640
audit-238,0.524143772393,0.578482505977,-0.851382111044,-0.359068186363,0.308688920465,-0.360620610837
audit-239,1.958848832060,1.389477108173,-0.211932795508,-1.057323675035,1.534315692809,-0.393377640607
audit-240,-0.820606660035,-0.168728458770,0.107382764458,0.252605475198,-0.494676859913,0.057439295774
audit-241,1.000601491543,1.151828151826,-0.704044475620,-1.621325693723,0.917723305142,-0.731503118438
audit-242,1.940173641952,1.361437497347,0.367049389241,-1.554709957486,1.670860027979,-0.251834494204
audit-243,-1.467166277539,0.010808514090,-0.819017210590,0.143670526688,-0.510916315979,-0.619634587069
audit-244,-0.564810772946,0.192312191471,-0.305208146810,0.068941066741,-0.133187129546,-0.358836801868
audit-245,-0.199782749755,-1.958459749708,1.693964031939,2.123082451927,-0.479897090410,1.768694676215
audit-246,1.831840650342,1.632095105904,-0.716776120284,-1.692305351585,1.470885506435,-0.517280521705
audit-247,1.127189261962,1.695749160519,-0.786268022818,-1.979705453815,1.166114715568,-0.938183689549
audit-248,1.098866278277,0.466172555398,0.412776635996,0.246454416113,0.534754870214,0.379922837806
audit-249,-2.598084176072,-1.299671517598,-0.130217137367,1.364634527956,-1.658585974863,-0.000411435197
audit-250,-2.276570987542,-0.751992399039,-1.828684195372,-0.455427912987,-1.482235889192,-1.638859529223
audit-251,-0.031102884614,0.308239505304,-0.638406032162,-0.492496518230,0.128850624865,-0.524195453900
audit-252,1.316327671591,0.832884793750,0.643722991621,-0.173729551250,0.942980604305,0.680021201527
audit-253,-0.706171768594,0.009431146723,-0.663258657053,0.210999445361,-0.608384583719,-0.631254324768
audit-254,-0.541868231323,-1.576642786174,1.511150544306,1.225916763773,-0.700935830847,1.088672733843
audit-255,-1.716956102052,-1.485113167335,0.817885812484,1.322576633812,-1.172579678366,0.820135272718
audit-256,-1.645573785958,-1.282357832560,0.199857358810,0.807627683061,-0.829826185238,0.124513944512
audit-257,2.838511271465,1.596085090293,0.862819523498,-0.939740986044,2.092929913943,0.695294349069
audit-258,0.943830159807,1.668965007563,-2.473272464273,-2.078656497725,1.097428117455,-2.081518635269
audit-259,-0.088210850720,-0.612480104410,0.817566495128,0.487524200832,-0.206938755853,0.493846756061
audit-260,1.233502945665,0.470823884627,0.958798889671,-0.584485855147,0.895395308018,0.301292508736
audit-261,1.143648955031,1.105990426292,-1.203678106230,-1.658314682035,0.776796943213,-1.195183822752
audit-262,0.750792888119,0.730316827668,-1.080467622291,-1.024789512925,0.309945411530,-1.045066596697
audit-263,-3.045226991166,-1.250869743837,-1.462367648097,1.182077597143,-2.065847386621,-0.840556683079
audit-264,-2.215128545572,-1.394172696384,-0.110814862922,1.313886174367,-1.511708491246,0.231211003030
audit-265,1.272693446350,0.472712801481,0.033438392160,-0.690271495732,0.584682479664,0.145570792307
audit-266,0.040535449655,0.878518340885,-1.731738266169,-1.512579294483,0.207905092319,-1.616217145467
audit-267,-1.810616596115,-1.997238446126,2.116820714907,2.274202995688,-1.287388716551,1.622500122025
audit-268,-0.682878771906,-1.291687598225,1.006819898615,0.767861154164,-0.664460908417,0.686183706100
audit-269,0.660436543879,0.755085583380,-0.277786955657,-0.074475865828,0.374229948353,0.076574178159
audit-270,-0.173112752684,-0.591146292083,0.168385096245,0.288513562580,-0.388782467728,0.318016949709
audit-271,-0.056558778900,1.020747453972,-1.546098646756,-0.931923285692,0.091213759807,-1.238302778470
audit-272,-0.802604127077,1.731481029394,-3.347578618152,-2.393872264671,-0.170299277751,-2.538939267335
audit-273,-0.623153544061,-1.413203675458,1.458067571861,0.733001615929,-0.612229102715,0.955484394319
audit-274,-1.574216223000,0.238666173068,-2.267171447670,-0.544519206659,-0.809362892864,-1.703743570828
audit-275,-1.065505001607,0.962466050863,-2.732663502380,-1.949508532293,-0.460168941328,-2.049433265587
audit-276,2.870991885612,1.782663177657,-0.496751323248,-2.465803579201,2.121490954820,-0.389887255597
audit-277,-0.908852682081,-0.602863231879,0.603696659695,0.296515854497,-0.330478891214,0.438178009637
audit-278,2.787531450959,0.995806394333,1.699168556533,-0.447878023198,1.855285724061,1.210670798682
audit-279,2.231100410061,2.061559496163,-0.715258447756,-1.787488963052,1.469870084286,-0.701714425056
audit-280,1.900905044469,0.119716499881,2.220937070339,0.347129457658,1.385896150258,1.789135413757
audit-281,0.045727149960,1.116681967327,-1.558905319110,-1.073621168464,0.303592426232,-1.257804584728
audit-282,1.286544804691,0.278445751715,1.098787666729,-0.479575751633,0.877670417969,0.875562026046
audit-283,2.327286982760,1.741734567420,-0.416050887049,-2.039261481063,1.830973545840,-0.552467748444
audit-284,1.129135247326,-1.030295255356,2.539455589780,0.874512129269,0.510034821815,2.239062507178
audit-285,-0.076406595674,0.356561599697,-0.187791628329,0.068425698262,-0.438937901180,-0.117342698991
audit-286,0.263237749609,1.404214297970,-1.720429000314,-1.194467592902,0.420694693554,-1.452975825445
audit-287,-0.555353973854,0.448693509711,0.116122635060,-0.066007714435,-0.102999540967,-0.367689036337
audit-288,3.073982113306,1.640560516276,0.737345825734,-0.664002195650,2.089801922054,0.802785624893
audit-289,-0.653441137591,0.235541905802,-1.078351108192,-0.952954337528,-0.421953669030,-0.896915885324
audit-290,-2.067913367807,0.500563612061,-2.853550953707,-0.788262875997,-1.090534330140,-1.980174626041
audit-291,-0.822919867257,-0.678565013619,-0.529239874161,0.464276454084,-0.414577253748,-0.190984285774
audit-292,-0.751554642838,-1.223636263194,1.206554385524,1.140788157672,-0.636779272660,0.752829576711
audit-293,1.282594983861,0.359853542560,0.758018809316,0.000405148395,0.721032771147,0.142804011954
audit-294,2.079341471312,1.229406773721,-0.892207741875,-1.511665858499,1.337132174515,-0.812360368389
audit-295,-0.962623869460,-0.262929971783,0.087127895207,0.301500730987,-0.654105168427,-0.091768851715
audit-296,1.010765945178,1.078285395627,-0.445255186387,-0.439857946494,0.919146872760,-0.301154013321
audit-297,-0.747255730391,-1.241770159954,2.201956825218,1.676018928839,-0.754070144781,1.447565035542
audit-298,1.071198645608,0.200621170704,1.635144649992,0.421137432272,0.713412167923,0.929455227737
audit-299,3.721705095482,1.864787489687,1.479417844818,-1.086900496730,2.475840527663,0.956553950861
