house_id,area_m2,price_wan
H001,65,146
H002,42,88
H003,66,145
H004,64,146
H005,89,188
H006,78,161
H007,83,175
H008,96,194
H009,40,93
H010,45,93
H011,98,214
H012,97,197
H013,79,166
H014,55,125
H015,77,168
H016,98,214
H017,53,114
H018,99,203
H019,91,188
H020,96,208
H021,63,140
H022,40,85
H023,73,161
H024,45,92
H025,77,161
H026,67,147
H027,79,167
H028,54,113
H029,41,96
H030,42,87
H031,94,195
H032,91,191
H033,90,196
H034,94,205
H035,55,124
H036,46,109
H037,97,212
H038,45,106
H039,45,100
H040,94,198
H041,73,148
H042,84,185
H043,46,102
H044,86,190
H045,66,143
H046,74,156
H047,82,177
H048,65,143
H049,76,157
H050,49,102
H051,79,175
H052,79,174
H053,93,191
H054,86,174
H055,87,188
H056,88,182
H057,64,139
H058,85,175
H059,41,98
H060,93,190
