house_id,role
H001,train
H002,train
H003,test
H004,train
H005,train
H006,test
H007,train
H008,validation
H009,validation
H010,train
H011,train
H012,test
H013,train
H014,train
H015,train
H016,validation
H017,train
H018,validation
H019,validation
H020,train
H021,train
H022,test
H023,train
H024,test
H025,train
H026,test
H027,train
H028,train
H029,train
H030,validation
H031,validation
H032,test
H033,train
H034,validation
H035,test
H036,train
H037,train
H038,train
H039,test
H040,train
H041,train
H042,test
H043,train
H044,test
H045,train
H046,validation
H047,train
H048,train
H049,test
H050,train
H051,train
H052,train
H053,validation
H054,train
H055,train
H056,validation
H057,validation
H058,train
H059,train
H060,train
